GIDTR,.pred
1001020900,18.920066833496094
1001021000,16.609575271606445
1003010100,20.317140579223633
1003010500,16.77174949645996
1003010600,24.80427360534668
1003010703,14.565455436706543
1003010904,17.95079231262207
1003011000,16.807476043701172
1003011201,14.722541809082031
1003011601,15.870158195495605
1003011602,9.67448902130127
1005950100,19.824970245361328
1005950900,24.01280975341797
1007010003,25.64565086364746
1009050400,17.75141716003418
1015000400,20.983596801757812
1015001300,19.744644165039062
1015001700,18.052122116088867
1015002101,34.288726806640625
1015981901,23.32402229309082
1017954000,17.350975036621094
1021060300,21.96957778930664
1021060402,19.863601684570312
1023957000,35.775814056396484
1025957500,34.31184768676758
1025958002,41.07925033569336
1027959100,19.269001007080078
1031010300,16.350032806396484
1033020703,19.74928855895996
1033020802,17.433624267578125
1033021000,21.915794372558594
1037961200,27.217958450317383
1039961600,22.891138076782227
1039962100,23.42657470703125
1039962600,20.551015853881836
1041963600,27.89885711669922
1043964700,17.498638153076172
1043965500,14.751445770263672
1045020400,14.002338409423828
1045020801,19.28996467590332
1045021101,32.76054763793945
1045021102,33.87990188598633
1045021300,26.494895935058594
1047956500,27.267269134521484
1047957100,31.37771987915039
1051030300,12.940023422241211
1051031000,20.806346893310547
1053970300,17.672914505004883
1055000800,26.267906188964844
1055001100,12.923209190368652
1055010402,16.50242805480957
1055010602,17.707944869995117
1055010700,16.375951766967773
1055011001,16.5885066986084
1055011100,16.985246658325195
1057020300,16.912158966064453
1059973700,24.179126739501953
1061050100,25.1671142578125
1061050200,15.717013359069824
1065040100,27.535680770874023
1065040300,32.15922927856445
1067030200,18.983598709106445
1067030600,28.42967414855957
1069040400,16.643726348876953
1069041000,23.634050369262695
1069041500,21.120737075805664
1069041900,16.804641723632812
1071950200,18.378786087036133
1071950600,17.575624465942383
1073000100,26.436800003051758
1073000400,24.979707717895508
1073000700,28.314311981201172
1073002306,16.08526611328125
1073002900,26.991682052612305
1073003002,22.978425979614258
1073003200,28.571990966796875
1073003500,26.30039405822754
1073003600,22.556766510009766
1073004500,41.40019989013672
1073004702,20.372140884399414
1073005104,38.697174072265625
1073010302,26.112247467041016
1073010705,16.009143829345703
1073010802,10.284228324890137
1073010803,18.698579788208008
1073011001,19.76003646850586
1073011002,23.426753997802734
1073011109,13.051752090454102
1073011206,17.063016891479492
1073011210,28.8566951751709
1073011703,17.395360946655273
1073011705,16.681482315063477
1073011706,17.316835403442383
1073012001,17.97957992553711
1073012103,17.280826568603516
1073012104,17.091144561767578
1073012402,22.517974853515625
1073012602,21.594755172729492
1073012704,13.154397010803223
1073012910,18.883237838745117
1073012912,37.019126892089844
1073013801,22.650671005249023
1073014001,16.473649978637695
1073014301,19.57813262939453
1073014405,22.217451095581055
1073014406,11.515575408935547
1073014410,19.491416931152344
1073014413,12.614873886108398
1075030200,14.746136665344238
1077010100,27.2564640045166
1077010300,28.86811637878418
1077010700,25.97355842590332
1077011000,23.323213577270508
1077011101,16.697025299072266
1077011300,26.424551010131836
1077011604,16.55742073059082
1077011700,16.075807571411133
1081040603,31.43306541442871
1081040604,32.65386962890625
1081040902,27.899715423583984
1081041400,24.802003860473633
1081042102,17.51172637939453
1083020101,18.595108032226562
1085781000,30.372024536132812
1085781100,36.77781295776367
1087231500,20.156492233276367
1087232100,24.147314071655273
1089000202,27.190338134765625
1089000301,21.349254608154297
1089000501,20.517730712890625
1089001302,24.178255081176758
1089001700,13.030454635620117
1089001901,10.756449699401855
1089002200,25.44921112060547
1089002600,19.13817024230957
1089002921,19.049468994140625
1089010401,19.9312801361084
1089011012,12.681735038757324
1089011100,26.559572219848633
1091973200,21.528976440429688
1091973300,20.73282241821289
1091973400,19.779077529907227
1093964200,17.298097610473633
1093964500,21.28631591796875
1095030402,15.478309631347656
1095030600,17.96834945678711
1095030903,24.559661865234375
1095031000,18.873329162597656
1095031100,22.449657440185547
1097000500,24.377490997314453
1097000600,30.297395706176758
1097000702,21.768733978271484
1097001001,28.193361282348633
1097001002,22.187911987304688
1097001100,24.715068817138672
1097001501,28.400768280029297
1097002100,24.64395523071289
1097002501,19.29728126525879
1097002700,26.748355865478516
1097003000,21.681011199951172
1097003203,26.231901168823242
1097003404,25.133275985717773
1097003607,28.099199295043945
1097003704,17.245410919189453
1097003709,17.624988555908203
1097004100,27.9217472076416
1097005000,23.099910736083984
1097005200,22.658687591552734
1097006102,19.313743591308594
1097006406,15.164956092834473
1097006407,15.452030181884766
1097006501,19.12890625
1097006600,19.347278594970703
1097007102,22.087934494018555
1097007700,25.854047775268555
1101000100,34.811275482177734
1101000600,26.91034507751465
1101000700,26.663333892822266
1101000900,20.27223777770996
1101001600,26.189481735229492
1101001800,21.16822052001953
1101002300,23.331274032592773
1101002500,25.731325149536133
1101002600,13.883975982666016
1101002800,23.320026397705078
1101003200,22.69148063659668
1101003301,17.424760818481445
1101005101,20.298490524291992
1101005402,24.887100219726562
1101005403,29.893144607543945
1101005410,27.833206176757812
1101005503,16.34065818786621
1101005608,13.890192031860352
1101006000,19.92730712890625
1103000400,21.06367301940918
1103000800,22.204517364501953
1103005103,17.591238021850586
1103005200,18.310039520263672
1103005404,15.596639633178711
1103005702,18.442249298095703
1105687000,35.318973541259766
1111000400,18.000812530517578
1111000500,18.874755859375
1113030200,32.50567626953125
1113030901,20.523561477661133
1113030902,20.98731231689453
1115040103,16.435213088989258
1115040106,17.926057815551758
1115040203,30.278114318847656
1115040402,16.530811309814453
1115040501,16.087112426757812
1117030215,15.626250267028809
1117030303,18.1192684173584
1117030304,9.598163604736328
1117030314,26.25072479248047
1117030320,17.117252349853516
1117030340,17.777982711791992
1117030341,23.028486251831055
1117030609,15.10059642791748
1117030703,18.565290451049805
1117030704,22.962324142456055
1119011300,39.722530364990234
1121010101,20.615507125854492
1121011000,15.749425888061523
1121011200,20.11042594909668
1121011400,29.187423706054688
1121011700,18.696319580078125
1123962300,20.180496215820312
1125010101,12.658509254455566
1125010102,13.900455474853516
1125010303,15.92667007446289
1125010403,22.961471557617188
1125011600,25.33927345275879
1125011701,22.669479370117188
1125011800,26.46902084350586
1125012303,23.844818115234375
1125012305,25.714494705200195
1125012403,26.798643112182617
1127020700,17.87611961364746
1127021600,20.007936477661133
1127021900,19.50640296936035
1129043900,32.13966369628906
1129044000,30.257780075073242
1129044300,28.394325256347656
1131034800,33.12282180786133
2020000102,20.59807777404785
2020000201,21.78628158569336
2020000600,33.677162170410156
2020000703,29.204654693603516
2020000801,29.740161895751953
2020001000,29.205148696899414
2020001500,19.673751831054688
2020001602,24.82279396057129
2020001702,18.25459861755371
2020001801,30.64208984375
2020001900,29.580032348632812
2020002302,23.863603591918945
2020002502,28.056177139282227
2020002601,28.481538772583008
2020002602,22.403505325317383
2020002711,18.100954055786133
2020002712,26.104135513305664
2050000200,38.72430419921875
2068000100,28.346351623535156
2090000500,29.5754337310791
2090000800,23.529891967773438
2090001600,22.73484230041504
2090001900,23.608932495117188
2100000100,24.62754249572754
2110000100,16.930614471435547
2122000200,28.229331970214844
2122000300,23.418296813964844
2122000400,22.039936065673828
2122001300,29.47469139099121
2150000100,26.406274795532227
2150000300,25.05912208557129
2150000500,23.569168090820312
2170000501,26.0915584564209
2170000502,28.585742950439453
2170000601,23.456249237060547
2170000603,25.042152404785156
2170000706,24.46894073486328
2170001001,21.349660873413086
2170001004,18.20389747619629
2170001202,22.245088577270508
4003000302,17.227636337280273
4003001501,27.059324264526367
4003001601,26.34410285949707
4003001800,14.941815376281738
4005000300,30.118337631225586
4005001000,32.440303802490234
4005001301,18.224855422973633
4005001700,28.948022842407227
4007000301,15.894697189331055
4007000302,15.039032936096191
4007000400,13.551891326904297
4007000700,21.617637634277344
4007000900,25.075687408447266
4007001000,25.485065460205078
4011960300,29.295194625854492
4013010101,10.836993217468262
4013040517,20.65776824951172
4013040525,5.659566879272461
4013040527,11.661384582519531
4013040528,5.464173316955566
4013050603,26.159860610961914
4013050605,23.504100799560547
4013050606,19.692699432373047
4013050611,27.956140518188477
4013050701,21.339946746826172
4013061009,20.935123443603516
4013061013,26.651342391967773
4013061018,5.7751994132995605
4013061021,23
4013061029,22.740676879882812
4013061034,28.760881423950195
4013061041,28.327747344970703
4013061045,16.796504974365234
4013061401,29.829675674438477
4013071503,7.916267395019531
4013071515,18.743032455444336
4013071701,25.44462013244629
4013071801,9.682744026184082
4013071802,9.214112281799316
4013071903,22.054590225219727
4013071910,25.71581268310547
4013082002,27.435169219970703
4013082007,25.18939971923828
4013082008,27.617225646972656
4013082010,30.053577423095703
4013082012,28.5153751373291
4013082019,20.56983184814453
4013082028,26.760881423950195
4013082205,30.11634063720703
4013082207,27.262651443481445
4013082208,23.501745223999023
4013082209,18.015417098999023
4013082211,24.83741569519043
4013083000,28.783796310424805
4013092717,33.64598846435547
4013092719,28.12493324279785
4013092720,29.052974700927734
4013093104,34.97315979003906
4013093106,26.309858322143555
4013103303,18.9716854095459
4013103305,29.528770446777344
4013103400,22.273223876953125
4013103612,25.863840103149414
4013103702,22.5484676361084
4013104202,17.874162673950195
4013104203,24.393827438354492
4013104206,20.269895553588867
4013104215,23.769315719604492
4013104219,17.99472999572754
4013104224,24.826087951660156
4013104302,30.109481811523438
4013104401,25.49711799621582
4013104501,32.29917526245117
4013104801,17.194021224975586
4013104802,20.50248146057129
4013104900,18.453458786010742
4013105102,16.31340789794922
4013105501,33.777408599853516
4013105502,40.943580627441406
4013105503,38.965572357177734
4013105702,23.64126968383789
4013106001,32.05422592163086
4013106002,29.581342697143555
4013106701,35.939674377441406
4013107101,23.357383728027344
4013107201,40.21433639526367
4013108501,27.85215950012207
4013108502,27.04631233215332
4013109003,36.88856506347656
4013109102,25.926408767700195
4013109200,33.7469596862793
4013109602,34.77050018310547
4013109900,26.847530364990234
4013110100,27.3310604095459
4013111202,39.20737075805664
4013111401,24.40421485900879
4013112201,25.030704498291016
4013112301,26.914424896240234
4013112507,44.03178024291992
4013112512,37.33757400512695
4013113201,33.99018478393555
4013114100,34.63243865966797
4013114301,35.035301208496094
4013115300,29.265304565429688
4013115700,25.721538543701172
4013115802,29.681798934936523
4013115900,26.883569717407227
4013116100,33.864418029785156
4013116500,24.84767723083496
4013116612,27.033458709716797
4013116702,24.30706787109375
4013116704,23.598201751708984
4013116712,23.781085968017578
4013116725,18.306777954101562
4013116727,15.110515594482422
4013116732,22.541013717651367
4013216809,15.587630271911621
4013216813,13.518064498901367
4013216816,15.498437881469727
4013216829,11.48429012298584
4013216836,16.65666389465332
4013216841,15.471619606018066
4013216848,14.337944984436035
4013216851,14.667197227478027
4013216853,20.892929077148438
4013217204,27.712657928466797
4013217300,15.362381935119629
4013217501,27.999221801757812
4013217502,27.785043716430664
4013218100,21.29494285583496
4013218200,24.30827522277832
4013319300,25.543468475341797
4013319401,26.96530532836914
4013319703,24.86919403076172
4013319704,29.510406494140625
4013319800,30.818357467651367
4013319904,16.3056583404541
4013319906,19.856029510498047
4013320002,34.25099182128906
4013420109,15.410473823547363
4013420111,21.885404586791992
4013420116,11.991927146911621
4013420207,13.138578414916992
4013420215,20.85234260559082
4013420604,19.256040573120117
4013420704,24.503807067871094
4013420901,30.58903694152832
4013421101,25.81395149230957
4013421400,27.551511764526367
4013421801,21.491220474243164
4013422104,31.211856842041016
4013422106,32.905494689941406
4013422107,41.83332443237305
4013422203,29.779619216918945
4013422204,30.333744049072266
4013422215,26.49895477294922
4013422502,26.77693748474121
4013422504,27.534509658813477
4013422507,19.976577758789062
4013422615,23.238798141479492
4013422621,18.74786949157715
4013422622,20.542945861816406
4013422630,16.661048889160156
4013422632,16.54596519470215
4013422635,12.036306381225586
4013422646,15.920022010803223
4013610000,14.900146484375
4013610300,20.58297348022461
4013610500,15.637782096862793
4013611000,14.78886890411377
4013611300,24.482711791992188
4013611700,16.237388610839844
4013612300,20.229387283325195
4013613000,12.871895790100098
4013613400,16.68108367919922
4013614100,20.12444305419922
4013614300,13.59670352935791
4013615800,19.452253341674805
4013616300,21.553415298461914
4013617200,15.434417724609375
4013617300,20.227163314819336
4013618100,17.940372467041016
4013618200,26.633960723876953
4013618300,17.118206024169922
4013618800,36.27315139770508
4013619300,20.65253448486328
4013619700,22.683454513549805
4013619800,23.87150001525879
4013810500,18.637592315673828
4013811300,19.659616470336914
4013811900,19.162220001220703
4013812200,22.56502342224121
4013812400,21.483970642089844
4013812500,18.497941970825195
4013813400,15.912713050842285
4013815400,25.648582458496094
4013816400,19.651161193847656
4013816600,17.762060165405273
4013817100,24.25068473815918
4015950703,26.742631912231445
4015950706,32.940696716308594
4015951502,21.78614044189453
4015951700,32.72524642944336
4015952700,24.29955291748047
4015952800,15.930304527282715
4015953800,25.48697280883789
4017960100,32.67039108276367
4017960200,27.315113067626953
4017963300,26.906517028808594
4019000900,26.551307678222656
4019001000,28.35494613647461
4019001100,25.850345611572266
4019001302,32.747127532958984
4019002503,26.353891372680664
4019002801,37.022132873535156
4019002905,22.795103073120117
4019003704,23.852516174316406
4019004031,20.082523345947266
4019004033,27.540172576904297
4019004037,23.34375762939453
4019004038,22.274145126342773
4019004047,14.895034790039062
4019004052,10.968795776367188
4019004053,20.470848083496094
4019004057,18.514188766479492
4019004068,20.510305404663086
4019004070,29.006731033325195
4019004109,18.30313491821289
4019004110,21.84740447998047
4019004115,29.917274475097656
4019004118,22.032808303833008
4019004321,26.258358001708984
4019004323,22.5751895904541
4019004331,10.389114379882812
4019004415,19.380748748779297
4019004424,29.687156677246094
4019004425,23.87025260925293
4019004431,22.345693588256836
4019004610,22.743854522705078
4019004615,17.291929244995117
4019004623,19.373363494873047
4019004628,13.881386756896973
4019004632,17.95963478088379
4019004633,19.686677932739258
4019004635,16.97205352783203
4019004638,13.863397598266602
4019004641,16.727901458740234
4019004642,10.02513599395752
4019004717,14.565983772277832
4019004719,16.274635314941406
4019004722,10.154753684997559
4019005300,16.840044021606445
4021000201,14.928780555725098
4021000204,22.721033096313477
4021000208,22.316417694091797
4021000307,17.14153289794922
4021000314,19.444913864135742
4021000316,10.842896461486816
4021000317,7.8784637451171875
4021000400,25.546518325805664
4021000603,8.375715255737305
4021000901,33.89716720581055
4021001100,32.29476547241211
4021001301,23.17570686340332
4021001306,30.22769546508789
4021001408,13.813586235046387
4021001600,31.3670654296875
4021001701,33.00090026855469
4021001704,27.640310287475586
4021001706,19.97117042541504
4021001707,27.487512588500977
4025000202,21.928810119628906
4025000203,17.897869110107422
4025000401,15.773160934448242
4025000500,15.777132987976074
4025000801,17.54073143005371
4025000802,16.147464752197266
4025001001,15.372888565063477
4025001401,28.060625076293945
4025001602,19.02885627746582
4025001603,20.205476760864258
4025001801,16.37546157836914
4025002001,26.99877166748047
4027000301,28.822099685668945
4027000901,23.36598014831543
4027000902,27.264244079589844
4027000905,27.17662239074707
4027000908,20.649812698364258
4027010907,18.64495086669922
4027010914,26.663362503051758
4027011106,16.44649314880371
4027011111,15.429093360900879
4027011114,10.207863807678223
4027011201,26.783817291259766
4027011405,33.514427185058594
5001480100,26.665691375732422
5001480700,21.357101440429688
5001480800,20.636253356933594
5003960300,21.08661651611328
5005950300,16.427963256835938
5007020201,23.81675148010254
5007020205,22.035451889038086
5007020305,21.745023727416992
5007020605,21.423433303833008
5007020606,14.569361686706543
5007020902,22.18458366394043
5007021408,20.521163940429688
5009790200,20.432178497314453
5009790400,14.644513130187988
5009790600,19.02141761779785
5011950500,28.91680145263672
5015950300,27.35201072692871
5017080100,22.14879608154297
5019953700,23.51610565185547
5021950100,20.021230697631836
5021950600,19.86682891845703
5025970100,22.912755966186523
5027950500,27.245187759399414
5031000200,23.90896987915039
5031000801,12.764768600463867
5031001000,22.396743774414062
5033020100,22.761384963989258
5033020203,20.711212158203125
5033020204,17.006948471069336
5033020302,20.51543426513672
5035030201,22.737024307250977
5039970300,29.438589096069336
5041950100,29.343551635742188
5043490200,36.863773345947266
5045030301,21.575315475463867
5045030403,24.12868881225586
5045030501,19.478652954101562
5045031006,22.82968521118164
5049550200,20.663482666015625
5051010300,28.13517189025879
5051011100,17.979598999023438
5051012001,15.0087251663208
5055480300,16.15498924255371
5055480600,17.031936645507812
5057480300,23.198917388916016
5059020200,28.750598907470703
5059020300,29.219038009643555
5059020400,27.348146438598633
5061950300,33.38638687133789
5065960300,25.56340789794922
5067480100,25.612625122070312
5069001000,27.709856033325195
5069001600,27.72098159790039
5069002500,22.91667366027832
5071951800,28.066709518432617
5073470100,31.656845092773438
5075470400,24.111339569091797
5079960600,35.86144256591797
5083950100,20.363065719604492
5083950200,22.901033401489258
5083950300,24.4528865814209
5083950500,25.784639358520508
5083950600,25.673551559448242
5085020202,22.470415115356445
5085020302,17.148944854736328
5087960400,25.640621185302734
5091020100,25.781749725341797
5093010100,25.019094467163086
5093010600,21.666425704956055
5093011000,27.43212890625
5093011100,20.18637466430664
5095950100,18.81610679626465
5095950300,28.707916259765625
5097953000,21.80985450744629
5097953200,28.493850708007812
5101180100,24.918315887451172
5105952700,27.61800193786621
5107480200,30.292312622070312
5111490700,33.900787353515625
5115951501,12.121795654296875
5115951600,24.76922607421875
5119000500,23.87839126586914
5119001300,25.07111358642578
5119002406,22.980945587158203
5119002500,25.718358993530273
5119002900,25.39283561706543
5119003205,47.595149993896484
5119003207,21.285459518432617
5119003208,26.816308975219727
5119003304,19.732942581176758
5119003403,18.69145393371582
5119003404,18.12351417541504
5119003606,26.696144104003906
5119003609,20.0948429107666
5119003707,18.433082580566406
5119004108,29.74529266357422
5119004207,17.94720458984375
5119004212,12.970627784729004
5119004213,11.572521209716797
5119004303,21.777164459228516
5119004600,27.188701629638672
5119004700,24.652772903442383
5123960600,23.935585021972656
5125010101,19.963603973388672
5125010302,16.969785690307617
5125010405,16.543014526367188
5125010409,20.34539031982422
5129970100,21.503097534179688
5129970300,19.857404708862305
5131000100,27.73584747314453
5131000600,22.390348434448242
5131000800,27.033811569213867
5131001202,24.657669067382812
5131010102,20.944869995117188
5133080100,27.665876388549805
5139950200,15.006935119628906
5139950900,24.418729782104492
5143010104,18.781301498413086
5143010106,18.920970916748047
5143010402,19.530107498168945
5143010503,20.099323272705078
5143010509,20.687929153442383
5143011001,18.176105499267578
5143011101,25.39899444580078
5147490200,32.37065887451172
6001400200,18.310413360595703
6001400600,23.72059440612793
6001400900,28.56492805480957
6001401600,35.13714599609375
6001402500,32.59177017211914
6001402900,23.291921615600586
6001403502,25.135210037231445
6001403701,25.136268615722656
6001404101,19.869659423828125
6001404200,14.103109359741211
6001404900,20.362884521484375
6001405000,17.782819747924805
6001405401,31.328088760375977
6001405901,30.804912567138672
6001407102,27.913394927978516
6001408300,23.676864624023438
6001408900,32.75428771972656
6001409200,26.164575576782227
6001409300,29.17119789123535
6001420100,17.154144287109375
6001420400,29.576459884643555
6001421500,14.789793968200684
6001421700,20.936389923095703
6001423000,24.276813507080078
6001423601,22.731008529663086
6001423901,22.996549606323242
6001425104,27.50722885131836
6001426200,14.481978416442871
6001427300,20.29500961303711
6001427800,23.541440963745117
6001428400,24.73064422607422
6001428500,21.282758712768555
6001428600,19.682485580444336
6001430101,17.052448272705078
6001430300,15.760659217834473
6001431200,21.07249641418457
6001432700,19.287166595458984
6001432800,16.8111629486084
6001433400,18.369487762451172
6001433500,19.08561134338379
6001434000,30.494422912597656
6001435601,27.310060501098633
6001435700,22.886110305786133
6001435800,20.555706024169922
6001435900,18.36880874633789
6001436500,31.839859008789062
6001436800,25.81146240234375
6001437000,22.56098175048828
6001437701,30.068758010864258
6001438000,22.640003204345703
6001438100,22.3548641204834
6001438203,22.690200805664062
6001440304,21.387990951538086
6001440333,18.002676010131836
6001441301,24.79081916809082
6001441302,19.12338638305664
6001441401,20.649370193481445
6001441402,18.6326961517334
6001441700,23.50135612487793
6001441924,21.476736068725586
6001442301,23.195199966430664
6001443001,22.07694435119629
6001443200,15.18008041381836
6001444100,16.81031036376953
6001444400,26.529191970825195
6001444601,20.15768814086914
6001450101,29.536144256591797
6001450300,20.51821517944336
6001450400,21.02436637878418
6001450502,17.560047149658203
6001451101,21.365747451782227
6001451201,21.92999267578125
6001451300,18.51167106628418
6001451404,26.454931259155273
6001451701,17.8153133392334
6001982000,31.23248291015625
6003010000,23.06673240661621
6005000102,16.38072395324707
6005000402,17.244604110717773
6007000104,23.420759201049805
6007000201,25.484426498413086
6007000402,18.77745819091797
6007000502,33.06193542480469
6007000901,18.51289939880371
6007000904,20.95899772644043
6007001600,17.683305740356445
6007001702,15.501331329345703
6007002400,15.80165958404541
6007002601,12.9881010055542
6007002602,13.603934288024902
6007003200,21.04906463623047
6007003300,20.984651565551758
6009000120,18.29508399963379
6009000400,22.65373992919922
6013301000,24.70343780517578
6013302005,25.95436668395996
6013303205,15.415257453918457
6013304002,28.03031349182129
6013306002,22.649002075195312
6013306003,25.75065040588379
6013307101,20.318784713745117
6013307102,25.647972106933594
6013313101,23.805418014526367
6013313203,22.348743438720703
6013314200,24.722246170043945
6013318000,23.3414363861084
6013320001,24.67633628845215
6013323000,16.76592254638672
6013325000,18.71628761291504
6013333102,21.670501708984375
6013336101,33.45706558227539
6013338301,12.367325782775879
6013341000,16.885168075561523
6013345101,19.76743507385254
6013345114,12.651000022888184
6013345202,21.1693115234375
6013345204,13.44063949584961
6013347000,15.319784164428711
6013351102,6.285257339477539
6013352201,16.555923461914062
6013353002,14.069965362548828
6013354001,14.362923622131348
6013354002,14.530945777893066
6013355113,13.096686363220215
6013355302,11.839998245239258
6013357000,22.849273681640625
6013360101,19.295167922973633
6013361000,24.371171951293945
6013366002,26.297054290771484
6013367200,25.97560691833496
6013368001,27.078479766845703
6013368002,27.938640594482422
6013376000,32.693443298339844
6013378000,19.603788375854492
6013382000,29.375864028930664
6013385100,13.579206466674805
6013386000,25.03083038330078
6015000101,24.837675094604492
6017030200,34.009605407714844
6017030402,31.00937271118164
6017030502,20.326555252075195
6017030603,20.600671768188477
6017030709,14.763284683227539
6017030801,17.510549545288086
6017030810,21.69335174560547
6017031406,15.825599670410156
6017032000,25.3360595703125
6019000300,28.33620262145996
6019000400,25.848159790039062
6019000800,32.39635467529297
6019000901,32.84236526489258
6019000902,28.855731964111328
6019001407,35.71830749511719
6019001411,28.31770896911621
6019001412,21.639562606811523
6019001600,23.420503616333008
6019001900,22.99532699584961
6019002601,25.48530387878418
6019002906,26.27408790588379
6019003202,28.15738868713379
6019003805,28.13796043395996
6019003807,27.203712463378906
6019004205,28.249839782714844
6019004301,11.711026191711426
6019004405,16.348817825317383
6019004602,17.881183624267578
6019004701,28.425012588500977
6019004901,26.973731994628906
6019005100,27.69667625427246
6019005304,29.89698600769043
6019005509,24.968578338623047
6019005510,22.49376106262207
6019005602,23.509878158569336
6019005801,23.546875
6019005805,22.94134521484375
6019006202,22.2592716217041
6019006403,22.705659866333008
6019006404,23.27608299255371
6019006501,27.36063575744629
6019006502,25.55464744567871
6019006602,24.884422302246094
6019006603,22.907958984375
6019007002,25.24274253845215
6019007202,23.032032012939453
6019007700,21.559768676757812
6019008000,30.88516616821289
6019008402,23.58217430114746
6021010100,22.58883285522461
6021010200,19.845029830932617
6021010300,24.505203247070312
6023000200,25.668628692626953
6023000400,21.482471466064453
6023001000,27.935522079467773
6023001200,27.257291793823242
6023010400,20.359621047973633
6023010502,19.73712921142578
6025010102,28.206157684326172
6025011700,23.00729751586914
6025012001,25.406143188476562
6025012002,21.37369155883789
6025012302,36.379634857177734
6027000400,24.284465789794922
6029000102,20.103267669677734
6029000506,27.222917556762695
6029000902,21.271160125732422
6029000906,23.341535568237305
6029000909,15.018267631530762
6029001102,23.858535766601562
6029001103,28.58873748779297
6029002804,12.461095809936523
6029002808,20.779813766479492
6029002811,12.716988563537598
6029003000,25.949077606201172
6029003112,24.243431091308594
6029003115,24.11042022705078
6029003124,22.406635284423828
6029003810,15.608942031860352
6029003900,25.41219711303711
6029004000,22.708486557006836
6029004200,23.990293502807617
6029004901,26.18497657775879
6029005801,24.060489654541016
6029006002,62.33181381225586
6029006006,14.34961986541748
6029006201,22.102088928222656
6029006304,26.473012924194336
6029006401,25.462404251098633
6029006404,29.18263053894043
6031000300,28.559160232543945
6031000800,24.33185386657715
6031001401,23.084766387939453
6031001701,29.015098571777344
6033000400,19.11077308654785
6033000701,21.296682357788086
6033000802,23.293498992919922
6033001200,18.922468185424805
6035040304,23.49615478515625
6037102107,23.73760986328125
6037103300,20.09032440185547
6037104108,25.130578994750977
6037104821,27.82040023803711
6037106111,20.341821670532227
6037106112,22.54842758178711
6037106114,27.27495765686035
6037106406,21.242069244384766
6037106407,30.283998489379883
6037106520,25.25969123840332
6037106604,27.10728645324707
6037106646,20.18951988220215
6037106648,25.010038375854492
6037106649,19.459426879882812
6037108104,14.59686279296875
6037109200,20.27527618408203
6037109300,23.25907325744629
6037111100,23.001850128173828
6037111204,15.736688613891602
6037111400,26.4472599029541
6037113101,16.591167449951172
6037113322,17.000825881958008
6037113421,26.7535400390625
6037113422,22.97920799255371
6037115403,26.308212280273438
6037115404,24.43769073486328
6037117102,20.941957473754883
6037117405,35.40605163574219
6037117510,29.856435775756836
6037119001,21.676040649414062
6037120020,26.587778091430664
6037120104,27.410764694213867
6037120400,23.572786331176758
6037121210,20.624483108520508
6037121221,23.328401565551758
6037121222,30.108808517456055
6037122120,24.69821548461914
6037122200,24.546493530273438
6037123020,25.030370712280273
6037123103,26.234027862548828
6037123205,29.453407287597656
6037124000,21.302488327026367
6037124105,27.548446655273438
6037124600,22.831485748291016
6037125100,24.14241600036621
6037125200,24.190893173217773
6037127103,29.28375244140625
6037127210,25.73948860168457
6037127711,26.34220314025879
6037127803,25.711030960083008
6037128500,20.429201126098633
6037131020,23.54901123046875
6037131701,25.71379280090332
6037131702,22.391178131103516
6037133100,25.309410095214844
6037134104,24.498090744018555
6037134201,23.688213348388672
6037134421,17.826696395874023
6037134423,16.073083877563477
6037134901,21.07471466064453
6037134905,26.681026458740234
6037135113,27.852401733398438
6037137402,19.20723533630371
6037139001,22.22673988342285
6037139200,23.522727966308594
6037139303,26.806079864501953
6037139401,24.057388305664062
6037139801,15.244166374206543
6037141302,22.33871078491211
6037141600,14.86442756652832
6037141700,15.43537425994873
6037143200,25.024242401123047
6037143400,21.387237548828125
6037143700,20.50658416748047
6037181300,19.32967758178711
6037181400,24.012882232666016
6037186100,21.6584529876709
6037186203,20.683547973632812
6037187102,23.846435546875
6037188100,25.046146392822266
6037189500,25.31175422668457
6037189903,26.6861515045166
6037190401,27.632680892944336
6037190520,25.43227767944336
6037190802,28.72396469116211
6037191110,28.131938934326172
6037191610,27.54927635192871
6037192002,23.34031867980957
6037192520,26.69679069519043
6037194102,18.335798263549805
6037194402,26.688457489013672
6037195300,24.86011505126953
6037195804,24.87265968322754
6037197300,25.357555389404297
6037197500,27.24046516418457
6037199120,25.282974243164062
6037199201,25.59465980529785
6037199300,24.678096771240234
6037199400,22.79354476928711
6037201200,24.15654182434082
6037201504,23.128686904907227
6037201601,22.353124618530273
6037203800,23.95392417907715
6037203900,28.114788055419922
6037204300,23.789310455322266
6037204420,29.56784439086914
6037204820,25.579954147338867
6037204920,23.847003936767578
6037205120,25.422752380371094
6037206020,30.674068450927734
6037206031,29.58407974243164
6037206050,27.24418067932129
6037207101,26.07752227783203
6037207302,34.62240982055664
6037207501,28.931928634643555
6037207900,29.73036766052246
6037208000,29.640403747558594
6037208302,26.493337631225586
6037208501,23.683143615722656
6037208610,25.80217170715332
6037208902,37.17362594604492
6037208904,27.533414840698242
6037209102,30.637683868408203
6037209103,33.93417739868164
6037209810,29.41485595703125
6037211121,26.745731353759766
6037211122,30.70216941833496
6037211201,27.451936721801758
6037211500,23.210718154907227
6037211922,35.2845344543457
6037212202,29.028470993041992
6037212501,29.37468147277832
6037214000,19.250978469848633
6037214901,20.82056999206543
6037216300,24.138593673706055
6037216401,27.755329132080078
6037216700,27.40125274658203
6037217100,26.827470779418945
6037217200,26.827484130859375
6037218120,29.238059997558594
6037218210,28.69997215270996
6037218702,28.40235710144043
6037219010,24.91075897216797
6037220000,26.676513671875
6037221304,26.21827507019043
6037221602,28.137889862060547
6037221810,36.059593200683594
6037222600,30.273799896240234
6037224020,31.57063102722168
6037224310,33.4918212890625
6037224600,28.963459014892578
6037226700,30.302642822265625
6037227020,31.74018096923828
6037228210,26.561704635620117
6037228220,31.57233428955078
6037228310,28.578947067260742
6037228500,31.303260803222656
6037228710,31.530380249023438
6037228800,29.95622444152832
6037229100,29.179330825805664
6037229200,29.01592254638672
6037229410,30.45391273498535
6037229420,31.230579376220703
6037231210,31.85680389404297
6037231500,24.842262268066406
6037231800,33.70383834838867
6037232800,31.666337966918945
6037234300,26.996871948242188
6037234800,25.093521118164062
6037236204,34.298763275146484
6037237402,24.426177978515625
6037237720,33.06549835205078
6037238000,25.078046798706055
6037239310,30.48470115661621
6037239702,30.44375991821289
6037239802,30.461915969848633
6037240010,32.471343994140625
6037241120,33.608642578125
6037242200,31.6016845703125
6037242600,36.15653991699219
6037243100,33.28723907470703
6037261102,16.688581466674805
6037261200,16.696788787841797
6037262100,17.399925231933594
6037264103,24.15241813659668
6037265420,17.20130157470703
6037265700,22.451967239379883
6037267100,22.216482162475586
6037267502,26.106651306152344
6037267902,19.51432228088379
6037269903,30.661602020263672
6037269905,28.995513916015625
6037271901,24.372289657592773
6037273902,20.63768196105957
6037274202,20.97591209411621
6037275200,24.051042556762695
6037275500,24.887388229370117
6037275603,20.568464279174805
6037276000,16.578338623046875
6037276500,22.308340072631836
6037276604,24.141191482543945
6037291210,25.829540252685547
6037293304,26.215030670166016
6037294120,27.05037498474121
6037294520,27.628198623657227
6037294701,28.3016414642334
6037294820,30.73693084716797
6037296300,22.088863372802734
6037296402,20.97469139099121
6037297110,29.557323455810547
6037297202,24.26915740966797
6037297400,14.448429107666016
6037297602,25.200531005859375
6037300200,19.04344940185547
6037300701,17.462797164916992
6037301204,21.830289840698242
6037301602,26.165285110473633
6037301801,23.425689697265625
6037302102,25.23404884338379
6037310300,15.479357719421387
6037310900,21.739280700683594
6037311801,25.177532196044922
6037320100,27.57535171508789
6037320300,25.1094970703125
6037400206,13.594573974609375
6037400207,15.717785835266113
6037400304,24.272430419921875
6037400402,20.300270080566406
6037400403,20.22263526916504
6037400404,15.918292999267578
6037400602,26.04336166381836
6037401202,20.436107635498047
6037401203,21.073118209838867
6037401601,17.92218780517578
6037401602,29.139694213867188
6037401703,28.548147201538086
6037401902,20.018903732299805
6037402405,23.76884651184082
6037402406,28.07225799560547
6037402501,31.95226287841797
6037402600,25.89606475830078
6037402804,29.40578269958496
6037403305,18.952404022216797
6037403319,22.90908432006836
6037403322,17.605464935302734
6037403325,17.415878295898438
6037403404,16.80630111694336
6037403405,17.126178741455078
6037404100,24.83156967163086
6037404302,22.658939361572266
6037404501,26.633798599243164
6037404504,24.74734115600586
6037404600,23.321491241455078
6037404903,21.121753692626953
6037405102,22.70330047607422
6037406000,21.04439926147461
6037406300,20.197853088378906
6037407302,20.653364181518555
6037407802,21.273527145385742
6037408004,23.797992706298828
6037408006,26.396547317504883
6037408135,20.89605140686035
6037408212,16.82040023803711
6037408302,18.400611877441406
6037408401,21.85267448425293
6037408722,18.690067291259766
6037430102,20.67896842956543
6037430200,21.08104705810547
6037430301,17.020166397094727
6037430501,16.461835861206055
6037431002,20.43336296081543
6037431100,25.50240707397461
6037431900,21.420448303222656
6037432101,18.97394371032715
6037432202,20.924449920654297
6037432300,21.421335220336914
6037433102,23.66853904724121
6037433305,26.00732421875
6037433402,26.639802932739258
6037433801,27.772558212280273
6037434003,25.68977165222168
6037460600,15.709894180297852
6037461200,17.95244598388672
6037461300,24.006351470947266
6037461700,15.970980644226074
6037462201,24.170347213745117
6037463102,18.948118209838867
6037463400,22.184185028076172
6037463602,25.28785514831543
6037463700,19.701156616210938
6037480011,23.515003204345703
6037480202,15.433401107788086
6037480302,22.719552993774414
6037480802,18.690876007080078
6037480804,25.4942626953125
6037481402,21.788789749145508
6037481603,23.56852912902832
6037481604,23.809322357177734
6037481800,15.853658676147461
6037482303,22.766393661499023
6037482522,22.104141235351562
6037482800,17.99472427368164
6037500201,16.176504135131836
6037500402,25.836570739746094
6037500403,19.127840042114258
6037501300,23.856674194335938
6037501600,21.089319229125977
6037502003,23.99062156677246
6037502402,21.204729080200195
6037502601,20.77033805847168
6037502901,21.006175994873047
6037503000,30.420917510986328
6037503501,23.191091537475586
6037503502,21.335838317871094
6037503601,20.242013931274414
6037503602,15.882895469665527
6037503701,23.0218448638916
6037503703,15.26311206817627
6037504102,37.90228271484375
6037530101,23.912460327148438
6037530700,26.040569305419922
6037530902,24.626991271972656
6037531101,25.99028968811035
6037531901,24.21710968017578
6037532400,21.409069061279297
6037533106,25.218780517578125
6037533201,27.861886978149414
6037533203,29.498464584350586
6037533702,28.19950294494629
6037533703,28.760740280151367
6037533805,23.70917320251465
6037533806,25.653547286987305
6037534002,24.46319007873535
6037534302,27.85023307800293
6037534900,28.35453224182129
6037535501,25.22702407836914
6037535603,25.882404327392578
6037535902,22.81788444519043
6037536000,24.692834854125977
6037536104,25.63821792602539
6037540300,26.86226463317871
6037540600,29.815048217773438
6037540700,30.284095764160156
6037541001,26.38628387451172
6037541400,29.402502059936523
6037542106,30.69727325439453
6037542502,30.7943058013916
6037542900,25.286352157592773
6037543202,30.178369522094727
6037543304,21.078420639038086
6037543305,19.41421890258789
6037543322,17.31036376953125
6037543701,19.449281692504883
6037544001,25.450559616088867
6037550800,22.379520416259766
6037550901,26.459470748901367
6037551000,21.426204681396484
6037552001,22.71133041381836
6037552301,23.596315383911133
6037552601,23.922395706176758
6037553000,21.787588119506836
6037553200,21.797943115234375
6037553701,26.40509033203125
6037553901,24.947444915771484
6037554002,26.347414016723633
6037554104,28.541522979736328
6037554105,32.256385803222656
6037554201,23.739221572875977
6037554204,28.647350311279297
6037554516,16.396759033203125
6037554518,15.311827659606934
6037555002,26.984527587890625
6037555104,24.466249465942383
6037570100,24.20116424560547
6037570303,29.570255279541016
6037570304,31.39337921142578
6037570403,27.671985626220703
6037570601,28.02737045288086
6037570902,21.454206466674805
6037571400,19.58877182006836
6037571704,27.434267044067383
6037571900,24.762941360473633
6037572202,23.38928985595703
6037572600,22.587343215942383
6037573601,17.561080932617188
6037574000,14.961525917053223
6037574800,22.309078216552734
6037574902,29.655908584594727
6037575001,28.077686309814453
6037575201,29.61008644104004
6037575402,33.774696350097656
6037575500,34.92222595214844
6037575802,34.835479736328125
6037575803,25.230600357055664
6037576802,26.028018951416016
6037577504,21.563697814941406
6037577602,18.623409271240234
6037577603,20.123674392700195
6037600302,24.937437057495117
6037601303,32.389610290527344
6037601401,28.71192169189453
6037601502,29.34417152404785
6037601801,30.47588539123535
6037602003,27.56226921081543
6037602106,27.752704620361328
6037602301,24.036977767944336
6037602506,33.3608512878418
6037602507,33.19074630737305
6037602508,31.73073959350586
6037602900,26.252704620361328
6037603006,23.87929916381836
6037603600,21.942726135253906
6037603703,19.091270446777344
6037603704,31.457674026489258
6037620400,16.1564998626709
6037620601,25.421611785888672
6037620602,19.780229568481445
6037620701,21.27840232849121
6037621301,20.523582458496094
6037650001,19.55709457397461
6037650901,24.367361068725586
6037651001,18.850494384765625
6037651002,19.2886905670166
6037651221,23.618602752685547
6037651222,26.285202026367188
6037651304,21.396081924438477
6037670001,21.772626876831055
6037670002,26.437755584716797
6037670328,13.968067169189453
6037670406,11.077146530151367
6037670416,15.671914100646973
6037670602,15.326244354248047
6037670701,15.254029273986816
6037700502,27.09090232849121
6037700600,21.15121841430664
6037701501,21.573728561401367
6037701701,24.84157943725586
6037701702,30.81315040588379
6037702002,22.68362808227539
6037702201,25.560693740844727
6037702501,20.609783172607422
6037702801,23.760995864868164
6037702901,26.10611343383789
6037703002,19.72934341430664
6037800329,20.754009246826172
6037900501,24.690879821777344
6037900504,27.1174373626709
6037900505,27.702911376953125
6037900602,24.64789581298828
6037900605,24.0509090423584
6037900803,22.80551528930664
6037901004,23.563274383544922
6037901009,23.567630767822266
6037901213,20.68574333190918
6037910002,23.622392654418945
6037910201,21.103342056274414
6037910402,31.213993072509766
6037910403,34.9449462890625
6037910709,20.934045791625977
6037910711,24.716896057128906
6037910713,25.200138092041016
6037910716,23.102479934692383
6037910804,19.645919799804688
6037910805,20.96316909790039
6037910807,22.1956787109375
6037910813,18.902729034423828
6037920028,21.646087646484375
6037920030,24.27958869934082
6037920036,24.633682250976562
6037920102,27.227725982666016
6037920106,24.048694610595703
6037920110,18.330413818359375
6037920111,19.13835334777832
6037920119,18.783885955810547
6037920326,23.207639694213867
6037920330,19.88299560546875
6037980003,56.07772445678711
6037980014,33.05319595336914
6037980022,67.04322814941406
6037980026,12.11616039276123
6039000202,22.910335540771484
6039000300,23.531492233276367
6039000602,27.734729766845703
6039000604,27.6629638671875
6039000700,22.91891860961914
6041101100,14.434026718139648
6041101200,18.336233139038086
6041103200,19.98917579650879
6041104300,14.696127891540527
6041106001,22.68520736694336
6041107000,13.82129955291748
6041109002,18.307222366333008
6041112100,22.385929107666016
6041112201,33.675899505615234
6041112202,24.220413208007812
6041119100,16.403282165527344
6041119201,19.65896224975586
6041119202,12.1909818649292
6041121100,19.771543502807617
6041124100,18.48749542236328
6041130202,20.185558319091797
6043000101,25.325286865234375
6045010100,35.21030807495117
6045010200,26.705305099487305
6045010400,21.91559410095215
6045011200,26.46009635925293
6045011400,17.81911277770996
6047000202,24.417022705078125
6047000304,24.21485137939453
6047000503,24.910852432250977
6047000505,22.3373966217041
6047000801,23.040817260742188
6047000902,25.088539123535156
6047001005,29.4022216796875
6047001501,23.354536056518555
6047001601,36.5783576965332
6047002302,24.040719985961914
6047002600,22.955400466918945
6053000103,26.371278762817383
6053000400,27.97075080871582
6053000701,28.994298934936523
6053010400,28.198537826538086
6053011204,25.878250122070312
6053011502,32.083309173583984
6053012100,17.963825225830078
6053012200,21.171430587768555
6053012401,21.408824920654297
6053012402,19.550016403198242
6053013100,19.908071517944336
6053013200,15.559882164001465
6053014000,25.973209381103516
6053014105,28.521867752075195
6053014800,24.641653060913086
6053980000,46.02680969238281
6055200803,17.803997039794922
6055200804,26.914348602294922
6055201003,25.032270431518555
6055201005,22.757661819458008
6055201006,20.30012321472168
6055201102,20.17144203186035
6055201300,15.14454174041748
6055201401,14.072444915771484
6055201402,16.236522674560547
6055201403,17.77940559387207
6055201700,21.089445114135742
6055201800,20.56113052368164
6057000200,16.707590103149414
6057000402,20.161062240600586
6059001201,27.04371452331543
6059001301,22.736366271972656
6059001303,24.49138069152832
6059001304,23.652629852294922
6059001401,27.987499237060547
6059001507,25.653583526611328
6059001602,15.371927261352539
6059001705,22.3955078125
6059011102,22.323102951049805
6059011401,19.45431900024414
6059011403,27.947998046875
6059011601,33.16910934448242
6059011707,20.49013328552246
6059011716,18.12188148498535
6059021809,17.709510803222656
6059021810,15.498735427856445
6059021815,16.445405960083008
6059021820,16.044071197509766
6059021822,16.46453094482422
6059021823,15.434757232666016
6059021826,24.10834312438965
6059021829,13.813653945922852
6059021903,18.824012756347656
6059021913,22.21915054321289
6059021915,15.428487777709961
6059032032,16.051393508911133
6059032042,16.64467430114746
6059032044,16.6626033782959
6059032046,12.584999084472656
6059032047,24.795223236083984
6059032051,25.44698143005371
6059032057,19.12805938720703
6059042107,29.010122299194336
6059042113,15.36241340637207
6059042311,16.976808547973633
6059042319,13.15752124786377
6059042323,17.651811599731445
6059042326,19.55840492248535
6059042329,15.871347427368164
6059042334,19.75208854675293
6059052408,15.076225280761719
6059052410,18.948217391967773
6059052415,15.347212791442871
6059052421,16.442049026489258
6059052423,27.44462013244629
6059052502,17.426860809326172
6059052506,15.326634407043457
6059052514,21.25602912902832
6059052517,23.96398162841797
6059062605,22.50335693359375
6059062610,27.72268295288086
6059062619,19.23744010925293
6059062630,13.414790153503418
6059062632,17.21413230895996
6059062647,17.604185104370117
6059063004,19.283857345581055
6059063005,22.181415557861328
6059063009,14.702537536621094
6059063010,19.955923080444336
6059063201,22.798934936523438
6059063302,21.142189025878906
6059063702,25.83672523498535
6059063808,30.142858505249023
6059063908,24.158618927001953
6059074106,27.08980369567871
6059074300,25.882211685180664
6059074602,27.102737426757812
6059074702,27.575096130371094
6059074803,23.527488708496094
6059075002,26.22402000427246
6059075003,33.319705963134766
6059075302,24.43326759338379
6059075514,26.880577087402344
6059075703,14.925004005432129
6059075805,24.726591110229492
6059075806,25.555564880371094
6059076102,28.937498092651367
6059076201,21.72560691833496
6059076204,28.708566665649414
6059086305,17.981508255004883
6059087200,24.39243507385254
6059087403,30.10648536682129
6059087703,23.68012237548828
6059088105,20.39897346496582
6059088402,24.897476196289062
6059088901,22.283971786499023
6059088903,23.173564910888672
6059099203,19.986085891723633
6059099215,19.785959243774414
6059099223,21.383779525756836
6059099224,14.387496948242188
6059099227,22.204174041748047
6059099239,15.22502613067627
6059099242,21.970943450927734
6059099243,17.451984405517578
6059099307,20.033945083618164
6059099311,23.280309677124023
6059099405,23.32282257080078
6059099412,23.664846420288086
6059099413,19.476167678833008
6059099601,25.408401489257812
6059099602,22.991695404052734
6059099605,16.697147369384766
6059099702,22.821401596069336
6059110008,16.754549026489258
6059110104,20.425973892211914
6059110110,26.278318405151367
6059110111,21.086631774902344
6059110202,29.38299560546875
6059110603,28.577199935913086
6059110607,26.029193878173828
6061020402,15.548749923706055
6061020501,16.42378807067871
6061020715,20.389188766479492
6061020805,22.75954818725586
6061020908,26.117219924926758
6061021003,21.918466567993164
6061021035,20.822948455810547
6061021044,18.34023094177246
6061021109,19.425643920898438
6061021123,14.384758949279785
6061021501,18.566118240356445
6061021502,16.287555694580078
6061022500,20.400815963745117
6061022600,25.401901245117188
6061023200,18.046825408935547
6063000501,22.49183464050293
6063000502,10.645414352416992
6065030400,27.285152435302734
6065031100,25.28512191772461
6065031401,28.621286392211914
6065031402,26.359811782836914
6065031501,26.59724998474121
6065040203,28.353256225585938
6065040303,26.04532241821289
6065040405,24.797008514404297
6065040501,24.626419067382812
6065040605,29.012468338012695
6065040616,22.663990020751953
6065041403,23.667577743530273
6065041404,22.14137077331543
6065041406,33.292667388916016
6065041704,27.839078903198242
6065041804,20.078784942626953
6065041806,20.3199405670166
6065041807,21.819351196289062
6065041906,25.990833282470703
6065041909,22.768808364868164
6065041910,19.85894203186035
6065042008,21.88765525817871
6065042206,27.808988571166992
6065042213,23.241596221923828
6065042404,26.449514389038086
6065042409,27.80817985534668
6065042411,21.61207389831543
6065042509,22.19917869567871
6065042510,26.2371768951416
6065042511,26.780988693237305
6065042618,26.59269905090332
6065042619,25.360788345336914
6065042624,25.58271026611328
6065042708,25.24173927307129
6065042711,12.517041206359863
6065042719,27.256534576416016
6065042723,26.97161293029785
6065042732,24.60686492919922
6065042738,27.437824249267578
6065042800,28.233034133911133
6065042903,28.21320343017578
6065043003,30.100744247436523
6065043227,28.189748764038086
6065043228,31.965065002441406
6065043239,18.64983558654785
6065043242,22.950443267822266
6065043262,20.803552627563477
6065043271,26.556901931762695
6065043272,18.680593490600586
6065043310,25.416893005371094
6065043316,16.270431518554688
6065043701,20.13106918334961
6065043809,14.8171968460083
6065043818,22.895389556884766
6065043820,21.322601318359375
6065044300,24.38309097290039
6065044518,22.598722457885742
6065044520,24.208831787109375
6065044804,23.73164176940918
6065044807,21.330501556396484
6065044915,28.39908790588379
6065044919,7.222532749176025
6065044931,24.23737144470215
6065044932,21.957027435302734
6065045116,20.380165100097656
6065045118,26.309520721435547
6065045119,23.105438232421875
6065045123,14.385801315307617
6065045209,27.75684356689453
6065045605,28.75975227355957
6065045606,20.67875862121582
6065045707,26.78760528564453
6065045900,25.00774383544922
6065046102,32.51211929321289
6065046200,25.887619018554688
6065046402,25.185138702392578
6065046601,22.467296600341797
6065046700,27.18366813659668
6065046900,24.844907760620117
6065048700,27.92208480834961
6065049400,19.156288146972656
6065050400,27.911264419555664
6065051300,21.8221435546875
6065940500,16.32747459411621
6065941200,15.659138679504395
6067000500,27.57979965209961
6067000600,29.180044174194336
6067001500,20.253355026245117
6067001900,26.7885799407959
6067002100,28.71150016784668
6067002500,14.433752059936523
6067002600,18.917909622192383
6067003000,23.970544815063477
6067004001,19.855722427368164
6067004008,18.60828399658203
6067004009,22.69080352783203
6067004100,26.15248680114746
6067004202,24.180023193359375
6067004203,29.973922729492188
6067004300,26.93651008605957
6067004801,24.963088989257812
6067004802,24.63872718811035
6067004905,27.097280502319336
6067005202,20.763660430908203
6067005502,29.15064811706543
6067005509,33.81060028076172
6067005601,24.736740112304688
6067005605,26.374736785888672
6067005606,22.555212020874023
6067005803,11.666991233825684
6067005904,20.76508903503418
6067006002,25.221593856811523
6067006003,29.491212844848633
6067007007,24.38091278076172
6067007016,28.15493392944336
6067007417,23.587003707885742
6067007422,26.89948081970215
6067007427,26.983274459838867
6067007430,25.417837142944336
6067007431,22.589805603027344
6067007702,17.41646385192871
6067008111,20.719135284423828
6067008119,22.37818717956543
6067008122,20.480146408081055
6067008124,17.587970733642578
6067008130,21.348970413208008
6067008143,27.077274322509766
6067008209,18.221817016601562
6067008510,14.643868446350098
6067008513,23.11482810974121
6067008801,22.690309524536133
6067008912,20.369487762451172
6067009011,19.860960006713867
6067009201,25.36736488342285
6067009307,21.896320343017578
6067009311,25.072364807128906
6067009312,25.128511428833008
6067009314,25.846389770507812
6067009325,19.129186630249023
6067009404,18.816879272460938
6067009612,23.400068283081055
6067009614,26.25909996032715
6067009615,24.877513885498047
6067009618,24.648849487304688
6067009622,21.638641357421875
6067988300,31.35193634033203
6069000100,21.570293426513672
6071000108,23.04218864440918
6071000115,20.932497024536133
6071000118,17.950538635253906
6071000301,30.270099639892578
6071000404,24.515674591064453
6071000814,13.927160263061523
6071001101,27.424917221069336
6071001103,24.801612854003906
6071001104,22.28130340576172
6071001311,22.142993927001953
6071001400,27.812740325927734
6071001600,28.46360969543457
6071001804,23.469335556030273
6071002015,22.14626693725586
6071002029,18.14811134338379
6071002038,21.932767868041992
6071002110,33.76321029663086
6071002204,27.040546417236328
6071002301,25.267274856567383
6071002604,24.410261154174805
6071002902,24.742969512939453
6071003403,23.692564010620117
6071003506,25.56850814819336
6071003606,25.893455505371094
6071004103,26.50745391845703
6071004301,23.98155403137207
6071004302,25.0997257232666
6071004507,30.372512817382812
6071004700,26.639190673828125
6071006302,26.559112548828125
6071007105,27.052669525146484
6071007109,30.726398468017578
6071007110,23.196430206298828
6071007403,24.659774780273438
6071007404,19.192705154418945
6071007901,19.286344528198242
6071008200,21.917272567749023
6071008402,19.847196578979492
6071008704,21.713253021240234
6071008706,19.298452377319336
6071008708,20.455827713012695
6071008709,22.765056610107422
6071009107,29.19690704345703
6071009114,25.419178009033203
6071009300,25.102279663085938
6071009712,23.330602645874023
6071009715,20.494853973388672
6071010010,25.799663543701172
6071010020,26.81981086730957
6071010023,22.944276809692383
6071010026,28.84851837158203
6071010402,29.454198837280273
6071010409,22.128585815429688
6071010411,19.03271484375
6071010412,20.799585342407227
6071010415,23.57355308532715
6071010422,26.33741569519043
6071011002,19.949914932250977
6071012700,24.288864135742188
6071025100,22.784032821655273
6073000600,24.54364013671875
6073001900,20.426271438598633
6073002302,30.794490814208984
6073002502,26.580976486206055
6073002801,30.67969512939453
6073002903,23.616931915283203
6073002904,31.656450271606445
6073003103,23.435815811157227
6073003108,22.729576110839844
6073003113,23.16259765625
6073003201,27.49180793762207
6073003207,25.24990463256836
6073003211,19.164888381958008
6073003214,25.915868759155273
6073003501,28.928539276123047
6073003601,28.434104919433594
6073003602,28.2358455657959
6073004400,22.215726852416992
6073004501,28.540327072143555
6073005100,29.62678337097168
6073006300,13.46238899230957
6073006802,27.123483657836914
6073007400,24.650850296020508
6073007702,26.466697692871094
6073007905,28.420886993408203
6073008305,30.792680740356445
6073008312,15.9409761428833
6073008331,13.5023775100708
6073008333,20.559818267822266
6073008343,27.61585235595703
6073008352,26.198144912719727
6073008502,22.010028839111328
6073008511,24.03217315673828
6073008901,26.302200317382812
6073008902,24.71885108947754
6073009102,29.226797103881836
6073009104,16.170574188232422
6073009107,26.367298126220703
6073009306,24.689159393310547
6073009400,30.148656845092773
6073009502,21.215686798095703
6073009510,32.530086517333984
6073009704,17.68263816833496
6073010004,21.59039306640625
6073010005,25.917409896850586
6073010009,26.4857177734375
6073010103,25.391029357910156
6073010401,28.96105194091797
6073010402,29.591917037963867
6073010502,32.12200164794922
6073010900,16.29290771484375
6073011300,20.775283813476562
6073011700,22.004865646362305
6073012101,23.38795280456543
6073012102,24.366413116455078
6073012900,19.78553009033203
6073013102,27.326181411743164
6073013103,25.131589889526367
6073013301,23.101768493652344
6073013302,19.714271545410156
6073013307,22.22217559814453
6073013313,23.147972106933594
6073013411,17.61979866027832
6073013416,21.776615142822266
6073013420,27.155052185058594
6073013605,17.736379623413086
6073013801,22.34130859375
6073013802,28.862462997436523
6073013906,27.526079177856445
6073013909,26.667524337768555
6073014001,24.92466163635254
6073014200,23.58547019958496
6073014400,29.769817352294922
6073015000,27.892269134521484
6073015703,25.183813095092773
6073016401,20.983736038208008
6073016605,20.511219024658203
6073017029,16.48605728149414
6073017039,19.999774932861328
6073017049,21.518585205078125
6073017053,13.23845100402832
6073017054,17.51736831665039
6073017104,18.4251766204834
6073017110,19.085430145263672
6073017305,13.538925170898438
6073017403,16.091808319091797
6073017404,20.420379638671875
6073018100,25.107431411743164
6073018300,26.78540802001953
6073018514,21.06460189819336
6073018608,21.31001853942871
6073018612,23.942989349365234
6073018904,25.904531478881836
6073019105,15.141005516052246
6073019303,21.542781829833984
6073019804,15.00710678100586
6073019806,18.577713012695312
6073019904,25.519350051879883
6073020025,25.74669075012207
6073020214,28.999723434448242
6073020708,22.127071380615234
6073020801,18.12731170654297
6073020810,17.190805435180664
6073020903,27.087833404541016
6075010400,21.24658966064453
6075012501,29.098438262939453
6075012502,26.4709529876709
6075012602,22.666826248168945
6075013300,19.395294189453125
6075015100,22.89357566833496
6075016600,21.885251998901367
6075017101,18.450082778930664
6075017700,25.845483779907227
6075018000,23.40111541748047
6075020402,21.777956008911133
6075020500,20.3387508392334
6075020900,23.111440658569336
6075021100,20.295425415039062
6075021200,18.674570083618164
6075021500,20.019912719726562
6075021600,19.890493392944336
6075021700,17.701515197753906
6075022802,27.14657211303711
6075025500,21.552974700927734
6075026001,24.57672882080078
6075026002,18.549869537353516
6075026302,23.532197952270508
6075026402,23.062795639038086
6075030101,20.37033462524414
6075030102,18.92013931274414
6075030201,22.274614334106445
6075030600,17.021440505981445
6075030900,16.01398468017578
6075031400,26.663192749023438
6075032602,21.463958740234375
6075032801,24.11495018005371
6075033204,30.895462036132812
6075045100,23.18022918701172
6075047701,25.364200592041016
6075047902,22.079940795898438
6075060502,29.895029067993164
6075980200,40.90412521362305
6075980501,28.287700653076172
6077000100,31.368183135986328
6077001600,27.338863372802734
6077002504,24.329526901245117
6077003114,17.81785011291504
6077003209,21.663501739501953
6077003213,25.141965866088867
6077003214,19.861154556274414
6077003306,28.35519027709961
6077003500,23.056407928466797
6077003700,23.76221466064453
6077003801,26.488466262817383
6077004002,23.744380950927734
6077004104,15.325974464416504
6077004204,22.012653350830078
6077004402,21.842235565185547
6077004600,19.299171447753906
6077004800,20.408550262451172
6077004902,21.635652542114258
6077005129,23.695899963378906
6077005130,22.129493713378906
6077005134,22.350915908813477
6077005135,18.7559757232666
6077005210,24.876779556274414
6077005302,25.65207862854004
6077005305,26.10326385498047
6077005502,22.86311149597168
6079010002,18.08514404296875
6079010300,18.591154098510742
6079010901,31.85759925842285
6079011102,24.97108268737793
6079011600,17.53995132446289
6079012000,25.22920036315918
6079012200,25.85784339904785
6079012502,23.680994033813477
6079012600,20.881179809570312
6079012702,22.1567325592041
6081601000,23.276958465576172
6081601400,22.00051498413086
6081601601,23.507448196411133
6081601605,19.984621047973633
6081601700,18.895549774169922
6081603000,23.84095001220703
6081605300,19.979686737060547
6081606000,23.411134719848633
6081606100,24.30308723449707
6081606200,26.430049896240234
6081606300,21.6369571685791
6081606900,13.846870422363281
6081608100,19.12773895263672
6081608400,26.70787811279297
6081608900,21.347614288330078
6081609000,17.15601921081543
6081609603,13.339530944824219
6081610100,26.45280647277832
6081610304,17.455272674560547
6081610700,25.2799015045166
6081611400,17.343568801879883
6081611800,27.13442039489746
6081612000,29.066919326782227
6081612100,34.90098190307617
6081612800,13.659971237182617
6081613400,16.812000274658203
6083001304,22.375417709350586
6083001704,24.44475555419922
6083001906,18.584091186523438
6083002005,17.563112258911133
6083002210,23.122150421142578
6083002604,38.38222122192383
6083002708,21.326858520507812
6083002913,17.250612258911133
6083003001,26.21782875061035
6083003007,16.456714630126953
6083980100,55.14045715332031
6085501000,25.604034423828125
6085501101,25.34538459777832
6085501102,23.696273803710938
6085501401,28.307912826538086
6085501501,24.89151382446289
6085501800,23.597257614135742
6085501900,25.29500389099121
6085502001,25.83631706237793
6085502101,21.108905792236328
6085502201,32.10751724243164
6085502302,23.0972843170166
6085502603,18.634016036987305
6085502702,20.269121170043945
6085503210,22.595643997192383
6085503506,25.167564392089844
6085503703,25.154848098754883
6085503707,25.083341598510742
6085503804,21.784841537475586
6085503902,25.26913833618164
6085504308,16.71041488647461
6085504317,19.524900436401367
6085504321,21.184240341186523
6085504411,19.036449432373047
6085504602,28.914566040039062
6085504700,27.36501693725586
6085505009,28.304977416992188
6085505302,19.852933883666992
6085505305,20.91246223449707
6085506202,18.40741729736328
6085506301,24.418663024902344
6085506304,26.900083541870117
6085506305,27.437776565551758
6085506501,29.294334411621094
6085506601,23.12296485900879
6085506702,23.301767349243164
6085507002,14.402091979980469
6085507401,10.783860206604004
6085507703,17.205707550048828
6085507905,21.62468910217285
6085507906,12.596294403076172
6085508202,18.56692886352539
6085508505,18.546430587768555
6085509202,22.540260314941406
6085509302,16.293344497680664
6085509901,14.484392166137695
6085510700,21.244796752929688
6085510802,13.127119064331055
6085511301,19.923768997192383
6085511609,21.742923736572266
6085511702,12.764045715332031
6085511707,15.947171211242676
6085511800,18.618627548217773
6085511905,12.492631912231445
6085511912,12.192995071411133
6085511916,17.715517044067383
6085512001,17.941640853881836
6085512005,16.991043090820312
6085512019,23.65576934814453
6085512020,28.549076080322266
6085512024,24.041759490966797
6085512035,17.432376861572266
6085512038,24.289155960083008
6085512311,20.739601135253906
6085512503,16.737041473388672
6085512506,26.166725158691406
6085512603,30.169164657592773
6085513000,27.508403778076172
6087101000,29.976974487304688
6087110502,24.758747100830078
6087120200,23.98142433166504
6087120301,19.700532913208008
6087120900,20.0347843170166
6087121402,22.71278953552246
6087121600,21.320514678955078
6087123300,28.668760299682617
6089010500,21.33119773864746
6089010704,21.716489791870117
6089011001,15.706624984741211
6089011600,20.36931037902832
6089011702,21.70659065246582
6089011703,21.1278018951416
6089011802,15.632485389709473
6089012200,20.753639221191406
6089012500,17.22249412536621
6089012603,15.925366401672363
6093000703,19.588388442993164
6095250103,24.983238220214844
6095250104,21.018335342407227
6095251903,23.281343460083008
6095252306,17.92222023010254
6095252604,28.078474044799805
6095252706,22.000211715698242
6095252915,20.379985809326172
6095253105,30.2399959564209
6095253108,24.185771942138672
6095253201,13.48474407196045
6095253204,26.290693283081055
6095253206,18.05801010131836
6095253402,22.587881088256836
6095253403,20.93473243713379
6097150602,18.643234252929688
6097150607,18.343564987182617
6097150609,16.443445205688477
6097150611,23.20167350769043
6097151000,21.19898796081543
6097151201,22.987722396850586
6097151311,23.62144660949707
6097151402,27.82733726501465
6097151800,19.890283584594727
6097151900,21.578134536743164
6097152203,23.19986343383789
6097152400,16.188190460205078
6097152501,22.897239685058594
6097152702,23.024490356445312
6097153002,26.539663314819336
6097153102,26.205904006958008
6097153200,26.989646911621094
6097153401,20.83814811706543
6097153501,18.802627563476562
6097153807,18.622499465942383
6097154000,20.465850830078125
6097154100,20.638673782348633
6099000102,18.82439422607422
6099000203,20.724288940429688
6099000301,23.77984619140625
6099000304,24.356016159057617
6099000403,17.509119033813477
6099000404,21.26031494140625
6099000801,19.887939453125
6099000803,28.33730697631836
6099000807,27.37454605102539
6099000910,28.352458953857422
6099001001,23.27469825744629
6099001601,26.833255767822266
6099001604,28.444278717041016
6099002100,30.247859954833984
6099002401,26.512733459472656
6099002801,20.559837341308594
6099002802,21.533252716064453
6099002803,19.165515899658203
6099002902,23.189414978027344
6099003201,24.37641716003418
6099003804,24.117101669311523
6099003907,18.92108726501465
6101050101,27.283355712890625
6101050504,22.294462203979492
6101050603,17.263471603393555
6101051000,22.35662841796875
6105000102,26.981712341308594
6105000200,25.32316780090332
6105000300,30.883031845092773
6107000201,23.846914291381836
6107000301,21.36005210876465
6107000702,23.996686935424805
6107000900,23.742103576660156
6107001005,17.51153564453125
6107001302,23.520671844482422
6107001602,22.37930679321289
6107001901,19.403717041015625
6107002601,22.912376403808594
6107002901,26.116525650024414
6107002903,22.08066749572754
6107003902,25.320388793945312
6109001100,19.984464645385742
6109001200,22.169607162475586
6109003100,20.338001251220703
6109004100,18.06401824951172
6109005100,18.701122283935547
6111000902,19.7757568359375
6111001206,19.148836135864258
6111001401,17.70232582092285
6111001602,17.263938903808594
6111001800,15.735273361206055
6111002600,24.000410079956055
6111002905,21.058622360229492
6111003100,23.856338500976562
6111003609,18.79633903503418
6111003700,27.726852416992188
6111003900,28.827730178833008
6111004304,24.71116828918457
6111004503,29.245777130126953
6111004504,26.13257598876953
6111005203,17.163026809692383
6111005304,12.970488548278809
6111005401,18.082612991333008
6111005403,22.049501419067383
6111005801,13.954258918762207
6111005802,15.319711685180664
6111005906,17.42949104309082
6111006100,24.618879318237305
6111006301,15.869242668151855
6111006500,23.55569839477539
6111006800,22.79339599609375
6111007202,13.99865436553955
6111007402,12.978331565856934
6111007514,19.669357299804688
6111007607,17.402372360229492
6111007614,19.323833465576172
6111008202,20.762500762939453
6111008304,19.496639251708984
6111008306,24.249256134033203
6111008401,20.330387115478516
6111008500,20.01689338684082
6113010101,27.322067260742188
6113010312,22.052705764770508
6113010508,17.447784423828125
6113010511,19.904695510864258
6113010704,21.654130935668945
6113011300,20.702260971069336
6113011400,25.248472213745117
6115040600,23.28058433532715
6115040800,20.523942947387695
6115040902,23.990751266479492
6115041000,19.519853591918945
8001007802,35.782814025878906
8001008100,30.220516204833984
8001008508,21.649991989135742
8001008539,23.968467712402344
8001008542,18.26984405517578
8001008544,14.95979118347168
8001008545,15.38735580444336
8001008546,18.668346405029297
8001008606,25.11467933654785
8001009104,25.609712600708008
8001009203,34.91828536987305
8001009204,28.275897979736328
8001009207,25.8751277923584
8001009306,21.328136444091797
8001009307,25.836971282958984
8001009316,19.874526977539062
8001009323,29.724353790283203
8001009325,21.71152687072754
8001009407,24.39118194580078
8001009410,11.426799774169922
8001009553,23.0598201751709
8001009608,18.450225830078125
8003960200,23.008493423461914
8005005619,14.819478034973145
8005005620,18.748245239257812
8005005636,12.019381523132324
8005005952,22.643404006958008
8005006300,17.66484832763672
8005006603,15.66181755065918
8005006604,18.891944885253906
8005006705,14.38725757598877
8005006707,15.3118257522583
8005006709,12.133135795593262
8005006815,25.540103912353516
8005006855,16.557180404663086
8005007101,22.315948486328125
8005007600,24.733793258666992
8005080700,23.089630126953125
8005080800,28.186222076416016
8005081700,12.50459098815918
8005082000,35.957725524902344
8005082200,24.142955780029297
8005082800,20.37909507751465
8005084400,21.397348403930664
8005084700,19.95846939086914
8005085600,12.750195503234863
8013012101,17.138675689697266
8013012104,15.897222518920898
8013012203,23.452329635620117
8013012508,21.614473342895508
8013013003,16.78422737121582
8013013208,17.623369216918945
8013013302,19.559526443481445
8013013402,19.182096481323242
8013013507,19.856985092163086
8013013701,15.68727970123291
8013060600,21.3023738861084
8013060700,14.548596382141113
8014030100,17.607624053955078
8014030200,20.184032440185547
8014030700,18.54142951965332
8014031100,27.243757247924805
8015000402,24.755075454711914
8019014800,26.683948516845703
8023972600,30.663602828979492
8029965200,17.571819305419922
8031000202,22.071552276611328
8031000501,18.31800079345703
8031000502,22.734455108642578
8031000701,26.189697265625
8031000903,24.049089431762695
8031001000,23.278064727783203
8031001403,23.626005172729492
8031001500,27.64847183227539
8031001702,22.81199073791504
8031001800,27.05035972595215
8031001901,31.488933563232422
8031002402,22.590858459472656
8031002803,20.375776290893555
8031003001,17.703903198242188
8031003101,21.28969383239746
8031003102,23.90387535095215
8031003201,20.951398849487305
8031003602,24.824390411376953
8031004003,18.52581024169922
8031004005,21.820615768432617
8031004404,31.247915267944336
8031004503,25.558210372924805
8031004504,25.311250686645508
8031004801,17.897109985351562
8031005002,23.39649772644043
8031005102,17.30169105529785
8031005502,25.473508834838867
8031005503,17.84455108642578
8031006809,19.34480094909668
8031006812,13.149686813354492
8031007037,32.89236831665039
8031008387,25.296964645385742
8031008391,23.06585693359375
8031012001,19.41993522644043
8031012010,17.73534393310547
8035013901,17.86741828918457
8035014005,15.377717018127441
8035014009,16.63157844543457
8035014011,25.53195571899414
8035014107,12.263407707214355
8035014115,14.047152519226074
8035014123,20.17572021484375
8035014127,12.771198272705078
8035014129,12.53877067565918
8035014135,16.769269943237305
8035014140,12.712103843688965
8035014405,14.073877334594727
8035014603,15.438690185546875
8037000100,36.09048080444336
8037000301,27.01674461364746
8037000701,28.05906105041504
8039961205,20.04867172241211
8039961207,16.426631927490234
8041000101,22.259550094604492
8041000202,19.994359970092773
8041000302,23.677228927612305
8041001101,24.010311126708984
8041001301,20.341049194335938
8041001800,18.660354614257812
8041002400,19.379981994628906
8041003303,23.482330322265625
8041003902,16.166730880737305
8041004009,31.886070251464844
8041004100,19.817718505859375
8041004402,25.773330688476562
8041004601,24.219449996948242
8041004603,26.417404174804688
8041004705,21.1086483001709
8041005105,20.90745735168457
8041005501,22.2448673248291
8041006302,38.72106170654297
8041006901,16.077123641967773
8041007102,13.131548881530762
8041007201,18.195310592651367
8043978500,17.2460880279541
8055960600,29.613014221191406
8059009807,12.978440284729004
8059009815,13.614367485046387
8059009828,14.672025680541992
8059009838,11.43461799621582
8059009843,13.80013370513916
8059009845,12.70422077178955
8059010305,23.586368560791016
8059010502,18.687326431274414
8059010504,12.5551118850708
8059010801,14.650321960449219
8059011300,21.992712020874023
8059011702,19.5803165435791
8059011712,12.255637168884277
8059011732,27.476219177246094
8059011904,17.495548248291016
8059012024,13.541459083557129
8059012027,16.117290496826172
8059012031,15.791839599609375
8059012036,15.923723220825195
8059012041,14.011272430419922
8059012042,13.871021270751953
8059012044,21.648921966552734
8059012046,14.829230308532715
8059012049,12.065152168273926
8059015800,19.516176223754883
8067970701,20.699424743652344
8067970703,25.394710540771484
8067971100,31.210582733154297
8069000402,22.51673698425293
8069000504,23.6075496673584
8069000700,22.870447158813477
8069000902,19.53744888305664
8069001003,22.444622039794922
8069001007,22.074316024780273
8069001307,19.11336898803711
8069001602,18.476900100708008
8069001603,21.066396713256836
8069001606,19.925907135009766
8069001607,14.248559951782227
8069001708,18.885194778442383
8069001901,19.537155151367188
8069001902,18.438081741333008
8071000400,21.692888259887695
8077000200,24.249265670776367
8077000601,21.48102378845215
8077000800,19.23081398010254
8077001001,12.713397026062012
8081000500,24.008577346801758
8081000600,25.41018295288086
8083941100,49.434513092041016
8083969200,21.185649871826172
8085966601,23.14536476135254
8085966602,19.591997146606445
8087000500,33.77681350708008
8089968200,17.35851287841797
8089968300,19.519142150878906
8089968500,21.832639694213867
8093000200,20.240154266357422
8093000400,22.04460906982422
8097000402,29.537891387939453
8101000905,27.644140243530273
8101001500,21.665348052978516
8101001700,15.814900398254395
8101002500,25.10413932800293
8101002804,21.570707321166992
8101003001,22.52323341369629
8101003200,26.783557891845703
8117000402,25.10801887512207
8119010105,19.23866081237793
8123000401,19.70620346069336
8123000600,31.267061233520508
8123001003,29.96280860900879
8123001006,22.025043487548828
8123001201,20.628124237060547
8123001300,23.2755069732666
8123001404,17.978960037231445
8123001405,23.090469360351562
8123001409,21.835695266723633
8123001410,9.030045509338379
8123001415,17.035850524902344
8123002014,17.26459312438965
8123002101,18.432476043701172
8123002205,18.3083438873291
8123002501,23.27890968322754
8125963200,23.42838478088379
9001010400,21.028215408325195
9001010800,19.768247604370117
9001011200,18.93061637878418
9001011300,28.141401290893555
9001020700,15.108240127563477
9001020900,23.22323226928711
9001022100,29.57820701599121
9001035100,18.069786071777344
9001035200,14.72364330291748
9001042700,20.589828491210938
9001042800,19.049184799194336
9001043000,19.503501892089844
9001043100,19.406816482543945
9001044100,35.14797592163086
9001044400,29.16617774963379
9001044600,15.460745811462402
9001045101,11.98448371887207
9001045400,13.580500602722168
9001060300,14.53850269317627
9001060700,13.36822509765625
9001061200,21.64576530456543
9001061300,23.69920539855957
9001070300,37.2723388671875
9001070600,27.09738540649414
9001071900,40.3138542175293
9001073000,24.933143615722656
9001073100,24.198001861572266
9001073400,31.57948875427246
9001073700,35.72779846191406
9001074000,36.06125259399414
9001080200,26.857690811157227
9001080700,21.487091064453125
9001081100,14.199584007263184
9001081200,14.356476783752441
9001090300,13.704758644104004
9001105200,16.68130111694336
9001110600,16.30043601989746
9001205200,15.552042961120605
9001210100,29.8868465423584
9001210300,28.30880355834961
9001210500,19.395288467407227
9001211100,36.934757232666016
9001211400,18.723922729492188
9001230502,16.63192367553711
9001240100,14.007240295410156
9003405500,22.140056610107422
9003415300,38.05973815917969
9003415800,28.123044967651367
9003416000,33.13236618041992
9003417500,20.684968948364258
9003420700,14.818066596984863
9003430602,17.612489700317383
9003460203,17.608301162719727
9003460301,15.648496627807617
9003470100,13.3528413772583
9003471100,18.61005210876465
9003477102,17.480836868286133
9003480600,26.60154151916504
9003481000,12.995760917663574
9003487100,13.057798385620117
9003487500,16.441370010375977
9003492200,17.82445526123047
9003494600,15.761640548706055
9003497700,11.225655555725098
9003502300,26.502044677734375
9003502900,32.04974365234375
9003503100,27.995954513549805
9003503700,41.16717529296875
9003504800,24.749237060546875
9003510200,27.612144470214844
9003520202,13.972431182861328
9005253100,19.01836585998535
9005253200,18.390338897705078
9005253300,19.392976760864258
9005263200,12.770395278930664
9005265100,13.190703392028809
9005298300,14.662238121032715
9005300500,14.242294311523438
9005306100,13.401976585388184
9005310100,22.550783157348633
9005310200,25.522052764892578
9005349100,16.59676742553711
9005349200,18.504873275756836
9005425400,16.25166893005371
9007590100,13.170286178588867
9007595102,15.275392532348633
9007610100,19.084781646728516
9007610300,14.659427642822266
9009125100,14.005378723144531
9009141000,21.959136962890625
9009141200,27.497434616088867
9009141800,27.11261558532715
9009141900,25.027809143066406
9009142000,21.78923797607422
9009142300,35.14710998535156
9009142603,22.17300796508789
9009142700,29.463531494140625
9009150700,14.102602005004883
9009150800,11.8409423828125
9009150900,16.55265235900879
9009154200,27.83538055419922
9009154800,14.234524726867676
9009160100,11.156291007995605
9009161100,14.564506530761719
9009165600,26.164016723632812
9009167202,14.19277286529541
9009170400,24.65629005432129
9009170600,21.888790130615234
9009170700,23.595510482788086
9009171200,13.967846870422363
9009175800,13.14725399017334
9009176000,10.984731674194336
9009180400,17.74304962158203
9009180500,21.893491744995117
9009184500,12.221677780151367
9009184700,15.815019607543945
9009186100,15.30273151397705
9009190302,14.102696418762207
9009194202,13.160353660583496
9009345100,24.904438018798828
9009345201,22.698890686035156
9009345202,16.965513229370117
9009346101,15.049700736999512
9009348124,8.354567527770996
9009350300,39.868350982666016
9009352200,29.25312614440918
9009352300,28.304689407348633
9009352500,23.015300750732422
9009352800,27.620750427246094
9009361401,28.198734283447266
9009361500,30.90559196472168
9011660101,12.788368225097656
9011690400,33.65201950073242
9011696400,31.225072860717773
9011702500,30.645505905151367
9011702700,24.330551147460938
9011705400,14.877229690551758
9011712100,14.268094062805176
9011714104,16.420703887939453
9011870300,30.091732025146484
9011870502,20.629314422607422
9011870703,13.716249465942383
9011980000,17.28663444519043
9013530301,22.780771255493164
9013840100,16.635032653808594
9013881300,24.051347732543945
9015800500,18.277568817138672
9015815000,14.954249382019043
9015904400,18.127517700195312
9015907200,19.626117706298828
10001040100,17.71361541748047
10001041100,27.252361297607422
10001041400,25.60802459716797
10001041600,16.642425537109375
10001042100,17.539648056030273
10001042900,17.35162353515625
10003001200,17.671972274780273
10003001500,22.858875274658203
10003002900,33.69205856323242
10003010101,26.264400482177734
10003010400,19.595836639404297
10003011000,11.759028434753418
10003011204,13.9126615524292
10003011206,8.941347122192383
10003011500,15.899751663208008
10003011900,14.718960762023926
10003012000,19.192766189575195
10003013604,14.941117286682129
10003013608,16.528520584106445
10003013612,9.936376571655273
10003013903,18.06696319580078
10003014300,14.427189826965332
10003014501,31.428203582763672
10003014809,22.302579879760742
10003014903,23.757112503051758
10003015000,24.512483596801758
10003016100,17.10625648498535
10003016301,21.658546447753906
10003016401,20.242218017578125
10003016901,17.866506576538086
10003016904,13.747306823730469
10005050302,21.913766860961914
10005050408,17.736806869506836
10005050602,27.922298431396484
10005050701,18.411144256591797
10005050704,13.405153274536133
10005050706,8.07689094543457
10005050802,15.953591346740723
10005050901,14.526348114013672
10005051004,11.669658660888672
10005051007,18.205402374267578
10005051301,9.812166213989258
10005051303,14.969286918640137
10005051306,12.556313514709473
10005051500,22.220422744750977
10005051701,15.782931327819824
11001000202,19.194883346557617
11001000501,20.98077392578125
11001001804,26.460765838623047
11001002202,26.70973777770996
11001002802,27.097393035888672
11001003800,21.95766258239746
11001004202,19.746889114379883
11001004802,28.205894470214844
11001005301,22.339914321899414
11001005500,21.722639083862305
11001006202,21.666345596313477
11001006400,33.24050521850586
11001007000,20.020057678222656
11001007304,32.78268814086914
11001007409,30.84066390991211
11001007708,32.812744140625
11001007903,22.992719650268555
11001008002,18.322765350341797
11001008402,18.808086395263672
11001009203,24.06007957458496
11001009204,31.21764373779297
11001009602,30.435495376586914
11001009803,32.19173812866211
11001009907,28.712848663330078
11001010500,28.262121200561523
11001010600,21.949573516845703
11001010800,29.430997848510742
11001011000,19.86359214782715
12001000200,35.64237976074219
12001000600,24.668407440185547
12001000700,21.170135498046875
12001000808,32.78239822387695
12001001000,23.685306549072266
12001001202,20.728208541870117
12001001514,34.36177444458008
12001001701,22.30938148498535
12001001814,14.62000560760498
12001002102,16.269630432128906
12001002205,16.155054092407227
12001002207,15.035117149353027
12001002208,12.797901153564453
12001002217,40.23054885864258
12005000201,16.51885414123535
12005000805,19.24043083190918
12005001502,20.252248764038086
12005002000,19.57206153869629
12005002400,26.163747787475586
12007000100,20.16255760192871
12009060500,16.657123565673828
12009061100,16.1361026763916
12009062103,15.873496055603027
12009062108,18.15785789489746
12009062400,23.041467666625977
12009062600,27.65949821472168
12009062800,14.773443222045898
12009063000,18.22231674194336
12009063102,17.65439796447754
12009064123,21.351282119750977
12009064128,14.484410285949707
12009064201,18.103395462036133
12009065022,15.699090003967285
12009065122,24.310016632080078
12009066103,8.469810485839844
12009066200,15.728925704956055
12009066500,14.355226516723633
12009068101,18.62350082397461
12009069802,20.88707733154297
12009069901,15.361624717712402
12009071334,19.73308753967285
12009071340,19.951061248779297
12011010104,18.228681564331055
12011010405,25.928150177001953
12011010502,24.139984130859375
12011010701,25.861291885375977
12011011000,9.072033882141113
12011020104,21.558252334594727
12011020204,19.253686904907227
12011020207,14.989282608032227
12011020209,27.581449508666992
12011020211,15.953319549560547
12011020311,23.29265594482422
12011020315,20.23899269104004
12011020316,27.504663467407227
12011020404,25.265810012817383
12011020415,16.782032012939453
12011020501,25.087440490722656
12011030301,41.62862014770508
12011030402,35.14827346801758
12011030903,22.840843200683594
12011031202,13.214799880981445
12011031203,10.689568519592285
12011031204,13.394948959350586
12011040206,16.738510131835938
12011040300,23.072147369384766
12011040401,15.540550231933594
12011040502,19.911352157592773
12011040801,31.8690128326416
12011041000,23.773874282836914
12011041100,29.345727920532227
12011042100,19.809642791748047
12011042800,26.70410919189453
12011043100,21.47100830078125
12011050100,22.074628829956055
12011050206,22.803668975830078
12011050207,25.26412010192871
12011050310,16.75759506225586
12011060114,23.863847732543945
12011060118,21.7938289642334
12011060121,18.82229232788086
12011060210,20.940881729125977
12011060212,24.15321159362793
12011060213,14.255279541015625
12011060401,24.195899963378906
12011060801,19.051250457763672
12011060900,17.119125366210938
12011070205,21.350608825683594
12011070304,19.963558197021484
12011070313,20.377771377563477
12011070314,20.2264347076416
12011070321,19.081642150878906
12011070322,20.37531280517578
12011070501,17.579946517944336
12011080103,26.515344619750977
12011090200,18.598358154296875
12011090502,17.653791427612305
12011090504,20.8527774810791
12011091600,17.219942092895508
12011091902,34.19482421875
12011100104,17.835134506225586
12011100201,28.8392333984375
12011100300,25.838529586791992
12011100501,27.48624038696289
12011110302,19.043895721435547
12011110303,15.854738235473633
12011110313,24.7156925201416
12011110322,23.431743621826172
12011110323,26.148147583007812
12011110326,19.431011199951172
12011110327,22.77190589904785
12011110330,17.96555519104004
12011110343,20.95687484741211
12013010100,28.543424606323242
12015010502,10.428991317749023
12015020101,15.225021362304688
12015020103,14.420719146728516
12015020501,12.326922416687012
12015021003,16.366104125976562
12015030301,9.5264129638671875
12015030402,8.72834587097168
12015030502,10.611846923828125
12017450201,16.466917037963867
12017450304,11.819511413574219
12017450400,13.040033340454102
12017450902,13.974234580993652
12017451000,14.068489074707031
12017451700,10.727075576782227
12019030104,17.61830711364746
12019030203,20.8469295501709
12019030303,23.324373245239258
12019030400,21.764169692993164
12019030701,16.426664352416992
12019030902,22.245986938476562
12019031500,16.802663803100586
12021000500,7.391508102416992
12021010107,17.110898971557617
12021010212,16.910249710083008
12021010300,20.395992279052734
12021010401,23.78029441833496
12021010413,20.48151397705078
12021010416,12.02257251739502
12021010418,11.525717735290527
12021010505,21.943147659301758
12021010509,8.9371185302734375
12021010602,15.194032669067383
12021010701,23.34212303161621
12021011002,6.888034820556641
12021011105,14.254203796386719
12021011301,31.830015182495117
12021011400,31.261245727539062
12023110300,35.89208221435547
12023110601,24.397979736328125
12029970101,33.1971321105957
12031000700,20.40576171875
12031002400,11.70854377746582
12031002501,22.979999542236328
12031002600,27.071165084838867
12031010303,25.98154640197754
12031011700,22.06906509399414
12031012300,21.496845245361328
12031012500,21.08755874633789
12031012702,24.485082626342773
12031012703,22.441390991210938
12031013723,20.77998161315918
12031013800,26.82254409790039
12031014001,21.51374053955078
12031014202,23.911930084228516
12031014332,24.735944747924805
12031014404,27.254018783569336
12031014410,18.908946990966797
12031014412,18.63544273376465
12031014413,20.63433265686035
12031014702,18.46302032470703
12031014902,23.679306030273438
12031015100,24.5220890045166
12031015400,22.64618492126465
12031015502,32.41254425048828
12031015922,29.007579803466797
12031016200,23.041154861450195
12031016400,18.975370407104492
12031016726,19.63925552368164
12033000300,22.918581008911133
12033000600,25.763647079467773
12033000900,16.64043617248535
12033001402,22.836294174194336
12033001800,24.142953872680664
12033002000,23.82063865661621
12033002100,25.583911895751953
12033002400,26.36826515197754
12033002701,18.607933044433594
12033002703,26.812267303466797
12033002803,24.89622688293457
12033002900,22.387327194213867
12033003000,22.628080368041992
12033003100,24.104677200317383
12033003506,19.79484748840332
12033003608,16.76706314086914
12033003613,18.18782615661621
12033003800,16.307477951049805
12035060104,15.156874656677246
12035060105,10.265792846679688
12035060206,19.52290916442871
12035060207,17.39347267150879
12035060209,17.18535041809082
12035060211,14.972691535949707
12035060214,20.217477798461914
12035060303,7.022374629974365
12039020600,19.96111488342285
12041950201,16.76560401916504
12041950202,14.706254959106445
12041950203,16.37159538269043
12041950204,19.251338958740234
12049970202,16.077922821044922
12051000600,41.37853240966797
12053040202,15.86578369140625
12053040302,14.39765453338623
12053040303,15.542659759521484
12053040501,21.96380043029785
12053040602,16.406993865966797
12053040702,14.860041618347168
12053040906,18.311574935913086
12053041003,20.192106246948242
12053041004,18.39350700378418
12053041105,20.990724563598633
12053041204,17.8354434967041
12053041305,4.8654398918151855
12053041402,16.94524383544922
12053041502,13.924888610839844
12055960602,10.020874977111816
12055960800,22.111961364746094
12055961100,20.643205642700195
12055961302,8.471475601196289
12055961601,14.070281028747559
12055961603,17.546344757080078
12057000401,22.828821182250977
12057001900,25.53319549560547
12057004000,34.4884033203125
12057004200,22.280757904052734
12057004500,21.245271682739258
12057006000,16.095623016357422
12057006802,16.760276794433594
12057007001,21.693675994873047
12057010205,19.133007049560547
12057010213,18.39562225341797
12057010502,23.02668571472168
12057010701,22.811786651611328
12057010702,18.44631004333496
12057010809,29.532936096191406
12057010813,34.55338668823242
12057010817,34.72248458862305
12057011003,26.886022567749023
12057011005,15.25381851196289
12057011010,24.9849853515625
12057011014,28.3424129486084
12057011016,22.685436248779297
12057011304,18.139047622680664
12057011407,15.638654708862305
12057011416,22.2746524810791
12057011506,21.177675247192383
12057011512,16.645862579345703
12057011514,18.684362411499023
12057011521,26.30647850036621
12057011605,21.08694076538086
12057011615,27.02789878845215
12057011712,22.609498977661133
12057011904,34.05513000488281
12057012001,20.687597274780273
12057012106,20.32266616821289
12057012207,18.529165267944336
12057012401,21.450605392456055
12057012501,20.957529067993164
12057012600,23.674240112304688
12057012701,25.594268798828125
12057012800,21.867238998413086
12057013001,24.242143630981445
12057013205,17.684680938720703
12057013208,14.95429801940918
12057013305,17.232929229736328
12057013307,26.736112594604492
12057013410,26.088794708251953
12057013411,18.967073440551758
12057013413,16.71346092224121
12057013415,15.958251953125
12057013802,23.066261291503906
12057013803,25.98419952392578
12057014009,12.578910827636719
12057014011,7.923956394195557
12057014014,8.769579887390137
12057014015,5.072610378265381
12057014122,27.47591781616211
12061050601,16.414308547973633
12061050804,14.669636726379395
12061050902,12.297696113586426
12061050904,23.272722244262695
12063210200,17.643104553222656
12069030102,15.755331993103027
12069030305,8.013465881347656
12069030408,9.805459022521973
12069030411,14.00352668762207
12069030602,25.52110481262207
12069030914,21.780284881591797
12069031203,14.664048194885254
12069031205,23.220476150512695
12069031301,16.12274742126465
12069031305,23.43194007873535
12071000301,29.251583099365234
12071000302,32.13894271850586
12071000401,24.23891830444336
12071000402,15.467910766601562
12071000600,23.939817428588867
12071000800,15.599456787109375
12071000900,12.22717571258545
12071001101,28.514616012573242
12071001201,34.3830680847168
12071001501,10.443656921386719
12071001701,14.365363121032715
12071001801,18.047353744506836
12071001802,7.8420729637146
12071001906,19.239513397216797
12071001908,5.493840217590332
12071001915,11.579936981201172
12071010103,22.358333587646484
12071010105,16.378318786621094
12071010201,23.2653865814209
12071010204,14.662454605102539
12071010307,20.19689178466797
12071010409,17.32341766357422
12071010601,15.11161994934082
12071010802,18.20354461669922
12071020102,10.272541999816895
12071020300,20.092823028564453
12071020501,8.977953910827637
12071020600,16.230350494384766
12071030300,14.034845352172852
12071040122,38.10719299316406
12071040126,24.450979232788086
12071040127,25.751310348510742
12071040203,18.32788848876953
12071040208,24.35173225402832
12071040308,30.007991790771484
12071050106,11.158025741577148
12071050204,18.296403884887695
12071050207,13.463305473327637
12071050311,15.377629280090332
12071080300,23.100873947143555
12073000200,23.000259399414062
12073000301,19.593814849853516
12073000600,28.926328659057617
12073000700,23.788660049438477
12073000901,23.81954574584961
12073001401,28.621244430541992
12073001601,28.641130447387695
12073001700,14.48803997039795
12073001801,24.760128021240234
12073002103,32.62881088256836
12073002207,24.182544708251953
12073002410,20.648723602294922
12073002413,14.277861595153809
12073002603,23.329397201538086
12073002701,24.087478637695312
12075970200,18.67961311340332
12077950100,28.048198699951172
12079110100,29.728832244873047
12079110301,27.13126564025879
12079110302,31.625669479370117
12081000305,32.914302825927734
12081000601,24.34668731689453
12081000808,11.342828750610352
12081001300,18.979236602783203
12081001402,13.921944618225098
12081001501,25.755212783813477
12081001701,14.777642250061035
12081001914,18.320659637451172
12081002005,10.490527153015137
12081002011,22.549488067626953
12081002014,15.865119934082031
12081002017,19.5433292388916
12083000200,23.44767189025879
12083000702,9.691843032836914
12083001005,15.148137092590332
12083001301,17.785621643066406
12083001401,23.402341842651367
12083001900,22.27786636352539
12083002302,17.29673194885254
12083002402,18.704233169555664
12083002504,18.436830520629883
12083002602,19.24951934814453
12083002702,9.706074714660645
12085000100,4.94254207611084
12085000501,16.411880493164062
12085000604,13.07439136505127
12085000901,7.917222499847412
12085001102,11.433457374572754
12085001302,10.452052116394043
12085001406,14.240089416503906
12086000109,31.89508628845215
12086000118,31.074018478393555
12086000119,21.181028366088867
12086000120,19.087570190429688
12086000128,23.014066696166992
12086000132,17.994203567504883
12086000133,17.62302589416504
12086000134,20.5799503326416
12086000140,31.311601638793945
12086000202,21.104541778564453
12086000213,26.56770896911621
12086000301,30.45758628845215
12086000307,21.351417541503906
12086000404,25.380199432373047
12086000411,30.415634155273438
12086000412,27.32210922241211
12086000503,31.480253219604492
12086000505,18.051559448242188
12086000709,15.487994194030762
12086000710,19.483701705932617
12086000711,18.059926986694336
12086000804,16.640125274658203
12086001002,25.767501831054688
12086001003,25.838232040405273
12086001006,27.597604751586914
12086001204,22.507787704467773
12086001602,15.982297897338867
12086001606,18.40639305114746
12086002202,26.236370086669922
12086002402,26.632511138916016
12086002600,31.597660064697266
12086002702,32.942718505859375
12086002706,33.69279479980469
12086003706,57.31330490112305
12086003906,19.114486694335938
12086004105,26.16153907775879
12086004106,24.28058433532715
12086004206,25.82514190673828
12086004301,27.653175354003906
12086004404,21.71321678161621
12086005104,22.115455627441406
12086005303,23.50820541381836
12086005502,20.481891632080078
12086005703,18.99970054626465
12086005904,18.39210319519043
12086006101,15.878938674926758
12086006205,25.271440505981445
12086006301,18.430349349975586
12086006403,21.644365310668945
12086006601,22.0572452545166
12086006713,31.33717155456543
12086006714,26.477794647216797
12086006801,23.103729248046875
12086007503,23.79841423034668
12086007601,19.469589233398438
12086007801,19.575511932373047
12086007805,17.87867546081543
12086007807,19.990222930908203
12086008202,17.828577041625977
12086008412,20.8745174407959
12086008414,17.393381118774414
12086008416,20.527170181274414
12086008419,22.44298553466797
12086008602,14.00996208190918
12086008803,14.679595947265625
12086008907,16.95363426208496
12086009017,16.218460083007812
12086009021,18.484729766845703
12086009022,20.21647071838379
12086009031,21.88401222229004
12086009034,21.852415084838867
12086009307,17.524168014526367
12086009308,19.852699279785156
12086009312,23.48856544494629
12086009314,18.06284523010254
12086009704,21.147335052490234
12086009705,20.85281753540039
12086009903,21.509746551513672
12086009905,23.740577697753906
12086010010,24.218441009521484
12086010013,19.705018997192383
12086010015,23.459415435791016
12086010198,18.76241111755371
12086010204,20.21422004699707
12086010300,19.831026077270508
12086010612,21.797225952148438
12086010703,21.144329071044922
12086010704,23.358816146850586
12086010801,25.329471588134766
12086011102,22.77533721923828
12086011202,25.922677993774414
12086011404,28.81243133544922
12086012100,23.820608139038086
12086012200,16.06879997253418
12086012700,17.80877113342285
12086012800,16.32151985168457
12086013200,14.246441841125488
12086015000,14.021178245544434
12086015400,15.17178726196289
12086016300,17.020299911499023
12086017500,19.241294860839844
12086017800,23.220369338989258
12086018900,16.55218505859375
12086019500,20.145423889160156
12086020100,17.246919631958008
12086020200,19.737573623657227
12086490100,25.148664474487305
12087972100,21.859830856323242
12089050101,16.799118041992188
12089050203,10.740235328674316
12089050302,18.16851234436035
12089050503,21.96885871887207
12091021001,13.15295124053955
12091021600,10.435572624206543
12091021700,13.97887897491455
12091021900,22.4554443359375
12091023100,21.23607635498047
12091023306,22.862030029296875
12093910101,18.499969482421875
12093910201,26.635326385498047
12095010300,18.339153289794922
12095010400,30.701250076293945
12095011000,24.67612075805664
12095011701,23.924549102783203
12095011702,26.917499542236328
12095012202,27.42275047302246
12095012305,28.33234405517578
12095013201,20.2150821685791
12095013508,39.02158737182617
12095013509,19.152074813842773
12095013510,32.646610260009766
12095013512,27.85524559020996
12095013603,22.998125076293945
12095013900,20.174236297607422
12095014302,27.731603622436523
12095014502,39.88044738769531
12095014504,37.11932373046875
12095014607,30.2713623046875
12095014702,34.55281066894531
12095014704,35.92738342285156
12095015702,15.660578727722168
12095016200,17.508115768432617
12095016407,32.27248764038086
12095016410,24.296289443969727
12095016412,23.90204620361328
12095016510,33.3703727722168
12095016601,18.985797882080078
12095016723,23.118688583374023
12095016728,20.30086898803711
12095016803,20.797256469726562
12095017006,28.23395347595215
12095017014,27.10671615600586
12095017702,17.660144805908203
12095018000,24.67251968383789
12095018300,25.09120750427246
12095018800,23.165870666503906
12097040801,27.58197021484375
12097040802,26.900728225708008
12097040804,23.379531860351562
12097041500,19.308395385742188
12097041600,24.780784606933594
12097042200,24.17978286743164
12097042500,20.838817596435547
12097042602,22.225805282592773
12097043100,17.538129806518555
12097043203,21.635251998901367
12097043206,18.358915328979492
12097043302,20.262012481689453
12099000102,11.450054168701172
12099000206,19.53697395324707
12099000505,7.40330696105957
12099000804,16.94832992553711
12099001002,30.361915588378906
12099001301,30.006235122680664
12099001904,23.169490814208984
12099001915,27.704349517822266
12099002300,31.35041046142578
12099002800,26.22495460510254
12099003000,26.56369400024414
12099003509,9.96843433380127
12099004007,24.76181983947754
12099004013,16.186126708984375
12099004704,25.248157501220703
12099004810,11.048832893371582
12099004816,10.340126991271973
12099004819,25.311494827270508
12099004902,11.342899322509766
12099005300,19.517215728759766
12099005502,24.50987434387207
12099005811,14.23410415649414
12099005915,14.315876007080078
12099005921,19.06590461730957
12099005923,8.089558601379395
12099005934,8.867741584777832
12099005936,9.626160621643066
12099005940,12.314270973205566
12099005950,21.373414993286133
12099005953,9.726600646972656
12099006012,19.902210235595703
12099006203,16.873241424560547
12099006300,18.594636917114258
12099006501,28.716636657714844
12099006700,24.683025360107422
12099006906,21.50486946105957
12099006908,17.055561065673828
12099007007,15.976731300354004
12099007100,13.769729614257812
12099007301,19.44147491455078
12099007418,9.135144233703613
12099007420,10.647805213928223
12099007603,15.718400955200195
12099007605,15.726492881774902
12099007617,7.460206031799316
12099007705,20.3721923828125
12099007713,18.142467498779297
12099007730,19.584762573242188
12099007736,21.338956832885742
12099007739,17.648386001586914
12099007743,18.931285858154297
12099007747,9.469442367553711
12099007750,24.899690628051758
12099007760,19.110239028930664
12099007763,21.694015502929688
12099007766,20.37948989868164
12099007822,16.3918399810791
12099007828,15.531790733337402
12099007833,29.448162078857422
12099007909,11.422332763671875
12099008301,46.31148910522461
12101030101,16.001646041870117
12101030204,18.888286590576172
12101030404,16.346542358398438
12101030406,16.952089309692383
12101031009,20.299863815307617
12101031301,12.321602821350098
12101031302,17.385610580444336
12101031507,17.368391036987305
12101031508,15.365739822387695
12101031605,16.281604766845703
12101031701,13.992326736450195
12101031707,11.374184608459473
12101031708,11.05668830871582
12101031804,9.61613655090332
12101032007,17.663537979125977
12101032012,23.4813175201416
12101032014,18.63068389892578
12101032103,21.72886848449707
12101032106,22.128936767578125
12101032112,16.85196876525879
12101032402,23.47426986694336
12101032602,20.66649627685547
12101032803,15.988334655761719
12101033008,15.17168140411377
12101033009,17.925819396972656
12103020105,13.70615005493164
12103020201,17.80312728881836
12103020206,27.84732437133789
12103020208,26.754776000976562
12103020301,20.380332946777344
12103020302,23.449758529663086
12103020500,28.289880752563477
12103020700,22.440427780151367
12103021500,17.731185913085938
12103022200,21.58660125732422
12103022501,21.46470069885254
12103022602,16.6400089263916
12103022902,22.19678497314453
12103023600,20.099456787109375
12103024510,29.60266876220703
12103024512,13.542230606079102
12103024513,10.215039253234863
12103024803,21.315317153930664
12103024805,18.874553680419922
12103024904,19.241008758544922
12103024905,18.46668815612793
12103025012,17.077354431152344
12103025015,7.79248046875
12103025017,15.428803443908691
12103025122,13.833067893981934
12103025207,21.2047176361084
12103025305,17.7334041595459
12103025307,21.6141414642334
12103025405,18.569278717041016
12103025412,18.0223388671875
12103025415,23.029558181762695
12103025416,22.142635345458984
12103025417,10.44888687133789
12103025503,14.315858840942383
12103025505,28.479618072509766
12103026300,23.913471221923828
12103026814,9.944354057312012
12103026817,16.645740509033203
12103027207,18.286346435546875
12103027208,16.168987274169922
12103027209,14.248053550720215
12103027210,15.148514747619629
12103027314,19.598474502563477
12103027315,11.705860137939453
12103027316,11.10557746887207
12103027321,11.884547233581543
12103027403,14.066878318786621
12103027704,13.496326446533203
12103027801,15.03736400604248
12103027802,19.63584327697754
12103028003,14.27823257446289
12103028102,16.05264663696289
12103028500,18.831586837768555
12105010300,24.32991600036621
12105010604,23.274635314941406
12105011501,23.805456161499023
12105011603,12.008012771606445
12105011821,11.921988487243652
12105011832,20.7237491607666
12105011834,20.66900634765625
12105011901,24.17765235900879
12105011910,19.965801239013672
12105012001,23.17100715637207
12105012003,16.05061912536621
12105012124,20.628828048706055
12105012126,16.656972885131836
12105012127,21.862314224243164
12105012128,20.58095932006836
12105012129,20.084758758544922
12105012204,19.476587295532227
12105012410,21.977718353271484
12105012411,20.984994888305664
12105012503,14.862914085388184
12105012900,18.218238830566406
12105013001,18.83045196533203
12105013002,21.602249145507812
12105013103,24.95751190185547
12105013600,23.527334213256836
12105013802,22.515995025634766
12105014125,21.192895889282227
12105014202,14.721915245056152
12105014400,15.191739082336426
12105014502,26.906259536743164
12105014701,18.328100204467773
12105015102,16.404455184936523
12105015301,19.853315353393555
12105015702,15.430590629577637
12105015900,20.285018920898438
12107950300,17.720014572143555
12107950600,22.653175354003906
12107950700,23.19451141357422
12107951200,14.679356575012207
12107951401,22.356800079345703
12109020200,18.760955810546875
12109020500,16.23499298095703
12109020601,13.021011352539062
12109020602,16.219932556152344
12109020706,12.693862915039062
12109020806,13.74998664855957
12109021101,19.39861297607422
12109021103,18.633052825927734
12109021206,15.017921447753906
12109021404,14.133091926574707
12111380700,24.83756446838379
12111380901,21.868030548095703
12111381102,10.611753463745117
12111381601,14.211030006408691
12111382009,19.02001953125
12111382108,15.219734191894531
12111382110,22.48687744140625
12111382113,20.817142486572266
12113010503,20.596189498901367
12113010802,18.020349502563477
12113010813,18.33761978149414
12113010814,18.041332244873047
12113010817,18.557518005371094
12113010819,21.06727409362793
12113010900,15.507019996643066
12115000503,17.543560028076172
12115001303,17.28311538696289
12115001601,14.11202335357666
12115001801,12.816018104553223
12115002004,13.560253143310547
12115002302,9.960436820983887
12115002504,15.109230041503906
12115002509,13.40881061553955
12115002719,4.813755989074707
12115002720,5.910061836242676
12117020201,21.05243682861328
12117020705,20.289796829223633
12117020810,19.590620040893555
12117020811,23.4362735748291
12117021100,22.524856567382812
12117021312,22.784923553466797
12117021505,17.653039932250977
12117021506,18.50689125061035
12117021612,16.614286422729492
12117021614,19.79896354675293
12117021616,13.917466163635254
12117021706,19.39674186706543
12117021805,12.341767311096191
12117022005,22.23192596435547
12117022101,19.450851440429688
12117022105,18.49606704711914
12117022208,24.3561954498291
12117022209,18.322866439819336
12119910401,14.423736572265625
12119911301,7.679915428161621
12119911302,22.62113380432129
12121970301,15.998372077941895
12121970500,17.446353912353516
12121970600,17.932830810546875
12127080201,9.690668106079102
12127080500,17.1585693359375
12127081102,16.683616638183594
12127081800,20.84589385986328
12127082100,27.05807113647461
12127082411,16.128808975219727
12127082507,18.85129165649414
12127082509,16.39499855041504
12127082510,15.207834243774414
12127082607,15.569520950317383
12127082801,15.302867889404297
12127082904,9.064619064331055
12127083006,19.058425903320312
12127083009,18.455570220947266
12127083205,18.694974899291992
12127083207,13.694696426391602
12127090204,17.62729835510254
12127090600,25.232892990112305
12127090806,21.082277297973633
12127090902,17.131032943725586
12127090904,15.622121810913086
12127091017,21.138214111328125
12127091025,20.771373748779297
12131950101,16.883665084838867
12133970104,20.33721923828125
13001950300,20.418798446655273
13003960200,34.33154296875
13003960300,31.35386848449707
13009970600,24.53485679626465
13009970800,19.522695541381836
13013180103,17.593067169189453
13013180206,19.568613052368164
13013180302,19.589853286743164
13013180402,20.001859664916992
13015960102,15.383817672729492
13017960100,16.109703063964844
13017960500,18.858675003051758
13019970300,27.695959091186523
13021011000,24.568912506103516
13021011800,22.742916107177734
13021012101,20.880455017089844
13021013101,26.119735717773438
13021013201,28.018301010131836
13021013302,21.56822967529297
13021013411,26.84422492980957
13021013502,21.387418746948242
13021013604,17.4595947265625
13021013606,16.397932052612305
13029920305,18.329925537109375
13031110403,37.61874008178711
13031110404,39.230918884277344
13031110500,25.11257553100586
13031110700,18.78850555419922
13031110800,26.725881576538086
13031110900,20.53408432006836
13033950100,21.345592498779297
13035150200,20.17290687561035
13035150300,17.727903366088867
13037950200,35.48687744140625
13039010100,22.170040130615234
13039010200,19.349966049194336
13039010301,21.387691497802734
13039010402,19.222139358520508
13045910300,18.55978012084961
13045910400,16.86989402770996
13045910701,19.760007858276367
13047030401,15.361199378967285
13047030600,18.44664764404297
13049010100,36.13899612426758
13051001200,36.82622528076172
13051002600,25.31648063659668
13051003502,25.004125595092773
13051003601,26.348176956176758
13051004002,28.323986053466797
13051004100,19.097684860229492
13051004300,28.58907127380371
13051010102,27.043569564819336
13051010200,22.3870849609375
13051010502,29.261781692504883
13051010601,30.389734268188477
13051010807,21.529769897460938
13051010808,25.87567901611328
13051010901,28.385650634765625
13051011005,9.0684967041015625
13051011106,21.701984405517578
13051011600,27.34935188293457
13057090100,15.160649299621582
13057090702,19.002674102783203
13057090904,19.82179832458496
13057091005,22.944181442260742
13057091103,18.325536727905273
13059001900,28.104583740234375
13059002100,24.020938873291016
13059140300,27.950654983520508
13059150600,30.18988800048828
13059150900,20.373149871826172
13061960300,33.02397918701172
13063040204,35.6240348815918
13063040306,40.84027099609375
13063040411,22.024808883666992
13063040412,28.7506103515625
13063040413,24.195039749145508
13063040415,36.97141647338867
13063040417,36.68352127075195
13063040509,21.657100677490234
13063040520,37.826622009277344
13063040521,23.8262939453125
13063040606,22.963083267211914
13063040613,21.006118774414062
13063040616,31.614120483398438
13067030209,15.254878997802734
13067030218,15.190595626831055
13067030227,25.871726989746094
13067030231,12.276564598083496
13067030235,12.82242202758789
13067030314,15.343749046325684
13067030318,11.552067756652832
13067030324,16.687076568603516
13067030334,13.570779800415039
13067030342,11.557496070861816
13067030410,27.17793083190918
13067030504,22.087127685546875
13067030507,17.991121292114258
13067030602,14.717255592346191
13067030904,28.386478424072266
13067030905,22.27018928527832
13067031106,19.536361694335938
13067031108,26.079158782958984
13067031110,19.93404197692871
13067031118,19.63131332397461
13067031208,27.620834350585938
13067031307,18.983036041259766
13067031311,29.863536834716797
13067031508,17.826101303100586
13069010801,23.185890197753906
13071970200,19.938688278198242
13071970300,25.226579666137695
13073030306,18.876201629638672
13073030309,15.707446098327637
13077170700,21.216096878051758
13079070202,28.969406127929688
13081010201,21.84288215637207
13081010500,16.804792404174805
13083040102,17.002117156982422
13085970201,18.455251693725586
13087970400,25.072200775146484
13089020100,16.051300048828125
13089020300,15.017315864562988
13089021209,20.730209350585938
13089021210,10.880541801452637
13089021303,27.54635238647461
13089021414,39.73543167114258
13089021417,42.73937225341797
13089021503,26.62677001953125
13089021703,11.102073669433594
13089021812,21.157936096191406
13089022010,22.86448860168457
13089022203,27.662755966186523
13089022302,21.369384765625
13089022401,18.562421798706055
13089023101,25.533538818359375
13089023107,23.978809356689453
13089023108,27.604036331176758
13089023113,34.27096939086914
13089023204,25.06273078918457
13089023214,31.86066246032715
13089023311,21.943130493164062
13089023314,24.217453002929688
13089023421,30.754005432128906
13089023425,22.630123138427734
13089023426,18.911121368408203
13093970300,18.031444549560547
13095000501,27.1044864654541
13095000502,14.204797744750977
13095000900,28.682098388671875
13095010302,27.261363983154297
13095010402,27.259483337402344
13095010500,19.072418212890625
13095010700,31.331220626831055
13095011200,23.555849075317383
13095011300,25.425840377807617
13097080404,19.670528411865234
13097080508,24.616777420043945
13097080510,20.803253173828125
13097080603,19.556472778320312
13099090100,36.81337356567383
13103030100,17.79346466064453
13103030305,19.52766227722168
13105000500,17.677562713623047
13111050300,21.607669830322266
13113140207,16.030988693237305
13113140208,20.735708236694336
13113140306,17.648941040039062
13113140307,10.834773063659668
13113140502,16.055696487426758
13115000600,26.44327735900879
13115000800,15.004205703735352
13115001400,17.13572120666504
13115001600,28.68321418762207
13115001800,17.664350509643555
13117130101,16.469005584716797
13117130102,15.184313774108887
13117130103,20.398029327392578
13117130203,19.24289321899414
13117130304,12.263307571411133
13117130405,18.363964080810547
13117130409,22.315303802490234
13117130504,20.27934455871582
13117130509,19.19795036315918
13117130606,12.965906143188477
13117130612,12.76523494720459
13117130613,14.397462844848633
13121000100,14.14055061340332
13121000400,19.113685607910156
13121001201,22.185222625732422
13121003500,32.99024963378906
13121003800,45.91555404663086
13121004200,27.127840042114258
13121006500,23.420812606811523
13121006601,25.112667083740234
13121006900,24.301328659057617
13121007200,26.83635711669922
13121007300,27.95342254638672
13121007500,27.41629409790039
13121007604,38.20185852050781
13121007808,38.44386291503906
13121007900,19.415817260742188
13121008202,21.689815521240234
13121008301,27.04281234741211
13121008302,21.574329376220703
13121008602,23.745132446289062
13121008800,20.029897689819336
13121009102,27.538599014282227
13121009501,13.613982200622559
13121009601,23.579620361328125
13121009602,18.537214279174805
13121009603,23.31305503845215
13121010119,35.12145233154297
13121010123,27.0225830078125
13121010206,10.538333892822266
13121010208,27.86091423034668
13121010209,30.92627716064453
13121010400,18.837675094604492
13121010507,29.56134033203125
13121010510,25.043678283691406
13121010515,22.25171661376953
13121010601,24.001209259033203
13121010603,37.26728057861328
13121011306,31.44917106628418
13121011416,12.293280601501465
13121011417,13.156501770019531
13121011616,30.02168846130371
13121011621,20.984317779541016
13121011625,19.6748046875
13121011626,19.691808700561523
13121012000,34.63063430786133
13121012300,26.119565963745117
13127000200,12.077217102050781
13129970300,23.293787002563477
13129970400,20.84952735900879
13131950200,17.626096725463867
13133950100,17.117145538330078
13135050103,21.258277893066406
13135050105,24.182682037353516
13135050106,22.285903930664062
13135050107,20.078798294067383
13135050109,20.851402282714844
13135050213,17.116504669189453
13135050313,23.439273834228516
13135050317,40.098388671875
13135050321,11.058555603027344
13135050418,35.44148254394531
13135050421,32.294864654541016
13135050427,17.603246688842773
13135050434,36.669376373291016
13135050435,24.910734176635742
13135050522,26.143810272216797
13135050535,22.564899444580078
13135050544,20.80828285217285
13135050549,21.25544548034668
13135050729,27.242801666259766
13137000601,17.600675582885742
13139000102,18.186662673950195
13139000204,15.869566917419434
13139000305,18.26992416381836
13139000800,27.22555160522461
13139001002,20.076492309570312
13139001605,17.90216827392578
13139001606,25.3822078704834
13141480300,27.7165470123291
13141480400,37.063533782958984
13145120198,20.296506881713867
13151070107,19.41036605834961
13151070202,16.66179084777832
13151070307,17.954038619995117
13151070310,20.610177993774414
13151070502,19.760009765625
13153020105,22.016359329223633
13153021108,22.289993286132812
13153021113,19.23377799987793
13153021202,21.315643310546875
13153021300,20.710220336914062
13153021400,21.750652313232422
13153021500,17.699831008911133
13155950100,15.56489372253418
13157010102,16.342370986938477
13159010200,17.893417358398438
13161960200,32.821861267089844
13161960300,31.36575698852539
13163960300,21.354846954345703
13163960400,21.234752655029297
13167960100,31.127216339111328
13167960300,28.846576690673828
13169030104,19.46140480041504
13171970300,22.394742965698242
13175950900,30.191143035888672
13175951100,23.291528701782227
13177020402,21.544904708862305
13179010207,25.79134178161621
13183970200,33.78265380859375
13185010101,23.816062927246094
13185010102,20.296743392944336
13185010103,20.232017517089844
13185010401,18.628633499145508
13185011000,30.73773956298828
13185011403,20.33315086364746
13189950200,21.266559600830078
13189950500,18.171770095825195
13193000400,27.903657913208008
13195020100,16.901681900024414
13195020400,18.563369750976562
13199970500,19.15496826171875
13199970800,19.054025650024414
13211010200,17.276836395263672
13211010400,15.457232475280762
13211010500,17.28790283203125
13213010100,19.633859634399414
13213010500,20.959810256958008
13213010700,20.574554443359375
13215000200,21.284229278564453
13215000900,27.500492095947266
13215001400,30.83913803100586
13215002300,29.125389099121094
13215010201,22.664514541625977
13215010203,23.426551818847656
13215010605,22.830955505371094
13215010702,20.6029109954834
13215011100,28.55898094177246
13215011200,25.349609375
13215011500,20.38689613342285
13217100202,15.262503623962402
13217100300,21.669918060302734
13217100501,23.4658145904541
13217100800,19.49835777282715
13221960201,17.682174682617188
13223120102,17.512990951538086
13223120301,21.297334671020508
13223120303,19.9585018157959
13223120501,21.123973846435547
13225040200,23.804658889770508
13227050200,18.54426383972168
13227050400,15.276148796081543
13227050500,17.116979598999023
13229960100,17.10889434814453
13229960200,17.705961227416992
13237960101,14.433144569396973
13237960300,17.471418380737305
13239960300,32.728240966796875
13245000300,28.22240447998047
13245000600,30.304216384887695
13245000700,24.83979034423828
13245001300,19.957597732543945
13245010107,24.709823608398438
13245010506,27.263748168945312
13245010708,24.787622451782227
13245010712,23.015056610107422
13245011000,19.45747947692871
13247060101,17.668914794921875
13247060305,31.566631317138672
13247060306,20.060144424438477
13251970600,17.60918617248535
13253200100,25.226198196411133
13255160300,25.011354446411133
13255160500,23.659448623657227
13255161200,18.374608993530273
13257970100,18.648122787475586
13273120200,23.3529052734375
13273120400,21.693525314331055
13273120500,15.336822509765625
13275960500,19.1036434173584
13275960600,21.09882164001465
13275960700,25.419681549072266
13277960900,19.988323211669922
13279970300,19.092350006103516
13279970500,22.857219696044922
13281960100,11.497457504272461
13285960300,14.175995826721191
13285960502,22.571687698364258
13285960600,22.856182098388672
13285960902,18.567354202270508
13289060100,33.96209716796875
13291000204,13.844566345214844
13293010500,23.52289390563965
13295020301,18.492944717407227
13295020501,17.8809871673584
13295020602,17.1021671295166
13297110300,24.403278350830078
13297110505,17.535911560058594
13297110602,15.314238548278809
13299950400,22.980905532836914
13299950700,29.514333724975586
13303950100,15.950909614562988
13303950500,19.032690048217773
13305970400,16.247304916381836
13307960200,34.90420150756836
13311950202,12.572816848754883
13313000200,19.40763282775879
13313000502,28.46355438232422
13313000600,17.95355987548828
13313001000,27.92408561706543
13313001200,24.380918502807617
13315960100,35.31085968017578
13317010102,20.508655548095703
13321950200,19.89164161682129
13321950600,16.570220947265625
15001020202,25.5786190032959
15001020500,27.85122299194336
15001020801,25.225507736206055
15001020802,18.800966262817383
15001021106,35.3978385925293
15001021601,23.4990234375
15001021800,31.33197593688965
15001022000,32.24501037597656
15003000111,11.85442066192627
15003000302,15.021322250366211
15003000401,12.855578422546387
15003000600,16.94097900390625
15003000902,16.96152114868164
15003001000,19.34436798095703
15003001201,20.49064064025879
15003001600,20.244205474853516
15003001901,25.060041427612305
15003002100,22.005741119384766
15003002202,20.53398323059082
15003002702,21.424840927124023
15003003405,24.454673767089844
15003004200,20.345611572265625
15003004400,20.598968505859375
15003005700,27.406036376953125
15003006805,16.1453857421875
15003006900,30.62890625
15003007000,34.05340576171875
15003007100,32.51310729980469
15003007503,15.371891975402832
15003007505,18.803752899169922
15003007807,25.325651168823242
15003008005,15.047379493713379
15003008007,13.239828109741211
15003008302,23.999744415283203
15003008406,18.06943130493164
15003008411,24.201318740844727
15003008606,19.939809799194336
15003008703,29.404796600341797
15003008908,12.059951782226562
15003008923,21.11613655090332
15003008930,12.773564338684082
15003008931,11.606630325317383
15003009902,24.344684600830078
15003010305,20.51365089416504
15003010503,22.446880340576172
15003010508,20.061525344848633
15003010802,28.522661209106445
15003010905,22.611854553222656
15003011103,13.993928909301758
15003011104,13.523253440856934
15003011202,18.58789825439453
15003981400,32.92598342895508
15005031900,37.89295959472656
15007040700,25.377483367919922
15007040800,33.690372467041016
15009030301,28.356481552124023
15009030708,33.40459442138672
15009031405,27.36737823486328
15009031601,32.40924072265625
15009032000,23.202255249023438
16001001000,23.046493530273438
16001001202,20.30166244506836
16001001400,22.148571014404297
16001002221,14.516573905944824
16001002222,16.767457962036133
16001002223,11.89944076538086
16001002310,20.518795013427734
16001002313,20.080665588378906
16001002411,15.286675453186035
16001010225,15.36096477508545
16001010321,19.840057373046875
16001010322,23.294530868530273
16001010332,16.33987045288086
16001010401,17.41985511779785
16001010504,15.93510627746582
16005000200,11.828471183776855
16005000400,16.115501403808594
16005000800,29.106882095336914
16005000900,23.34002113342285
16005001101,13.595072746276855
16005001900,14.196026802062988
16007950100,14.26465892791748
16011950100,18.71255874633789
16013960200,21.987634658813477
16017950400,15.18178939819336
16019970501,17.482851028442383
16019970602,25.44276237487793
16019970800,19.949125289916992
16019971100,21.846227645874023
16019971301,19.29253387451172
16019971500,19.364770889282227
16027020504,27.154632568359375
16027020602,20.682735443115234
16027020700,17.405296325683594
16027020901,18.080997467041016
16027021002,21.421051025390625
16027021200,20.769546508789062
16027021500,23.17958641052246
16027021903,14.059831619262695
16045960100,14.03554916381836
16047960200,20.752782821655273
16051960300,18.539592742919922
16055000301,13.797348022460938
16055001100,11.94133472442627
16055001400,19.81797218322754
16055001700,13.408341407775879
16055002000,9.834383010864258
16063950100,19.774465560913086
16065950100,14.928487777709961
16065950301,32.894187927246094
16065950400,21.821218490600586
16065950500,15.47155475616455
16069960600,17.15020179748535
16071960100,13.087278366088867
16077960100,20.938955307006836
16079960300,15.657529830932617
16079960400,15.14454460144043
16083000300,16.682464599609375
16085970200,22.525001525878906
17001000900,20.730085372924805
17001010200,15.7927885055542
17001010300,16.915990829467773
17005951200,15.700386047363281
17007010500,12.292773246765137
17009970500,18.299518585205078
17011964700,16.076093673706055
17011965300,16.684371948242188
17017960300,19.425931930541992
17019000902,18.643447875976562
17019001206,11.318138122558594
17019001302,14.976245880126953
17019005500,19.718395233154297
17019010100,19.60347557067871
17019010204,19.565414428710938
17019010300,28.68024444580078
17027900402,15.410238265991211
17027900500,17.205392837524414
17027900601,13.46837329864502
17029001100,20.43077278137207
17031010201,33.25465393066406
17031010202,28.264522552490234
17031010701,27.30658531188965
17031010702,32.59978485107422
17031020500,34.22085189819336
17031020701,25.52996253967285
17031020801,31.318492889404297
17031020802,33.67868423461914
17031020902,28.204015731811523
17031030102,26.211626052856445
17031030300,28.194564819335938
17031030500,22.687755584716797
17031030601,26.675453186035156
17031030604,27.10728645324707
17031030800,21.20454978942871
17031031100,24.965328216552734
17031031900,20.42671775817871
17031050200,21.11478614807129
17031050800,19.61751937866211
17031051400,22.357980728149414
17031061901,23.619281768798828
17031062000,23.494522094726562
17031062100,25.730003356933594
17031062200,23.45526885986328
17031062400,21.403898239135742
17031062600,18.528688430786133
17031062800,21.229890823364258
17031063302,21.608613967895508
17031063400,21.936508178710938
17031070102,25.037874221801758
17031070400,22.699674606323242
17031071100,20.46977996826172
17031071700,19.264060974121094
17031080100,20.880531311035156
17031080201,19.115694046020508
17031080202,19.5073299407959
17031080400,28.956207275390625
17031081100,24.120267868041992
17031081402,23.131853103637695
17031081500,22.56891632080078
17031090100,15.828338623046875
17031100300,17.036651611328125
17031100600,19.36102867126465
17031110501,25.87403106689453
17031120300,17.16635513305664
17031130100,21.47537612915039
17031130300,32.00039291381836
17031140200,31.467735290527344
17031140400,26.645620346069336
17031140601,30.19368553161621
17031150402,25.51253890991211
17031150502,27.541595458984375
17031150600,28.16801643371582
17031151100,27.704856872558594
17031160400,27.369401931762695
17031160502,28.705129623413086
17031160700,26.298280715942383
17031170400,21.535139083862305
17031170500,22.79206085205078
17031170600,19.85176658630371
17031190100,30.142045974731445
17031190200,27.74846839904785
17031190602,26.822750091552734
17031190701,35.91027069091797
17031190800,28.335031509399414
17031200100,25.861454010009766
17031221500,25.731304168701172
17031222500,31.625612258911133
17031230300,39.24769592285156
17031230500,34.76143264770508
17031230800,33.255615234375
17031230900,34.34687423706055
17031231100,38.48957443237305
17031231500,36.6044921875
17031240300,24.467859268188477
17031241200,27.631250381469727
17031241500,25.754955291748047
17031242600,30.818132400512695
17031242900,26.46656036376953
17031243000,26.18879508972168
17031243400,26.814699172973633
17031243500,24.924564361572266
17031250400,34.63373947143555
17031250500,21.851272583007812
17031251700,38.441734313964844
17031252201,27.776453018188477
17031260300,38.899147033691406
17031260700,42.70685958862305
17031260800,39.919803619384766
17031260900,43.25669860839844
17031271300,42.08961868286133
17031280800,36.065982818603516
17031291200,42.92759704589844
17031300500,40.00386428833008
17031300700,40.58809280395508
17031310200,32.99195098876953
17031310400,35.56562042236328
17031310700,38.097042083740234
17031330200,19.833608627319336
17031350100,28.41020393371582
17031381200,31.991188049316406
17031381900,32.358585357666016
17031390100,32.20178985595703
17031390300,30.41311264038086
17031390500,27.651962280273438
17031400400,36.99577713012695
17031400800,37.84842300415039
17031410100,29.255327224731445
17031410600,26.363924026489258
17031420500,34.6867790222168
17031430900,32.34413146972656
17031440201,31.328401565551758
17031440900,26.221500396728516
17031490500,24.720806121826172
17031491000,30.975839614868164
17031500300,28.037641525268555
17031510100,26.684017181396484
17031530200,30.49684715270996
17031560100,22.443239212036133
17031570200,24.340740203857422
17031580400,30.94957733154297
17031580800,38.741275787353516
17031590500,30.53188133239746
17031600400,31.43073081970215
17031610400,44.456298828125
17031611600,36.321083068847656
17031630400,30.50347900390625
17031630500,34.06841278076172
17031640600,25.402681350708008
17031660500,29.81585693359375
17031670200,40.235107421875
17031671500,32.2883186340332
17031680500,41.43600845336914
17031681100,39.38300323486328
17031681400,32.179805755615234
17031690300,34.194358825683594
17031691000,27.214210510253906
17031691500,34.49463653564453
17031700200,24.274234771728516
17031700402,24.361913681030273
17031710200,32.659366607666016
17031710600,33.07920455932617
17031720500,13.03057861328125
17031720700,23.416994094848633
17031730600,19.084529876708984
17031740100,17.383777618408203
17031740400,19.56475830078125
17031750500,22.174076080322266
17031760803,26.61564064025879
17031770300,22.147008895874023
17031800500,12.606706619262695
17031800600,14.837586402893066
17031801000,13.51874828338623
17031801300,13.058969497680664
17031801500,13.781333923339844
17031801605,10.619369506835938
17031801901,14.114726066589355
17031802504,18.034442901611328
17031802608,12.367199897766113
17031802900,12.993412971496582
17031803008,13.36939525604248
17031803608,23.803951263427734
17031803611,24.85458755493164
17031803702,17.74994659423828
17031804109,12.236471176147461
17031804201,15.517327308654785
17031804202,14.900835037231445
17031804405,27.218364715576172
17031804506,13.581563949584961
17031804508,25.082508087158203
17031804509,20.315105438232422
17031804607,17.829442977905273
17031804701,25.190628051757812
17031804712,20.16030502319336
17031804714,17.468650817871094
17031804806,22.05632781982422
17031804902,15.90516471862793
17031805112,17.61150360107422
17031805301,14.912103652954102
17031805302,14.09352970123291
17031805401,18.21003532409668
17031805501,18.904932022094727
17031806103,16.59248161315918
17031806600,17.75408363342285
17031807200,20.601703643798828
17031807300,24.51569938659668
17031807800,16.143884658813477
17031808600,13.038724899291992
17031809200,34.702266693115234
17031809400,20.905248641967773
17031809900,16.85177230834961
17031810400,15.814173698425293
17031811000,17.21024513244629
17031811302,28.055204391479492
17031812200,11.96185302734375
17031812302,17.80518913269043
17031812801,22.021577835083008
17031813100,22.10388946533203
17031813500,28.569448471069336
17031813802,28.750980377197266
17031814100,32.728363037109375
17031814500,22.922800064086914
17031814700,25.27863883972168
17031815500,24.465255737304688
17031815900,26.0587100982666
17031816000,21.717985153198242
17031816100,24.3487606048584
17031817101,26.003887176513672
17031817102,23.538597106933594
17031817200,27.635513305664062
17031817900,24.865310668945312
17031818000,22.34779167175293
17031818900,17.16653823852539
17031819000,9.990588188171387
17031819100,25.641803741455078
17031819500,20.915517807006836
17031819700,10.665404319763184
17031820300,26.39569664001465
17031820400,28.454051971435547
17031820700,23.7278995513916
17031820901,22.747968673706055
17031821402,25.293588638305664
17031821600,21.72265625
17031821800,21.55314826965332
17031822101,20.494033813476562
17031822102,19.849308013916016
17031823603,28.25612449645996
17031823605,15.157550811767578
17031823803,16.29913330078125
17031823805,14.350396156311035
17031823806,23.57535743713379
17031824107,13.509340286254883
17031824114,16.063264846801758
17031824115,16.488752365112305
17031824119,12.740674018859863
17031824121,15.027260780334473
17031824505,21.979127883911133
17031824506,15.16065502166748
17031824702,23.566429138183594
17031824900,26.422367095947266
17031825302,21.009702682495117
17031825505,20.50995635986328
17031825900,30.957059860229492
17031826401,26.102764129638672
17031826700,30.29557991027832
17031826800,27.364797592163086
17031827400,28.811704635620117
17031827801,23.61054039001465
17031828401,17.882455825805664
17031828503,25.886005401611328
17031828802,18.96475601196289
17031829000,33.76171875
17031829401,26.706256866455078
17031829402,21.89078140258789
17031829500,24.15094566345215
17031829800,16.41572380065918
17031829901,18.03401756286621
17031830007,24.781139373779297
17031830800,25.57912826538086
17031830900,23.771089553833008
17031831900,22.2608585357666
17031832900,25.079307556152344
17031833100,18.98394775390625
17031833300,29.838518142700195
17031834400,30.410266876220703
17031834900,34.928279876708984
17031835500,29.260557174682617
17031836900,40.614192962646484
17031837400,41.986019134521484
17031838700,41.139244079589844
17031839500,26.696964263916016
17031839600,27.924053192138672
17031840000,26.915414810180664
17031841900,24.16143798828125
17031842000,26.533353805541992
17031842100,34.260005950927734
17031842300,21.38814926147461
17031842500,39.28530502319336
17031843100,40.95166015625
17031843300,41.58205795288086
17031843400,38.13563919067383
17031843900,28.314599990844727
17033880100,15.749845504760742
17033880600,13.424398422241211
17037000400,15.997965812683105
17037000800,22.79625701904297
17037001002,35.9747428894043
17039971500,17.037921905517578
17041952000,13.109345436096191
17041952100,14.247515678405762
17041952400,17.286489486694336
17043840000,21.142379760742188
17043840102,20.148935317993164
17043840201,17.454463958740234
17043840202,15.432573318481445
17043840911,19.01296615600586
17043841108,23.427473068237305
17043841110,13.872426986694336
17043841112,19.382558822631836
17043841205,19.76491355895996
17043841206,17.592927932739258
17043841321,15.544060707092285
17043841323,18.153196334838867
17043841607,18.382516860961914
17043841705,22.82660675048828
17043842400,18.726903915405273
17043842603,16.058591842651367
17043842605,12.35806655883789
17043842704,19.308570861816406
17043842800,13.269652366638184
17043843500,19.234375
17043843700,14.414555549621582
17043844002,10.853816986083984
17043844401,11.669475555419922
17043844802,13.663615226745605
17043845200,13.774087905883789
17043845401,16.254871368408203
17043845402,16.098196029663086
17043845507,9.864265441894531
17043845510,24.297895431518555
17043845602,15.47842025756836
17043845703,21.20892333984375
17043845808,15.012694358825684
17043845811,18.297433853149414
17043846002,16.61837387084961
17043846004,18.3260440826416
17043846102,24.47249412536621
17043846103,15.517942428588867
17043846201,17.89666175842285
17043846305,17.172706604003906
17043846308,20.18887710571289
17043846310,26.518617630004883
17043846315,12.664445877075195
17043846408,14.942371368408203
17043846411,25.74861717224121
17049950800,20.49500846862793
17053961700,14.849109649658203
17055040700,17.121906280517578
17057952900,13.041799545288086
17057953700,16.013851165771484
17059972700,16.01471519470215
17061973700,28.0581111907959
17061973900,18.107959747314453
17063000400,19.313495635986328
17063000500,12.932791709899902
17063000600,16.152292251586914
17063000800,15.804121971130371
17065973200,20.18587303161621
17067953700,13.697147369384766
17071973300,19.065526962280273
17071973500,18.63174819946289
17073030201,10.161276817321777
17073031000,14.722748756408691
17075950100,16.696819305419922
17075950600,17.888280868530273
17075950700,14.261747360229492
17077011600,15.853343963623047
17081050700,16.156721115112305
17085020100,10.440837860107422
17089850106,16.477741241455078
17089850201,22.905338287353516
17089850500,18.905820846557617
17089850600,16.605728149414062
17089850800,20.44452476501465
17089851908,19.88422393798828
17089852002,19.75571632385254
17089852003,12.80572509765625
17089852102,11.791667938232422
17089852202,21.21467399597168
17089852402,11.865473747253418
17089852601,15.232687950134277
17089852606,10.290079116821289
17089852808,15.693572044372559
17089852903,21.322240829467773
17089853004,20.370290756225586
17089853005,21.639284133911133
17089853100,21.96881866455078
17089853300,23.592945098876953
17089853400,29.133724212646484
17089853500,24.215839385986328
17089854302,23.241609573364258
17089854400,21.81127166748047
17091010100,16.51246452331543
17091010602,21.855806350708008
17091010702,21.47861671447754
17091010800,20.26038932800293
17091011100,17.661148071289062
17091011300,15.28428840637207
17091011400,25.142850875854492
17091011500,25.301618576049805
17093890600,15.993782997131348
17095001000,21.31254005432129
17097860101,25.898412704467773
17097860103,13.112726211547852
17097860400,27.24735450744629
17097860805,17.316959381103516
17097860904,19.102954864501953
17097861106,15.958402633666992
17097861507,22.29078483581543
17097861701,17.832340240478516
17097861803,25.761823654174805
17097861902,24.727853775024414
17097862100,26.480154037475586
17097862402,29.269107818603516
17097862501,24.247875213623047
17097862502,21.8752384185791
17097863003,21.695186614990234
17097863201,23.279273986816406
17097863702,18.587385177612305
17097864204,19.447519302368164
17097864307,14.381392478942871
17097864408,19.231658935546875
17097864505,21.714418411254883
17097864512,17.91123390197754
17097864513,12.581122398376465
17097864515,12.885581970214844
17097864518,11.186684608459473
17097864519,12.746779441833496
17097864520,15.601868629455566
17097864521,14.227360725402832
17097864601,11.443751335144043
17097864903,11.405333518981934
17097865501,18.777206420898438
17097865600,11.228813171386719
17099962700,22.347408294677734
17099963000,15.461771965026855
17099964300,25.787353515625
17101881000,18.21918487548828
17103000100,14.344985961914062
17103000600,18.566390991210938
17105960300,14.3823881149292
17107953000,12.323062896728516
17109010300,12.4749755859375
17109011100,15.569522857666016
17111870101,16.685745239257812
17111870200,16.393587112426758
17111870301,21.680755615234375
17111870807,20.600027084350586
17111870812,17.919330596923828
17111870903,22.512468338012695
17111870904,17.98999786376953
17111870905,24.845502853393555
17111871003,17.64596176147461
17111871107,11.6168212890625
17111871109,15.715751647949219
17111871500,11.553370475769043
17113000501,25.816429138183594
17113001103,17.627336502075195
17113001105,22.05301284790039
17113001302,31.431428909301758
17113001600,30.73617172241211
17113002102,18.7681827545166
17113005900,24.97117042541504
17115000200,27.067853927612305
17115000300,23.300121307373047
17115001200,20.630489349365234
17115001500,11.880096435546875
17115002000,20.974401473999023
17115002100,21.385894775390625
17115002401,9.53868293762207
17115002800,15.109408378601074
17115002903,24.796533584594727
17115003000,15.840875625610352
17115003100,35.15658187866211
17117956300,14.705906867980957
17117957100,17.06097412109375
17119400600,25.815587997436523
17119400700,25.933053970336914
17119400802,17.911785125732422
17119401000,21.17225456237793
17119402400,24.186458587646484
17119402802,12.759828567504883
17119403401,22.29593849182129
17121952600,22.802505493164062
17121952700,20.59410858154297
17123961200,14.508404731750488
17123961300,14.960428237915039
17125956600,14.359593391418457
17127970100,15.06470775604248
17127970400,18.45209503173828
17131040300,12.661231994628906
17131040400,14.187061309814453
17133600401,13.71481990814209
17135957400,14.739694595336914
17135958000,14.75986385345459
17137951700,20.378116607666016
17137951900,12.595585823059082
17139977100,16.527990341186523
17141960800,13.8429594039917
17141961100,22.206127166748047
17141961600,20.754283905029297
17141961700,14.386665344238281
17143000500,27.579254150390625
17143000600,26.074037551879883
17143001200,31.849254608154297
17143002000,19.647693634033203
17143002100,26.372467041015625
17143002500,25.639938354492188
17143003900,13.378460884094238
17143004101,15.808088302612305
17145030200,18.22906494140625
17145030600,18.83345603942871
17147954800,16.77438735961914
17157950600,19.40131950378418
17157950900,14.202386856079102
17157951100,15.177543640136719
17157951200,17.722118377685547
17159977900,12.914626121520996
17159978100,13.828988075256348
17161020100,13.09154224395752
17161020200,19.94318389892578
17161020800,15.094700813293457
17161021200,16.93089485168457
17161021300,18.88847541809082
17161022000,15.906678199768066
17161022600,29.839189529418945
17161023000,9.215557098388672
17161023600,28.130735397338867
17161024200,18.120948791503906
17161024400,26.36525535583496
17163500400,33.73973083496094
17163501501,22.426158905029297
17163501602,22.9448299407959
17163501605,15.854690551757812
17163501900,19.263530731201172
17163502401,32.03984451293945
17163503211,16.905244827270508
17163503323,13.949706077575684
17163503334,20.480316162109375
17163504302,16.554153442382812
17163504353,13.760879516601562
17163504600,33.052330017089844
17165955500,18.334970474243164
17167000201,15.826045036315918
17167000400,19.78133773803711
17167000800,28.598026275634766
17167001600,28.731332778930664
17167001900,24.035818099975586
17167002200,16.320194244384766
17167003100,11.387539863586426
17167003604,12.27941608428955
17167003700,11.552058219909668
17167003901,10.631686210632324
17173959100,13.973867416381836
17173959200,18.638843536376953
17173959600,17.89887237548828
17175951500,16.481670379638672
17177000200,13.279206275939941
17177000600,12.122604370117188
17179020100,18.642114639282227
17179020500,14.324522018432617
17179020600,15.895445823669434
17179021202,10.48577880859375
17179021203,13.267414093017578
17179021603,12.373162269592285
17179021605,14.686013221740723
17179021802,9.675810813903809
17179021900,14.19531536102295
17179022100,14.730055809020996
17181950100,17.241273880004883
17181950200,15.161062240600586
17183000300,26.98467445373535
17183000600,26.15081214904785
17183010200,19.335247039794922
17183010300,16.189125061035156
17183010500,19.329118728637695
17183010600,19.569067001342773
17183010701,16.823881149291992
17183011100,15.982268333435059
17185957400,18.861597061157227
17187870100,13.825787544250488
17189950300,13.40267276763916
17191955000,20.57277488708496
17195000500,14.043086051940918
17195000600,12.1628999710083
17195000800,14.187575340270996
17195001000,20.166589736938477
17195001100,21.829864501953125
17197880105,18.286510467529297
17197880107,22.70832061767578
17197880112,19.808366775512695
17197880115,23.229345321655273
17197880119,13.112001419067383
17197880120,21.09649658203125
17197880303,12.591852188110352
17197880306,14.930584907531738
17197880313,21.408031463623047
17197880314,13.618687629699707
17197880410,19.415447235107422
17197880417,16.448396682739258
17197880419,17.582090377807617
17197880420,18.848966598510742
17197880502,17.824039459228516
17197880507,24.944927215576172
17197881011,12.097737312316895
17197881109,16.074201583862305
17197881301,26.788373947143555
17197881401,23.877370834350586
17197881603,28.864463806152344
17197882300,24.419864654541016
17197882500,30.198610305786133
17197883212,13.71136474609375
17197883213,11.883793830871582
17197883216,15.06731128692627
17197883303,11.847796440124512
17197883305,12.610979080200195
17197883306,15.959015846252441
17197883507,14.227340698242188
17197883509,15.742565155029297
17197883606,21.354162216186523
17197883804,18.794862747192383
17197883904,17.88344955444336
17199020300,16.506206512451172
17199020400,21.82769203186035
17199020700,17.225969314575195
17199021000,20.64107894897461
17199021100,21.762174606323242
17201000506,11.17873764038086
17201000507,21.51209259033203
17201000511,17.73357391357422
17201000514,13.08206844329834
17201001200,38.414573669433594
17201002200,20.30980110168457
17201002301,23.71727752685547
17201002700,27.569744110107422
17201003300,23.278949737548828
17201003400,21.865942001342773
17201003706,14.753087997436523
17201003708,25.225217819213867
17201003710,16.292247772216797
17201003808,15.622296333312988
17203030400,14.168885231018066
17203030501,12.265579223632812
17203030502,13.96544361114502
17203030601,11.823396682739258
18001030200,19.889617919921875
18003000300,17.95171546936035
18003000500,22.50971031188965
18003000701,23.724496841430664
18003000704,22.79693031311035
18003001200,22.548259735107422
18003002000,30.264488220214844
18003002100,27.872526168823242
18003002300,27.766714096069336
18003003000,27.237154006958008
18003003901,16.616132736206055
18003003902,21.06754493713379
18003010100,15.514495849609375
18003010308,11.869791984558105
18003010500,13.338316917419434
18003010707,18.807695388793945
18003010811,15.401914596557617
18003010812,14.270952224731445
18003010817,12.939781188964844
18003011204,18.336828231811523
18003011205,16.72159767150879
18003011606,16.2722110748291
18003011900,17.550386428833008
18005010200,15.79554557800293
18005010700,18.126060485839844
18005011100,24.46982765197754
18005011200,16.356822967529297
18007100200,14.753988265991211
18011810300,13.015260696411133
18011810500,18.136808395385742
18011810604,8.965200424194336
18017951400,19.12013816833496
18019050401,21.59758186340332
18019050503,21.556568145751953
18019050504,18.799348831176758
18019050604,17.150943756103516
18019050704,14.328347206115723
18019050902,17.061065673828125
18019050904,15.3578519821167
18021040100,21.92312240600586
18021040300,15.49963092803955
18021040400,14.791472434997559
18021040600,14.81893253326416
18023950200,16.124216079711914
18023950300,15.946356773376465
18027954600,17.381193161010742
18029080201,14.028617858886719
18029080202,14.230147361755371
18031969100,16.683420181274414
18033020400,12.315290451049805
18035000400,27.509267807006836
18035000902,30.783573150634766
18035000903,24.60080909729004
18039000200,20.164688110351562
18039001300,16.44057273864746
18039001501,22.959733963012695
18039002102,25.630979537963867
18039002600,33.19813537597656
18041954400,17.601938247680664
18041954600,16.097261428833008
18043070302,18.852035522460938
18043070500,21.525714874267578
18043070600,13.773938179016113
18043071004,14.810535430908203
18043071006,21.92207145690918
18043071101,14.394509315490723
18043071200,12.766642570495605
18047960100,12.952010154724121
18047969900,21.288177490234375
18049953300,16.676515579223633
18049953500,17.16620445251465
18051050200,13.803033828735352
18051050402,15.943772315979004
18053000900,18.71637725830078
18053010400,15.52052116394043
18055954702,25.920574188232422
18055955300,20.33373260498047
18055955400,21.70568084716797
18057110100,16.935375213623047
18057110201,18.27246856689453
18057110300,14.457709312438965
18057110403,17.940919876098633
18057110807,17.7064266204834
18057110808,16.289936065673828
18057110908,10.75073528289795
18057111008,21.187990188598633
18059410100,14.021161079406738
18059410200,16.471004486083984
18059410900,11.966060638427734
18061060100,16.0269832611084
18061060500,14.17992877960205
18063210104,13.663065910339355
18063210700,14.773232460021973
18063210801,17.48710823059082
18065975500,11.663470268249512
18065975700,14.519408226013184
18067001300,18.66170310974121
18067010600,12.520218849182129
18069961300,11.867836952209473
18069962000,14.80392074584961
18071967700,14.297677040100098
18073100901,15.226324081420898
18073100902,13.633649826049805
18075963000,18.4733829498291
18077966200,15.205971717834473
18079960200,15.936336517333984
18081610603,11.950899124145508
18081610801,13.93072509765625
18081611300,20.3546199798584
18083955200,16.532161712646484
18085961300,11.443018913269043
18085961500,12.101151466369629
18085962100,17.353092193603516
18085962400,20.419443130493164
18087970100,16.310617446899414
18087970402,17.947328567504883
18087970700,11.935245513916016
18089010203,25.377029418945312
18089010302,22.09869956970215
18089010900,22.133800506591797
18089011700,32.43815231323242
18089012000,25.060598373413086
18089012500,21.73044204711914
18089020300,22.109962463378906
18089021000,25.76455307006836
18089021100,21.511991500854492
18089021500,20.825464248657227
18089022000,25.203506469726562
18089030600,28.05917739868164
18089040100,26.950862884521484
18089040300,15.69441032409668
18089040900,18.711029052734375
18089041001,28.920503616333008
18089041302,22.606008529663086
18089041600,21.695951461791992
18089041800,20.28873062133789
18089042000,17.0997257232666
18089042501,24.08623504638672
18089042609,13.059697151184082
18089042702,19.466100692749023
18089042703,12.508387565612793
18089042801,14.489092826843262
18089043403,16.10211753845215
18089043404,12.791694641113281
18091040100,22.71411895751953
18091041200,7.9526472091674805
18091041400,24.52783203125
18091041900,14.53791618347168
18091042300,26.65057945251465
18093950800,16.75016975402832
18095000300,22.247573852539062
18095001000,22.782268524169922
18095001900,19.742036819458008
18095010300,15.818954467773438
18095010700,11.793669700622559
18095011600,22.354576110839844
18095011900,24.854093551635742
18097310104,19.83734703063965
18097310105,20.0766658782959
18097310306,30.902423858642578
18097310311,19.357370376586914
18097320105,23.340072631835938
18097320107,14.528764724731445
18097320109,12.830801010131836
18097320304,16.708948135375977
18097320700,18.768543243408203
18097320902,30.634761810302734
18097320903,32.54365921020508
18097321200,14.53815746307373
18097321400,16.584814071655273
18097321600,22.995182037353516
18097321700,19.37625503540039
18097322000,23.543113708496094
18097322600,29.26165771484375
18097340202,25.680809020996094
18097340600,22.503812789916992
18097341700,24.4887638092041
18097341903,34.09022521972656
18097342101,23.837247848510742
18097350100,24.06133460998535
18097352600,29.01664924621582
18097353500,30.357524871826172
18097353600,25.2229061126709
18097358000,22.604995727539062
18097360101,29.416282653808594
18097360202,20.778892517089844
18097360405,23.1312198638916
18097360502,19.99559783935547
18097360700,18.130657196044922
18097361100,19.961118698120117
18097370202,22.776098251342773
18097370301,20.25983428955078
18097380200,21.38776206970215
18097380404,18.59233283996582
18097381002,13.475563049316406
18097381203,32.32481002807617
18097381204,21.757368087768555
18097381205,23.223058700561523
18097390102,25.30402183532715
18097390300,13.78913402557373
18097390500,23.6020565032959
18097390600,28.53133201599121
18099020600,18.23514175415039
18103952100,15.330936431884766
18103952600,16.54844856262207
18105000402,23.09247398376465
18105000700,14.338516235351562
18105000800,17.15178108215332
18105001200,14.810352325439453
18105001301,18.0118465423584
18105001303,13.856508255004883
18105001402,14.895755767822266
18105001502,14.074957847595215
18107957300,15.26741886138916
18109510600,14.005846977233887
18111100400,14.040811538696289
18111100700,15.975841522216797
18113972400,18.52859878540039
18115965800,13.656461715698242
18117951300,16.402193069458008
18121030400,11.382774353027344
18127050202,16.759408950805664
18127050407,25.090412139892578
18127050501,19.957904815673828
18127050702,20.16610336303711
18127050800,22.470430374145508
18127051008,13.62485122680664
18127051102,12.82568645477295
18129040100,15.011505126953125
18129040600,17.22543716430664
18131959000,16.105146408081055
18133956200,15.315373420715332
18133956300,18.545448303222656
18135951800,18.683462142944336
18135952000,17.387008666992188
18135952100,14.50024127960205
18137968800,17.27735137939453
18137968900,17.13758087158203
18141000500,22.854589462280273
18141002000,29.74606704711914
18141002700,29.60569190979004
18141003000,28.89309310913086
18141010200,18.813186645507812
18141011201,19.92036247253418
18141011202,25.488576889038086
18141011403,15.328831672668457
18141011503,15.863799095153809
18141011900,11.270275115966797
18141012000,11.866996765136719
18141012200,17.20913314819336
18145710100,17.42705726623535
18145710300,13.84990119934082
18145710500,19.408266067504883
18145710900,14.552435874938965
18149953700,17.65462875366211
18149953900,11.787425994873047
18149954100,15.020386695861816
18151970800,15.48167896270752
18153050300,17.124910354614258
18157000100,20.42807960510254
18157005102,13.838800430297852
18159020100,16.04923439025879
18163000100,21.054391860961914
18163000800,21.100133895874023
18163001400,24.870092391967773
18163002600,22.58846092224121
18163003300,21.888132095336914
18163003600,22.088157653808594
18163003702,23.111404418945312
18163980100,18.57073211669922
18165020300,15.8146333694458
18165020500,17.061508178710938
18167000500,26.819204330444336
18167001400,15.535160064697266
18167001700,22.483556747436523
18167010202,18.50994110107422
18167010300,14.722230911254883
18169102400,13.228924751281738
18173030200,12.986807823181152
18173030800,15.215203285217285
18175967200,16.432159423828125
18177000800,19.109272003173828
18177001100,16.391382217407227
18177010700,13.408968925476074
18181958200,19.387210845947266
18181958500,14.508729934692383
18183050100,18.295787811279297
18183050200,9.968659400939941
19001960300,13.159941673278809
19003950200,12.546671867370605
19005960300,14.149697303771973
19005960500,23.648168563842773
19009070100,13.487798690795898
19011960700,15.3033447265625
19013000100,32.82402801513672
19013001000,15.483155250549316
19013001800,24.91888427734375
19013002000,15.128527641296387
19013002601,18.578672409057617
19013002604,14.477940559387207
19013002700,12.610973358154297
19013002800,13.392361640930176
19013002902,12.916631698608398
19017004400,12.815112113952637
19017004500,12.475781440734863
19019950100,17.17513084411621
19021960200,15.867850303649902
19027960300,12.999320983886719
19029190300,15.065495491027832
19029190400,11.39684009552002
19031450200,14.524847030639648
19031450300,15.139713287353516
19033950102,19.95372772216797
19033950402,18.158510208129883
19033951000,14.259529113769531
19035080300,16.565322875976562
19037070200,14.49371337890625
19037070300,13.235607147216797
19039960100,18.8940486907959
19039960300,14.517012596130371
19043070100,14.275633811950684
19043070400,14.692119598388672
19045000200,15.890398025512695
19045000500,14.154890060424805
19045000900,12.297090530395508
19049050100,16.06930923461914
19049050200,13.52680492401123
19049050300,19.323923110961914
19049050902,16.110700607299805
19051080100,14.24822998046875
19061000702,21.19771385192871
19061001205,13.236008644104004
19061010103,12.008162498474121
19061010104,10.111211776733398
19061010202,14.928789138793945
19065080200,16.93659019470215
19065080700,13.365574836730957
19067480300,15.305389404296875
19075960100,12.546121597290039
19081270200,14.648905754089355
19085290200,12.9944486618042
19085290400,16.561588287353516
19087970200,13.450349807739258
19087970500,14.221573829650879
19091970200,14.57833480834961
19093090100,14.692785263061523
19095960300,14.028925895690918
19097950100,10.892477035522461
19097950400,10.78525161743164
19099040500,17.01470184326172
19099040800,13.26959228515625
19101090300,19.2994384765625
19103001200,14.327213287353516
19103001500,15.110373497009277
19103001802,27.816633224487305
19105070600,14.024815559387207
19107080200,16.746295928955078
19113000300,17.644258499145508
19113001003,23.29064178466797
19113001101,13.81876277923584
19113001102,17.957239151000977
19113001900,25.887794494628906
19113002800,14.05998420715332
19113003002,20.8275203704834
19113010500,12.784011840820312
19113010600,11.664790153503418
19113010700,14.166426658630371
19117950300,13.853728294372559
19121060300,12.671728134155273
19123950100,14.69873046875
19123950700,17.905324935913086
19125030100,12.573124885559082
19125030401,13.144879341125488
19125030700,14.574422836303711
19127950800,11.254222869873047
19127951000,19.432514190673828
19133960200,13.535088539123535
19139051000,22.385358810424805
19141490400,14.987711906433105
19143460200,14.634244918823242
19145490100,13.688127517700195
19149970200,21.824752807617188
19153000500,24.091964721679688
19153000902,12.815075874328613
19153001000,20.707487106323242
19153002700,25.995115280151367
19153002800,20.584333419799805
19153003100,11.942010879516602
19153004200,22.341400146484375
19153005200,27.4069766998291
19153011001,22.566207885742188
19153011027,16.660186767578125
19153011113,18.91129493713379
19153011205,28.03841209411621
19153011500,11.40925407409668
19155021603,15.58082389831543
19155021702,14.103815078735352
19155030501,19.165592193603516
19155030502,20.704336166381836
19155030601,20.250850677490234
19155031100,19.298961639404297
19155031602,11.45607852935791
19155031700,16.898670196533203
19157370300,14.833446502685547
19157370500,15.640217781066895
19161080100,14.733760833740234
19163011300,23.601980209350586
19163012000,13.836587905883789
19163012801,23.595775604248047
19165960300,14.291993141174316
19167070100,15.12233829498291
19167070600,14.54665470123291
19169000200,13.490720748901367
19169000900,17.012786865234375
19169001200,10.235350608825684
19171290200,12.952906608581543
19171290600,16.795276641845703
19179960200,22.037019729614258
19179960300,13.428854942321777
19179960600,17.913358688354492
19179960800,10.89146900177002
19181020100,10.144415855407715
19181021100,12.320087432861328
19183960300,15.266818046569824
19185070100,12.1876859664917
19185070300,17.021060943603516
19187000400,20.231674194335938
19191950100,11.814194679260254
19193000300,18.202253341674805
19193000600,20.811664581298828
19193001000,24.321151733398438
19193001300,31.742210388183594
19193001800,19.95903205871582
19193002101,13.63591194152832
19193003100,15.124944686889648
19193003500,15.655871391296387
19197680200,14.014603614807129
20001952700,14.71323299407959
20003953600,15.295702934265137
20007968200,14.2804594039917
20009971500,14.904656410217285
20011955800,15.74431037902832
20011955900,18.458162307739258
20013480600,18.237863540649414
20021958600,26.56637191772461
20031966200,15.324892044067383
20033967600,17.10117530822754
20035493600,19.273706436157227
20035493800,20.695833206176758
20037956600,23.129606246948242
20037956800,22.032045364379883
20037957300,21.85378646850586
20039951100,15.652876853942871
20041084100,15.263723373413086
20041084600,22.926116943359375
20045000200,22.91926383972168
20045000502,21.97099494934082
20045000801,24.939367294311523
20045000902,21.575410842895508
20045001002,22.473421096801758
20045001500,20.356868743896484
20047969700,14.879480361938477
20055960300,19.90523338317871
20055960600,23.50689125061035
20059954300,19.509918212890625
20061000200,33.64138412475586
20065952200,12.433464050292969
20067963600,26.913469314575195
20071958100,21.838167190551758
20075958600,30.65904998779297
20077961600,14.756776809692383
20077961700,18.261079788208008
20079030400,17.086803436279297
20079030500,15.070823669433594
20091050200,16.452960968017578
20091051100,18.7186279296875
20091051200,18.29143524169922
20091051400,10.83104419708252
20091051907,25.732093811035156
20091052102,20.100797653198242
20091052305,11.906885147094727
20091052306,9.580063819885254
20091052419,21.32195472717285
20091052601,11.03039836883545
20091052603,13.034172058105469
20091052606,19.192081451416016
20091052905,26.393383026123047
20091053008,18.866180419921875
20091053010,9.8124847412109375
20091053011,11.686226844787598
20091053109,22.214109420776367
20091053202,13.111044883728027
20091053301,11.06777286529541
20091053403,17.881555557250977
20091053417,12.330228805541992
20091053509,14.514702796936035
20091053705,19.712549209594727
20091053709,13.37248420715332
20091053712,12.982537269592285
20099950200,20.31865119934082
20099950500,18.093395233154297
20103070300,18.389917373657227
20113788300,12.760851860046387
20113788700,12.562283515930176
20115489600,13.531350135803223
20115489700,10.685762405395508
20117040701,12.282761573791504
20121100700,25.994600296020508
20123176600,13.405768394470215
20125950200,15.475217819213867
20125950400,21.75269889831543
20127963600,14.73352336883545
20131480100,15.598855972290039
20133952000,15.101505279541016
20137951700,15.165430068969727
20143085700,15.618249893188477
20147475100,13.576506614685059
20149000300,20.644821166992188
20153950600,15.657805442810059
20155000200,15.10367488861084
20155000800,21.391159057617188
20155001100,11.694355010986328
20155001700,17.305503845214844
20161000200,20.25177574157715
20161000304,22.5743465423584
20161000801,30.03899574279785
20169000300,22.676103591918945
20173000100,23.94093894958496
20173000800,27.044233322143555
20173001000,24.089576721191406
20173002400,32.63168716430664
20173003600,26.20014762878418
20173004300,29.81938934326172
20173005900,24.14259910583496
20173006200,23.549694061279297
20173007000,28.168102264404297
20173007102,27.852083206176758
20173008200,22.51849937438965
20173008800,18.402589797973633
20173009200,18.814353942871094
20173009302,23.71213150024414
20173009503,13.144609451293945
20173009509,18.166702270507812
20173009801,17.957883834838867
20173009900,13.720343589782715
20173010002,9.823046684265137
20173010108,18.169750213623047
20173010600,11.932348251342773
20177000500,29.232213973999023
20177002200,17.46051025390625
20177002500,17.72381019592285
20177002602,16.281898498535156
20177003302,12.043440818786621
20177003604,9.284224510192871
20177003605,9.889270782470703
20177003606,20.13513946533203
20177003700,16.212398529052734
20179952600,16.756629943847656
20183475800,12.277978897094727
20187964100,28.361751556396484
20191962100,17.429170608520508
20197483100,17.269567489624023
20205097300,18.475528717041016
20209040600,24.594995498657227
20209040700,26.42856788635254
20209041000,30.737178802490234
20209041100,29.643014907836914
20209041300,29.52109718322754
20209041600,25.242563247680664
20209042100,26.986604690551758
20209043301,29.8422908782959
20209044003,21.339834213256836
20209044004,22.14556121826172
20209044201,17.66522789001465
20209044202,18.649089813232422
20209044500,20.696075439453125
20209044703,13.860240936279297
20209044704,17.89069938659668
20209044803,14.837092399597168
20209044805,25.71414566040039
20209044806,18.34129524230957
21001970600,14.458348274230957
21009950700,13.9495849609375
21011970300,16.66441535949707
21013960800,34.99062728881836
21015070100,23.020511627197266
21015070305,16.71053123474121
21015070311,18.585662841796875
21015070401,12.968152046203613
21015070504,17.219770431518555
21015070601,13.626770973205566
21015070606,19.75894546508789
21019031200,14.385680198669434
21019031300,18.33099365234375
21021930600,14.522313117980957
21023950300,15.842389106750488
21025920400,18.044965744018555
21027960300,16.929073333740234
21029020101,15.947471618652344
21029020601,17.133121490478516
21031930300,20.4049015045166
21031930400,14.14246940612793
21033920100,11.804749488830566
21035010200,13.588147163391113
21037050100,28.561716079711914
21037051200,23.617752075195312
21037052200,14.987837791442871
21037052302,16.172204971313477
21039960100,13.512980461120605
21041950100,18.99700355529785
21043960100,18.174671173095703
21045950100,14.884971618652344
21047200100,27.77275848388672
21047201100,15.36392879486084
21049020101,20.392568588256836
21049020500,13.842339515686035
21051950100,17.95663833618164
21051950200,18.668622970581055
21057950100,15.077957153320312
21059001502,12.12116813659668
21061920300,18.691083908081055
21065920200,17.41204261779785
21067000300,26.53717041015625
21067000400,28.76870346069336
21067001000,27.421310424804688
21067003702,18.758495330810547
21067003804,28.80834197998047
21067003906,11.427905082702637
21067003910,31.57080078125
21067003916,10.091533660888672
21067004001,23.734092712402344
21067004005,9.860422134399414
21067004103,22.396207809448242
21067004107,15.472561836242676
21067004209,12.426493644714355
21067004210,14.215960502624512
21071920100,18.51207733154297
21071920200,17.621612548828125
21071920900,17.81292152404785
21073070401,18.005237579345703
21079970400,14.622248649597168
21081920400,17.119773864746094
21085950700,12.077329635620117
21089040501,15.749136924743652
21089040700,14.920056343078613
21091960300,13.318544387817383
21093000100,20.016521453857422
21093000400,23.841514587402344
21093000500,25.04316520690918
21093001002,15.260765075683594
21093001200,17.84852409362793
21095970400,18.565839767456055
21095970600,19.404987335205078
21095970700,16.1898136138916
21099970300,15.262460708618164
21099970500,15.142132759094238
21101020701,16.27827262878418
21103090200,16.335647583007812
21107970300,17.577098846435547
21107970900,16.476177215576172
21107971100,16.85028839111328
21109960200,31.091459274291992
21111000200,25.908039093017578
21111000400,22.910236358642578
21111001600,25.86520004272461
21111002300,29.607711791992188
21111003500,37.148216247558594
21111006400,20.59568214416504
21111007800,14.658100128173828
21111008200,22.423137664794922
21111008300,18.489639282226562
21111008500,18.277048110961914
21111009103,24.689756393432617
21111009105,25.78380584716797
21111009106,21.360742568969727
21111010007,11.404217720031738
21111010008,15.008698463439941
21111010309,10.091547012329102
21111010312,10.151639938354492
21111010403,11.810574531555176
21111010405,19.60040855407715
21111010602,26.100114822387695
21111010901,24.664119720458984
21111010902,16.91703987121582
21111011106,18.64683723449707
21111011113,16.804643630981445
21111011114,14.57597541809082
21111011406,25.93267822265625
21111011516,19.480175018310547
21111011520,9.523228645324707
21111011604,10.872817039489746
21111011901,30.14899253845215
21111012001,18.728336334228516
21111012003,19.574352264404297
21111012702,20.332054138183594
21111012801,22.476503372192383
21113060101,17.928970336914062
21113060200,16.64348793029785
21113060300,14.847296714782715
21115960100,19.562856674194336
21117063604,18.997873306274414
21117064200,15.256109237670898
21117065100,28.198884963989258
21117065501,10.799738883972168
21117065502,11.580482482910156
21117066900,19.57903480529785
21119960200,31.250520706176758
21123960300,16.308500289916992
21125970600,17.972013473510742
21125970700,20.137802124023438
21125971001,19.434497833251953
21127930200,14.826184272766113
21127930500,17.52037811279297
21131920100,17.687292098999023
21133950600,16.946277618408203
21137920400,16.474544525146484
21141960300,18.090879440307617
21141960400,15.910703659057617
21141960500,17.088590621948242
21145030200,23.71381950378418
21145031200,16.28281021118164
21145031302,11.629148483276367
21145031400,17.213088989257812
21145031500,14.9342679977417
21147960200,30.116748809814453
21149970100,17.023300170898438
21151010101,14.621933937072754
21151010300,24.439496994018555
21151010400,24.3800048828125
21151010500,33.691287994384766
21151010800,15.621546745300293
21151010903,25.000308990478516
21151011000,16.432775497436523
21151011400,17.062942504882812
21153970100,36.36996841430664
21153970200,31.165245056152344
21155970500,16.90237808227539
21157950300,12.899840354919434
21157950500,15.0720796585083
21159950200,34.740875244140625
21163970200,32.94169616699219
21163970401,19.65382194519043
21163970500,17.859169006347656
21167960100,14.29545783996582
21167960200,19.664094924926758
21169960300,16.428842544555664
21171930300,16.064373016357422
21171930400,15.723777770996094
21173920400,18.08030891418457
21175950100,16.706161499023438
21175950200,14.405207633972168
21177960400,18.2252197265625
21177960500,17.447439193725586
21177960800,13.61911678314209
21179930700,16.87371826171875
21183920100,14.264300346374512
21183920200,15.891677856445312
21183920700,14.490067481994629
21185030100,12.055450439453125
21185030302,21.107315063476562
21189930100,31.697126388549805
21191930300,17.321157455444336
21193970900,20.366647720336914
21195931000,16.9152774810791
21195931200,19.1905574798584
21195931300,17.46766471862793
21199930402,16.015077590942383
21199930502,16.471590042114258
21203950200,29.40204620361328
21203950300,25.760103225708008
21205950300,20.568815231323242
21207960101,17.144832611083984
21207960102,17.77129554748535
21207960200,14.500035285949707
21209040205,21.23238754272461
21213970200,17.962800979614258
21221970300,11.328624725341797
21223100200,17.234472274780273
21227010400,31.50016975402832
21227011001,29.370868682861328
21227011002,26.883230209350586
21227011402,13.295472145080566
21227011500,13.00333023071289
21227011600,14.412596702575684
21231920300,32.782249450683594
21235920400,20.396419525146484
21235920700,20.272043228149414
21235920800,18.54468536376953
21239050107,17.790367126464844
21239050300,17.514474868774414
22001961000,21.536653518676758
22003950100,29.090299606323242
22003950400,28.80691146850586
22005030205,20.74199104309082
22005030900,36.35346984863281
22009030900,36.431617736816406
22011960200,17.15683364868164
22013970400,26.902799606323242
22015010500,23.450138092041016
22015010601,28.705448150634766
22015010900,28.58612632751465
22015011103,15.18149471282959
22015011110,18.85639762878418
22017020500,26.236623764038086
22017020700,23.675399780273438
22017021100,29.195289611816406
22017021700,27.052474975585938
22017022300,26.675050735473633
22017022500,26.95400619506836
22017023200,28.698551177978516
22017023800,21.764230728149414
22017023901,17.73847770690918
22017023903,15.95800495147705
22017024000,12.225381851196289
22017024102,18.69217300415039
22017024400,20.052289962768555
22017024503,31.601999282836914
22017024602,26.72054672241211
22017024900,30.0007381439209
22017025405,20.68284797668457
22019000500,19.245712280273438
22019000600,24.476539611816406
22019001000,17.145708084106445
22019001600,26.920196533203125
22019001901,14.465028762817383
22019001903,21.254669189453125
22019002000,31.457468032836914
22019002201,25.31562614440918
22019002203,27.540311813354492
22019002500,20.329181671142578
22019002600,21.639982223510742
22019002800,23.298992156982422
22019003400,17.955188751220703
22023970100,28.786205291748047
22027950200,18.47574234008789
22027950500,22.843284606933594
22029000300,35.72645568847656
22031950300,31.357580184936523
22031950500,37.36625671386719
22033000200,29.221649169921875
22033000400,26.714033126831055
22033001700,21.27189064025879
22033002700,23.370256423950195
22033003000,29.405384063720703
22033003101,26.057029724121094
22033003400,25.48756217956543
22033003501,26.163528442382812
22033003504,22.424474716186523
22033003505,27.548908233642578
22033003805,20.584592819213867
22033004006,17.789960861206055
22033004011,39.63804244995117
22033004014,31.57912254333496
22033004203,22.724580764770508
22033004205,24.467262268066406
22033004301,17.739423751831055
22033004302,16.236047744750977
22033004402,23.019916534423828
22033004403,19.55721092224121
22033004800,23.13608741760254
22033004900,15.416932106018066
22035000200,29.88829803466797
22037951502,27.44076919555664
22039950400,21.08866310119629
22041950200,19.62926483154297
22041950300,36.79914474487305
22041950600,31.376928329467773
22043020401,25.938499450683594
22045030100,21.102231979370117
22045030200,21.251008987426758
22045030700,20.52739143371582
22045030900,29.55002212524414
22045031000,26.454404830932617
22047952700,27.708599090576172
22047953102,21.550548553466797
22049970200,25.604143142700195
22051020101,21.56555938720703
22051020202,35.15418243408203
22051020512,19.44146728515625
22051020513,30.436737060546875
22051020515,21.727800369262695
22051021801,20.409921646118164
22051021804,40.03786849975586
22051022002,13.95645523071289
22051022101,13.035625457763672
22051022200,17.560152053833008
22051022301,18.67697525024414
22051022600,14.914684295654297
22051022700,18.527740478515625
22051022800,21.6475772857666
22051025700,27.247743606567383
22051026200,24.035144805908203
22051026400,20.52886962890625
22051026500,16.16905975341797
22051027100,19.102611541748047
22051027703,26.138853073120117
22051027806,21.474275588989258
22051027811,22.386859893798828
22051028200,24.907737731933594
22053000100,24.24630355834961
22053000400,26.957679748535156
22053000500,19.39604377746582
22055000100,28.69879913330078
22055001401,19.82530975341797
22055001405,23.182828903198242
22055001407,16.431058883666992
22055001600,10.87706470489502
22055001902,26.722978591918945
22055002001,30.25143814086914
22055002103,23.64387321472168
22057020400,26.119779586791992
22057020900,24.04591178894043
22057021300,31.26436996459961
22057021400,26.562244415283203
22061960200,25.46550941467285
22061960600,23.060579299926758
22061961000,30.09180450439453
22063040100,29.998485565185547
22063040600,20.39546775817871
22063040700,20.069149017333984
22063040804,21.556053161621094
22063040805,22.8731746673584
22065960300,39.131141662597656
22069000100,29.34103775024414
22071000607,22.513046264648438
22071000615,40.17839050292969
22071000901,36.33143615722656
22071001100,36.39588928222656
22071001301,37.48035430908203
22071001401,36.56624984741211
22071001736,44.28743362426758
22071001750,41.8262939453125
22071001751,46.881317138671875
22071002504,31.79576301574707
22071003000,42.00026321411133
22071003100,40.61061477661133
22071003301,30.458337783813477
22071004100,28.3756160736084
22071004401,42.25729751586914
22071005601,24.308040618896484
22071006300,47.897003173828125
22071006400,40.28699493408203
22071007200,44.73405456542969
22071007605,40.58984375
22071008200,30.982704162597656
22071008500,46.353633880615234
22071009100,38.43759536743164
22071009400,47.31686782836914
22071009600,31.428970336914062
22071010200,40.07070541381836
22071010300,38.77022171020508
22071010700,28.728782653808594
22071012101,30.375558853149414
22071013000,36.49861526489258
22071013400,29.962114334106445
22073000401,26.725914001464844
22073000600,27.13737678527832
22073001100,28.63239860534668
22073010102,22.475893020629883
22073010503,17.017915725708008
22073010700,27.346324920654297
22075050100,35.565120697021484
22077952300,27.286405563354492
22077952400,30.303422927856445
22079010500,28.207487106323242
22079010600,28.3648681640625
22079011000,29.43233871459961
22079011600,21.108966827392578
22079011700,26.975971221923828
22079012302,16.38529396057129
22079012500,23.4792537689209
22079012800,24.83002471923828
22079013100,20.288028717041016
22079013300,28.073198318481445
22083970200,27.256086349487305
22083970500,23.39836311340332
22085000100,32.207733154296875
22085000200,29.496166229248047
22085000600,26.891056060791016
22087030204,37.062103271484375
22087030207,32.08164596557617
22087030208,27.023088455200195
22087030500,28.895465850830078
22089062800,34.114723205566406
22093040300,22.100950241088867
22095070400,19.35276985168457
22095071000,26.4710636138916
22097960200,27.931068420410156
22097961200,22.73365592956543
22099020100,16.32158088684082
22099020502,24.261558532714844
22101040100,33.81900405883789
22101040200,19.34662628173828
22101041200,34.06520080566406
22101041500,21.228334426879883
22103040202,17.31365966796875
22103040400,16.902795791625977
22103040605,18.238412857055664
22103040701,19.526765823364258
22103040704,23.728803634643555
22103040710,22.11353874206543
22103040801,24.89215087890625
22103040803,34.0838737487793
22103041002,16.652437210083008
22103041212,14.609259605407715
22103041300,19.076974868774414
22105953800,26.390775680541992
22105954001,32.32218933105469
22105954800,19.693920135498047
22107000200,31.495264053344727
22109001000,20.36578941345215
22113950400,20.521236419677734
22113950600,19.320711135864258
22113950902,22.295019149780273
22115950800,29.188396453857422
22117950900,26.169023513793945
22119031100,16.02739715576172
22119031300,27.872486114501953
22119031600,14.942645072937012
22119032000,17.816484451293945
22121020200,28.205045700073242
22121020402,22.324804306030273
22123000100,27.483118057250977
22123000300,19.660085678100586
22125951702,40.82352066040039
23003950100,13.74239444732666
23003950600,18.3701114654541
23003951600,22.93484115600586
23005001300,22.269153594970703
23005001700,16.398794174194336
23005002001,15.688614845275879
23005002200,19.803951263427734
23005002600,12.926520347595215
23005002700,19.444692611694336
23005002800,21.347875595092773
23005002900,16.700284957885742
23005003100,18.170888900756836
23005004100,15.807894706726074
23005004501,14.158331871032715
23005004600,12.511137962341309
23005004801,14.989752769470215
23005011300,13.340775489807129
23005011500,14.513364791870117
23005012000,16.38089942932129
23007971100,18.90207862854004
23007971400,15.719879150390625
23011010500,18.040019989013672
23011010802,15.470783233642578
23011014000,19.50531005859375
23011016000,12.234848976135254
23011022000,14.08849811553955
23011023001,16.574190139770508
23011024102,22.140073776245117
23011024200,15.40107536315918
23013970600,18.25661849975586
23015975300,17.395414352416992
23015975400,12.164860725402832
23015975800,14.419936180114746
23017965600,13.892857551574707
23017965800,14.925148010253906
23017966100,14.593072891235352
23019004100,22.44987678527832
23019004200,15.647176742553711
23019004300,17.704124450683594
23019006200,13.511359214782715
23019013000,22.63127326965332
23019014000,24.00778579711914
23019031000,13.132323265075684
23021960400,17.92525863647461
23021960800,19.24509048461914
23023970100,21.58619499206543
23023970301,12.48392105102539
23025966200,22.389991760253906
23025966400,24.737735748291016
23025966600,16.012653350830078
23027041000,15.357792854309082
23027043000,15.62486743927002
23027044000,19.017932891845703
23027046002,23.917232513427734
23029955600,27.873003005981445
23029956200,25.456878662109375
23031005400,11.702340126037598
23031006101,15.540565490722656
23031006102,19.927248001098633
23031025201,21.402063369750977
23031026000,17.011415481567383
23031030100,17.64981460571289
23031030201,17.911670684814453
23031030203,16.124439239501953
23031038001,16.398073196411133
24001000100,17.606006622314453
24001000400,16.25480842590332
24001000500,20.549646377563477
24001000800,22.085172653198242
24001001300,18.782968521118164
24001001401,13.044779777526855
24001001800,25.08742904663086
24003702206,16.42306900024414
24003702300,12.241506576538086
24003707001,16.851499557495117
24003730502,22.09549903869629
24003730506,32.222023010253906
24003730603,16.78177833557129
24003730604,12.566889762878418
24003731103,18.628578186035156
24003731203,16.01251792907715
24003731306,15.501604080200195
24003731308,17.307477951049805
24003731309,20.562742233276367
24003731311,20.56363296508789
24003740104,19.84585189819336
24003740601,30.594663619995117
24003750400,14.2644681930542
24003750900,20.143177032470703
24003751000,20.615453720092773
24003751600,8.097017288208008
24005400200,22.90781593322754
24005400701,25.18346405029297
24005400702,23.12888526916504
24005401000,18.957487106323242
24005401301,22.087432861328125
24005401503,17.914091110229492
24005401504,21.755128860473633
24005401505,19.609573364257812
24005402404,25.641185760498047
24005402405,24.557159423828125
24005402604,16.607757568359375
24005403802,11.026581764221191
24005404101,19.252273559570312
24005404402,19.1502685546875
24005404403,27.00524139404297
24005404404,17.403717041015625
24005404800,12.468343734741211
24005408400,14.861971855163574
24005408702,12.907590866088867
24005410100,11.970657348632812
24005411101,12.089841842651367
24005411201,12.610306739807129
24005411404,14.442773818969727
24005411408,22.91809844970703
24005420100,14.62852954864502
24005420302,24.550617218017578
24005420402,17.467517852783203
24005420600,22.835994720458984
24005420702,18.17257308959961
24005421300,26.42700958251953
24005430101,29.366283416748047
24005440500,13.937807083129883
24005450400,17.967899322509766
24005450900,15.903971672058105
24005451200,13.494978904724121
24005451300,26.307870864868164
24005451701,15.602595329284668
24005451900,15.599218368530273
24005490400,13.015615463256836
24005490500,12.89755916595459
24005491202,17.242868423461914
24005491401,28.887117385864258
24005491402,24.394107818603516
24005491600,21.22695541381836
24005491701,21.68747329711914
24005492002,18.559551239013672
24009860102,13.939396858215332
24009860402,20.92445945739746
24009860801,17.458370208740234
24009860900,15.827329635620117
24009861001,15.078834533691406
24011955400,15.181403160095215
24013501001,19.994348526000977
24013503000,12.633974075317383
24013504201,12.674601554870605
24013505101,10.676552772521973
24013505206,11.270464897155762
24013506102,13.330941200256348
24013506200,14.19035816192627
24013507500,18.005081176757812
24013507602,18.662763595581055
24013507802,13.859743118286133
24013508200,14.277796745300293
24013510000,17.70602798461914
24013512000,19.7255802154541
24015030505,20.603059768676758
24015030601,14.766325950622559
24015030905,17.337940216064453
24015030906,19.57419204711914
24015031302,18.751554489135742
24015031400,17.432931900024414
24017850101,21.086463928222656
24017850709,26.77115249633789
24017850710,19.639028549194336
24017850801,15.66872787475586
24017851002,18.60077476501465
24017851100,18.261653900146484
24017851200,22.911483764648438
24017851301,13.886519432067871
24019970500,25.409101486206055
24021750300,25.86271095275879
24021750600,15.572476387023926
24021750701,22.53728675842285
24021751801,15.040702819824219
24021751901,18.507612228393555
24021752102,14.872923851013184
24021752301,21.63203239440918
24021752801,13.890493392944336
24021775400,19.314529418945312
24023000200,14.918065071105957
24023000300,16.126018524169922
24023000400,14.864494323730469
24023000700,15.44417953491211
24025301205,16.491355895996094
24025302801,14.701327323913574
24025303501,12.178231239318848
24025303605,19.37775230407715
24025303700,14.073307037353516
24025303900,17.051944732666016
24025304101,11.766029357910156
24025305300,16.586223602294922
24025306300,16.085704803466797
24025306400,18.304733276367188
24027601105,16.6754093170166
24027602303,12.685428619384766
24027602304,10.837414741516113
24027602305,10.566895484924316
24027602600,24.969013214111328
24027602800,19.962413787841797
24027602900,26.504972457885742
24027603003,12.32471752166748
24027603004,12.938228607177734
24027605104,14.522436141967773
24027605402,24.22418785095215
24027605601,20.155513763427734
24027606603,25.50558853149414
24027606701,13.062578201293945
24027606706,14.010988235473633
24027606901,22.112478256225586
24029950200,17.428651809692383
24029950300,19.29561996459961
24031700204,19.280597686767578
24031700206,15.824872970581055
24031700308,17.832496643066406
24031700400,15.929463386535645
24031700500,17.092857360839844
24031700613,16.988327026367188
24031700614,24.0882625579834
24031700716,21.897037506103516
24031700717,26.41316032409668
24031700718,18.72784423828125
24031700720,23.407203674316406
24031700817,30.392690658569336
24031700820,29.092144012451172
24031700828,13.249067306518555
24031700830,36.447959899902344
24031700834,24.26320457458496
24031700835,16.559680938720703
24031700902,24.281204223632812
24031701001,17.830408096313477
24031701005,19.546873092651367
24031701007,22.221195220947266
24031701101,21.131935119628906
24031701202,12.799277305603027
24031701215,19.464162826538086
24031701218,21.68252944946289
24031701303,12.58217716217041
24031701410,24.21586036682129
24031701505,26.700952529907227
24031701509,30.316753387451172
24031701900,32.94350051879883
24031702101,26.211284637451172
24031702301,30.901044845581055
24031702401,16.855173110961914
24031702601,27.658367156982422
24031703209,24.377883911132812
24031703210,17.56158447265625
24031703214,29.701204299926758
24031703218,9.047734260559082
24031703301,22.953113555908203
24031703302,22.094839096069336
24031703401,23.006837844848633
24031703502,18.417125701904297
24031703800,26.250988006591797
24031704000,23.48590660095215
24031704300,13.364112854003906
24031704401,13.176382064819336
24031704700,13.302543640136719
24031704806,20.146154403686523
24031705100,14.357157707214355
24031705902,13.982829093933105
24031705903,11.185194969177246
24031706009,13.406527519226074
24031706013,12.671487808227539
24033800214,29.83072280883789
24033800215,25.748498916625977
24033800403,14.572389602661133
24033800507,25.806482315063477
24033800514,18.383529663085938
24033800601,18.616174697875977
24033800608,17.538837432861328
24033800704,19.31914520263672
24033800900,18.20081901550293
24033801209,21.390079498291016
24033801215,21.607492446899414
24033801308,17.721782684326172
24033801309,15.19322681427002
24033801411,18.532764434814453
24033801500,23.906936645507812
24033801701,26.319814682006836
24033801704,30.08568572998047
24033801805,24.73038673400879
24033801807,23.738117218017578
24033801901,20.6759033203125
24033801908,31.571197509765625
24033802103,22.029842376708984
24033802203,23.33074378967285
24033802204,19.093873977661133
24033802406,28.889413833618164
24033802804,21.812097549438477
24033802805,22.25031280517578
24033803100,25.56000328063965
24033803200,32.715877532958984
24033803402,27.755220413208008
24033803512,23.06007957458496
24033803521,19.703271865844727
24033803601,20.25702476501465
24033803607,21.92056655883789
24033804400,25.035491943359375
24033805101,30.766151428222656
24033805500,26.18773078918457
24033805801,22.92574691772461
24033806000,28.321916580200195
24033806100,24.5903377532959
24033806300,24.187028884887695
24033806601,29.223806381225586
24033806800,20.001684188842773
24033807301,26.78348731994629
24033807304,20.017290115356445
24033807408,18.676124572753906
24035810400,17.964946746826172
24037875000,14.938776969909668
24037875802,15.143876075744629
24041960501,19.71673011779785
24043000400,28.50503921508789
24043000800,21.617202758789062
24043001002,16.972583770751953
24043011100,20.18173599243164
24045010102,21.648836135864258
24045010400,22.51360321044922
24045010604,18.61349868774414
24047951700,15.172102928161621
24510020100,24.211618423461914
24510020200,26.747177124023438
24510070100,34.614437103271484
24510070300,33.454105377197266
24510090300,22.687692642211914
24510090600,27.22178077697754
24510090900,29.051912307739258
24510100200,26.320920944213867
24510110200,25.852981567382812
24510140100,25.367944717407227
24510150300,26.913570404052734
24510151100,23.363040924072266
24510151300,30.27228546142578
24510160200,33.806087493896484
24510160400,29.63217544555664
24510160600,26.4790096282959
24510160700,26.854915618896484
24510160801,26.74567985534668
24510160802,23.250444412231445
24510170200,28.920644760131836
24510180100,31.900903701782227
24510200500,33.494781494140625
24510200702,25.146923065185547
24510240100,15.405566215515137
24510250102,25.610912322998047
24510260203,26.24834442138672
24510260301,29.64181137084961
24510260302,26.456071853637695
24510260800,29.751083374023438
24510270101,21.62429428100586
24510270302,25.551977157592773
24510270901,23.516769409179688
24510270902,18.882328033447266
24510270903,24.506574630737305
24510271001,26.75337028503418
24510271300,17.408090591430664
24510271700,23.10428810119629
24510272003,22.834383010864258
24510280102,24.22320556640625
25001010500,10.464617729187012
25001010800,12.78419017791748
25001010900,12.704316139221191
25001011300,7.957035541534424
25001011400,8.869023323059082
25001011600,16.595233917236328
25001012002,17.239059448242188
25001012800,14.203598976135254
25001013700,15.365310668945312
25001014800,14.816705703735352
25001015100,14.799283027648926
25003900100,25.158405303955078
25003900500,14.098299980163574
25003900900,22.396278381347656
25003901100,11.824220657348633
25003922200,18.50558853149414
25003931100,13.514161109924316
25005600204,16.606115341186523
25005610202,14.342162132263184
25005613300,18.320402145385742
25005613800,29.863618850708008
25005614101,26.091615676879883
25005630102,22.272232055664062
25005630300,16.209651947021484
25005631400,28.20191764831543
25005633100,17.416563034057617
25005640300,27.95170783996582
25005640500,28.945775985717773
25005640700,25.72077751159668
25005640800,29.468488693237305
25005641700,24.298076629638672
25005644102,16.82892417907715
25005645103,15.165335655212402
25005646104,13.603788375854492
25005650202,21.4477596282959
25005650600,35.74700164794922
25005651002,23.99347496032715
25005651700,29.488128662109375
25005652100,29.272523880004883
25005652500,36.380340576171875
25005653102,17.02069091796875
25005654100,17.84958267211914
25009202102,21.613542556762695
25009202200,14.633788108825684
25009203301,17.01009750366211
25009204200,25.69931983947754
25009206400,28.386226654052734
25009206800,30.870250701904297
25009206900,29.233531951904297
25009208102,23.089893341064453
25009208200,18.924829483032227
25009208300,19.380292892456055
25009209200,12.208239555358887
25009211401,23.132564544677734
25009211402,16.23493766784668
25009216100,13.6378755569458
25009217100,15.384735107421875
25009217400,24.78482437133789
25009250100,30.044239044189453
25009250300,35.501773834228516
25009250400,32.96883773803711
25009250600,31.312061309814453
25009251100,27.276655197143555
25009251200,33.59229278564453
25009251400,29.359722137451172
25009251500,30.004491806030273
25009251600,32.52794647216797
25009254200,18.28043556213379
25009260301,20.228809356689453
25009260500,18.91781997680664
25009260600,27.170154571533203
25009260800,32.306941986083984
25009261000,23.995555877685547
25009263100,13.037859916687012
25009264100,14.246695518493652
25009265101,13.620612144470215
25009270100,14.837885856628418
25011040501,19.86199188232422
25011040800,18.09203338623047
25011041400,24.604154586791992
25013801102,29.219453811645508
25013801200,33.41433334350586
25013801503,24.140535354614258
25013802000,35.02196502685547
25013802602,17.2078914642334
25013810403,24.625558853149414
25013810412,16.00275421142578
25013810601,20.483686447143555
25013810602,12.626031875610352
25013810800,26.6728572845459
25013811000,18.214492797851562
25013811101,26.68762969970703
25013811800,30.57410430908203
25013812903,7.460361003875732
25013813204,11.142594337463379
25013813301,13.3978271484375
25013813404,11.457483291625977
25013813801,12.768802642822266
25015820101,15.991517066955566
25015820300,23.9180908203125
25015820500,21.464609146118164
25015820801,22.260059356689453
25015821400,17.168270111083984
25015821901,19.272911071777344
25015821903,23.5196590423584
25015822402,22.28028106689453
25015822603,11.866410255432129
25017310400,30.31437873840332
25017310500,29.21170997619629
25017310602,27.124298095703125
25017311900,30.083209991455078
25017312200,23.729063034057617
25017312400,31.393491744995117
25017312502,20.59425926208496
25017314301,19.590349197387695
25017315100,17.92684555053711
25017315403,16.437694549560547
25017316400,16.12224769592285
25017317201,9.243136405944824
25017317202,10.836716651916504
25017317203,12.306200981140137
25017317302,17.9908504486084
25017320104,12.570623397827148
25017321100,19.57328987121582
25017321200,23.133935928344727
25017321500,26.249813079833984
25017326102,12.089577674865723
25017327102,18.858768463134766
25017327103,13.424189567565918
25017328100,14.343531608581543
25017330100,14.027240753173828
25017333300,28.615543365478516
25017334400,17.46169090270996
25017335301,20.795623779296875
25017337101,14.358991622924805
25017337201,19.213844299316406
25017337202,15.113389015197754
25017338300,14.14045524597168
25017338400,11.07407283782959
25017339200,15.639354705810547
25017339500,24.472030639648438
25017339801,29.155134201049805
25017340100,19.20916175842285
25017341800,29.96866798400879
25017342101,30.937028884887695
25017342300,34.142208099365234
25017342600,33.154659271240234
25017350400,22.8624324798584
25017350500,21.55865478515625
25017350600,22.562786102294922
25017350800,21.61276626586914
25017351204,26.849029541015625
25017352200,26.02035903930664
25017352300,26.550338745117188
25017352500,23.770835876464844
25017353102,28.108577728271484
25017353800,21.753644943237305
25017354400,17.232927322387695
25017356602,15.385769844055176
25017357500,19.600481033325195
25017357600,23.798812866210938
25017357700,21.79673957824707
25017358300,18.276836395263672
25017358600,12.79310131072998
25017359300,14.37582778930664
25017361200,16.672000885009766
25017361300,14.633569717407227
25017363103,15.146767616271973
25017364102,17.35668182373047
25017369100,15.825340270996094
25017370202,19.809955596923828
25017374000,14.442687034606934
25017374300,10.905973434448242
25017374400,14.587507247924805
25017382300,12.728256225585938
25017382602,12.708096504211426
25017383102,31.89092254638672
25017383501,23.297927856445312
25017383901,13.37789249420166
25017384001,16.755603790283203
25017388100,14.814535140991211
25021400600,16.14645767211914
25021400700,18.531517028808594
25021402101,18.58944320678711
25021402200,18.89299964904785
25021403300,13.413928031921387
25021403500,17.155315399169922
25021404100,17.687580108642578
25021404201,14.456528663635254
25021410300,13.971384048461914
25021410400,18.696975708007812
25021412100,11.147517204284668
25021412300,14.135767936706543
25021414200,10.419010162353516
25021415101,14.811563491821289
25021416101,14.0748872756958
25021416400,15.058125495910645
25021417200,24.110689163208008
25021417602,20.678611755371094
25021417902,26.638874053955078
25021418002,27.073041915893555
25021418200,25.818944931030273
25021419200,17.642784118652344
25021419700,15.746088027954102
25021420100,22.893810272216797
25021420201,20.883625030517578
25021422200,20.280960083007812
25021422400,23.933837890625
25021422700,17.2564697265625
25021441204,14.793169975280762
25023500103,14.938666343688965
25023501101,13.111660957336426
25023502102,18.54094886779785
25023503102,14.965178489685059
25023506102,15.533658027648926
25023506202,12.360779762268066
25023510300,39.014747619628906
25023510501,23.871458053588867
25023511600,30.60223960876465
25023522102,16.2828369140625
25023523201,18.112415313720703
25023526100,15.391584396362305
25023530200,26.347579956054688
25023540101,14.566390037536621
25023541100,14.525215148925781
25023545300,25.305400848388672
25023561100,12.81346607208252
25025000302,22.223913192749023
25025010403,28.3734188079834
25025010405,29.8961238861084
25025010801,21.31346893310547
25025020301,21.175819396972656
25025020303,22.29026985168457
25025030100,24.74509620666504
25025030500,24.141958236694336
25025040801,26.420095443725586
25025050901,34.98426055908203
25025060600,25.59026336669922
25025061101,28.793121337890625
25025070402,23.120298385620117
25025070600,20.940404891967773
25025070700,25.75116729736328
25025070900,26.405385971069336
25025080100,38.940940856933594
25025080300,40.501583099365234
25025080500,28.475130081176758
25025080601,35.708927154541016
25025081400,36.48335266113281
25025082000,39.111515045166016
25025090100,41.42659378051758
25025090200,35.59928894042969
25025090300,43.09911346435547
25025090700,33.88560485839844
25025090901,38.52642059326172
25025091400,36.566558837890625
25025091600,39.94580841064453
25025092101,34.154720306396484
25025092300,43.29474639892578
25025092400,42.716609954833984
25025100700,22.824241638183594
25025100800,26.50882339477539
25025101101,40.73857116699219
25025110401,29.544931411743164
25025110601,15.406861305236816
25025120500,28.490367889404297
25025130406,25.68177604675293
25025140105,26.864185333251953
25025140201,26.452505111694336
25025140300,32.29570007324219
25025160300,21.786340713500977
25025170601,29.34690284729004
25025170702,31.14478874206543
25025170800,31.934873580932617
25025180200,24.97928810119629
25025981300,25.115062713623047
25027700100,12.340096473693848
25027701100,17.697101593017578
25027703100,18.66463851928711
25027704200,12.92485237121582
25027705100,15.125787734985352
25027709100,19.11557960510254
25027710200,19.043453216552734
25027710300,21.708406448364258
25027715100,11.719001770019531
25027717100,13.017660140991211
25027726200,20.734357833862305
25027727100,11.590484619140625
25027729100,14.121684074401855
25027730200,18.003591537475586
25027730401,21.886079788208008
25027730500,26.765657424926758
25027730801,15.110884666442871
25027730802,24.125244140625
25027730902,19.34808921813965
25027731001,21.780597686767578
25027731102,26.32400131225586
25027731300,34.529296875
25027731700,30.61028480529785
25027732202,25.864322662353516
25027735100,13.970978736877441
25027736400,13.831262588500977
25027737300,19.621034622192383
25027739200,22.7443904876709
25027740102,13.81987476348877
25027743100,13.019194602966309
25027747101,17.130481719970703
25027750300,16.92697525024414
25027751102,13.2525053024292
25027753200,16.712133407592773
25027754200,22.753841400146484
25027754400,21.200151443481445
25027758101,11.60716438293457
25027760100,17.10470199584961
26001000100,7.685964107513428
26001970600,9.425439834594727
26003000300,16.512826919555664
26005030702,13.236032485961914
26005030901,18.82101058959961
26005031100,12.26270580291748
26005031200,18.7457332611084
26005032100,13.733043670654297
26005032600,13.126744270324707
26007000300,11.028373718261719
26007000400,19.653329849243164
26009960100,13.0989408493042
26011970100,12.14685344696045
26011970300,12.160819053649902
26015010402,10.409830093383789
26015010500,11.5646333694458
26015011400,12.92066764831543
26017280400,24.148122787475586
26017280600,21.22955322265625
26017281000,19.434539794921875
26017285202,15.040399551391602
26017285900,15.787412643432617
26017286100,13.585747718811035
26017286200,11.12752628326416
26017286400,11.886981964111328
26019000200,13.348186492919922
26021000700,16.722017288208008
26021000900,17.89910125732422
26021001700,11.398587226867676
26021002000,22.311559677124023
26021002100,23.75555419921875
26021002300,26.15317153930664
26021002400,15.708870887756348
26021010200,19.733530044555664
26021010400,15.261597633361816
26021011000,16.95100975036621
26021011400,16.202207565307617
26021011500,16.558435440063477
26021020100,14.605606079101562
26021020400,16.28734016418457
26021021000,19.14383316040039
26021021300,28.2679443359375
26023950100,12.15237045288086
26025000500,23.545801162719727
26025001700,13.258463859558105
26025002400,15.914568901062012
26025002500,12.0584135055542
26025002600,26.96101951599121
26025002800,15.43069076538086
26025002900,14.006738662719727
26025003700,11.372960090637207
26027002000,20.91021156311035
26027002200,17.113361358642578
26029000100,11.177033424377441
26029000800,11.07841682434082
26031960100,10.242500305175781
26033970200,21.292695999145508
26035000500,10.617698669433594
26035000600,19.792362213134766
26035000800,10.799516677856445
26035000900,15.417716979980469
26037010107,15.36265754699707
26037010500,12.717591285705566
26037010801,19.502182006835938
26037010802,15.970341682434082
26039960200,13.948602676391602
26041970300,15.595312118530273
26041970700,10.16044807434082
26041971000,19.2368221282959
26041971100,12.88249683380127
26043950100,13.493973731994629
26043950400,15.969559669494629
26045020104,20.480972290039062
26045020302,13.469350814819336
26045020403,20.347702026367188
26045021201,11.904228210449219
26045021302,18.002582550048828
26049000100,21.203065872192383
26049000500,24.34193992614746
26049001100,26.918655395507812
26049001800,32.66962432861328
26049002200,27.80284309387207
26049002300,27.23258399963379
26049003100,18.959524154663086
26049003200,26.71050453186035
26049003600,21.749032974243164
26049010110,20.34071159362793
26049010115,15.821380615234375
26049010201,9.70296573638916
26049010501,24.59540367126465
26049010502,17.620738983154297
26049010610,13.6917724609375
26049011211,20.029342651367188
26049011302,21.646942138671875
26049011402,12.137709617614746
26049011503,13.045976638793945
26049011610,17.32059097290039
26049012008,13.351096153259277
26049012311,20.33243179321289
26049012503,14.673861503601074
26049012602,17.625333786010742
26049012905,17.651235580444336
26049013204,17.779315948486328
26049013402,12.83591365814209
26049013500,22.066120147705078
26051000300,11.477887153625488
26053950400,12.455204963684082
26055550300,12.919292449951172
26055550700,16.244369506835938
26055550800,12.271116256713867
26055551300,22.16753578186035
26055551500,15.580119132995605
26057000300,16.806013107299805
26057000800,14.715591430664062
26059050700,19.577150344848633
26059050800,17.434465408325195
26059050900,12.088235855102539
26063950200,8.498199462890625
26063950700,10.53640079498291
26063950800,13.086261749267578
26065000400,20.061809539794922
26065000700,29.53689956665039
26065001200,25.377397537231445
26065002200,14.752365112304688
26065002902,30.132022857666016
26065003200,24.145950317382812
26065003301,23.37641716003418
26065004000,15.206408500671387
26065004301,19.882028579711914
26065004802,12.998998641967773
26065005001,15.917119026184082
26065005202,16.56330680847168
26065005302,20.06769561767578
26065006402,14.838618278503418
26067031400,12.914127349853516
26069000100,15.777139663696289
26069000200,11.727667808532715
26071000300,14.509673118591309
26073000200,13.588902473449707
26073940600,12.362597465515137
26075006100,16.683835983276367
26075006200,14.260868072509766
26075006303,13.004270553588867
26075006500,14.41911506652832
26075006801,11.142328262329102
26077000600,30.99285125732422
26077001300,19.876277923583984
26077001504,30.980812072753906
26077001802,21.232656478881836
26077001905,18.274364471435547
26077002201,18.87031364440918
26077002801,12.648265838623047
26077006103,17.25262451171875
26079950200,15.217082977294922
26079950602,17.868070602416992
26081000200,13.438048362731934
26081001102,22.12810516357422
26081001200,22.39859390258789
26081002500,28.018789291381836
26081002600,31.372488021850586
26081003900,29.951396942138672
26081004400,18.486122131347656
26081010903,14.419179916381836
26081011101,14.075228691101074
26081011200,17.265487670898438
26081011401,14.444867134094238
26081011406,30.57359504699707
26081011801,12.26404857635498
26081011901,10.120644569396973
26081012002,11.127878189086914
26081012203,12.658224105834961
26081012604,15.741483688354492
26081012607,23.218358993530273
26081012701,21.80152702331543
26081013300,25.452974319458008
26081013500,24.948741912841797
26081013802,29.848329544067383
26081013900,20.72755241394043
26081014100,21.67082405090332
26081014300,20.641199111938477
26081014602,13.391167640686035
26081014804,22.04044532775879
26085961300,23.345909118652344
26087331500,15.150391578674316
26087332000,15.521650314331055
26087333500,13.58069133758545
26087337000,18.069826126098633
26087339000,14.330279350280762
26087340500,17.08587646484375
26087341500,14.577147483825684
26089970100,10.671225547790527
26091060401,13.398855209350586
26091060700,15.134376525878906
26091061302,26.112789154052734
26091062100,13.698437690734863
26093712102,12.948234558105469
26093712602,10.430121421813965
26093720100,14.179885864257812
26093731100,12.28001880645752
26093740600,11.073338508605957
26093740800,11.775641441345215
26093743800,13.104170799255371
26093744700,10.86140251159668
26095960100,24.198776245117188
26097950300,17.160602569580078
26099206700,18.413162231445312
26099210000,14.379188537597656
26099220002,17.234722137451172
26099221200,13.812634468078613
26099223500,11.361123085021973
26099223800,12.797165870666504
26099224000,12.192378997802734
26099225300,13.815449714660645
26099225400,9.935959815979004
26099225900,15.0880708694458
26099226700,13.906890869140625
26099230000,19.528066635131836
26099230800,19.89510154724121
26099231900,13.005942344665527
26099232000,9.466772079467773
26099232100,17.56635093688965
26099232200,18.540830612182617
26099232500,11.922905921936035
26099233000,13.503016471862793
26099240400,12.03958511352539
26099240700,9.670741081237793
26099241000,21.631574630737305
26099241300,23.258281707763672
26099241600,21.544584274291992
26099241700,22.395292282104492
26099247200,16.268465042114258
26099247300,15.17354679107666
26099250400,15.212320327758789
26099250700,12.937335968017578
26099250900,12.299659729003906
26099251300,11.301898956298828
26099254000,15.74495792388916
26099255800,19.527223587036133
26099256000,17.925262451171875
26099256100,19.208736419677734
26099256300,23.520645141601562
26099256500,15.548677444458008
26099258200,20.367441177368164
26099258500,17.15528106689453
26099258700,23.00806427001953
26099258900,24.846792221069336
26099260700,16.084566116333008
26099260800,15.067776679992676
26099261000,13.917747497558594
26099261400,12.107224464416504
26099261500,15.736300468444824
26099262300,20.24673080444336
26099262900,20.40583610534668
26099263900,27.972475051879883
26099264000,28.127885818481445
26099268100,22.097360610961914
26099268200,16.640403747558594
26101000600,16.085430145263672
26103000100,21.105234146118164
26103000200,15.880001068115234
26103000700,16.47674560546875
26103002000,17.12774658203125
26103002100,10.896095275878906
26103002200,12.997745513916016
26105950400,17.673095703125
26105950700,16.089441299438477
26107960300,13.277204513549805
26107960400,14.593194961547852
26107960500,22.655052185058594
26107960700,17.401363372802734
26109960500,13.264832496643066
26109960700,16.467308044433594
26111290100,20.62792205810547
26111290500,11.245692253112793
26111290900,13.227324485778809
26111291400,13.821282386779785
26111291700,13.60964584350586
26113960100,17.893449783325195
26113960200,17.93657684326172
26113960300,12.575397491455078
26115830200,14.869226455688477
26115832000,21.413820266723633
26115832100,24.689443588256836
26117970100,13.7197265625
26117970400,14.754047393798828
26117970700,12.556050300598145
26117971300,19.092470169067383
26119910400,20.632421493530273
26121000300,26.928646087646484
26121000500,27.91977310180664
26121000601,27.01711082458496
26121000800,22.799407958984375
26121001402,26.303220748901367
26121001800,16.368070602416992
26121002602,19.532934188842773
26121003300,15.401488304138184
26121003500,16.326583862304688
26121003700,13.248726844787598
26121004300,27.187664031982422
26123970500,14.195536613464355
26123971000,13.481179237365723
26125120000,16.05559539794922
26125120300,12.417654037475586
26125121400,13.295079231262207
26125121700,13.357988357543945
26125122900,18.66704559326172
26125124000,13.602473258972168
26125127200,12.872549057006836
26125127300,16.807188034057617
26125127500,16.06226921081543
26125128400,18.88031578063965
26125130200,16.794048309326172
26125130700,16.06548500061035
26125131300,14.82781982421875
26125131400,15.07353687286377
26125131800,15.903614044189453
26125133002,12.366974830627441
26125133003,18.46079444885254
26125133100,38.26456832885742
26125134500,15.378988265991211
26125134600,13.157885551452637
26125134700,18.61809730529785
26125134800,12.770816802978516
26125135000,20.333520889282227
26125135200,16.5402774810791
26125136101,18.203214645385742
26125140800,24.50593376159668
26125140900,24.933996200561523
26125141700,31.877561569213867
26125142600,18.95847511291504
26125144200,14.003824234008789
26125144500,14.702717781066895
26125144800,19.240995407104492
26125144900,19.93931007385254
26125145700,16.997020721435547
26125145900,21.665273666381836
26125151000,11.178740501403809
26125152600,13.779525756835938
26125153100,13.477399826049805
26125154200,21.513059616088867
26125154500,16.78937530517578
26125156200,13.13605785369873
26125157700,15.11815357208252
26125161200,16.884122848510742
26125161800,25.144662857055664
26125162000,16.300081253051758
26125162500,24.95427131652832
26125165000,14.364447593688965
26125166800,12.420856475830078
26125167800,20.121362686157227
26125168500,18.989627838134766
26125170000,9.726400375366211
26125170400,13.750547409057617
26125171300,22.120147705078125
26125171400,23.81157112121582
26125172400,36.13275146484375
26125173200,15.376551628112793
26125175000,20.313772201538086
26125180100,15.49365520477295
26125181100,14.018269538879395
26125181500,19.45484161376953
26125183000,21.201557159423828
26125183500,21.113662719726562
26125184500,20.427236557006836
26125188000,8.410996437072754
26125190400,13.292719841003418
26125190800,13.744527816772461
26125191000,19.16358757019043
26125191100,22.50814437866211
26125192000,14.739150047302246
26125193500,23.399354934692383
26125193700,15.6927490234375
26125196500,11.436863899230957
26125196900,13.448683738708496
26125197100,11.62796688079834
26125197500,23.63172721862793
26125197702,23.491897583007812
26125198000,12.93181037902832
26127010600,17.780048370361328
26129950200,8.134422302246094
26131970100,15.16779613494873
26131970200,14.064827919006348
26133970400,23.389543533325195
26133970500,15.250000953674316
26135970300,10.489911079406738
26137950400,14.77906608581543
26137950500,16.35224723815918
26139020400,15.453364372253418
26139020600,13.142512321472168
26139021201,14.485051155090332
26139021603,13.525900840759277
26139022001,15.993988990783691
26139022900,17.50711441040039
26139024900,22.511430740356445
26139025200,20.816757202148438
26143970200,14.079071044921875
26143971100,13.710488319396973
26145000400,30.777379989624023
26145001700,28.212053298950195
26145002000,22.56587791442871
26145010303,11.420741081237793
26145011200,9.320361137390137
26145011702,12.901315689086914
26145012100,13.77049732208252
26147622000,22.751663208007812
26147625000,24.74233055114746
26147628000,19.60580062866211
26147633200,13.673524856567383
26147637100,10.68731689453125
26147641000,12.923723220825195
26147643000,12.102749824523926
26147652600,14.220320701599121
26149040500,17.2912540435791
26149040700,23.354961395263672
26149040900,12.619194984436035
26149041300,11.588493347167969
26149041500,12.935794830322266
26151970100,10.126086235046387
26151970500,12.93093490600586
26153000200,14.878907203674316
26155030500,17.733577728271484
26155031302,12.822887420654297
26155031500,16.161163330078125
26155031700,12.531471252441406
26157000400,12.495930671691895
26159010300,14.891661643981934
26159010400,19.876649856567383
26159011300,17.876178741455078
26161402600,26.33770179748535
26161402700,16.739389419555664
26161403200,13.486467361450195
26161403800,20.570005416870117
26161404300,8.948385238647461
26161404600,17.458011627197266
26161405100,20.058130264282227
26161405200,16.049222946166992
26161407600,17.95902442932129
26161410100,38.14341735839844
26161410400,18.517087936401367
26161411200,38.315738677978516
26161413200,20.86346435546875
26161413401,15.077045440673828
26161414000,28.950672149658203
26161416200,12.404641151428223
26161423400,15.922872543334961
26161448000,11.133373260498047
26161456000,17.637208938598633
26163500200,27.6893310546875
26163500600,29.578229904174805
26163500800,29.619346618652344
26163501700,28.25626564025879
26163503200,30.346923828125
26163504700,28.83577537536621
26163505500,28.42049789428711
26163506400,29.541152954101562
26163506500,28.489160537719727
26163507200,27.764232635498047
26163507300,24.510578155517578
26163512400,28.31913185119629
26163513200,27.268346786499023
26163513300,25.646467208862305
26163514200,26.642690658569336
26163514500,28.816362380981445
26163516600,27.90879249572754
26163518400,31.192941665649414
26163520700,36.57331085205078
26163521100,30.850643157958984
26163521800,25.552635192871094
26163524900,31.16902732849121
26163525800,34.92246627807617
26163530200,25.43478775024414
26163532200,30.20965576171875
26163532600,27.296045303344727
26163533100,30.117008209228516
26163533400,29.350797653198242
26163533500,33.085567474365234
26163534100,32.97758865356445
26163534600,28.61978530883789
26163534700,26.927656173706055
26163535400,27.72222900390625
26163535700,28.382347106933594
26163536400,28.843856811523438
26163537800,30.363168716430664
26163538900,22.48005485534668
26163540300,24.264745712280273
26163541700,29.940149307250977
26163542500,23.308557510375977
26163543400,24.137365341186523
26163543500,31.539037704467773
26163543700,32.716644287109375
26163544200,27.487516403198242
26163545200,27.078699111938477
26163545300,27.97278594970703
26163545500,29.889217376708984
26163546000,30.770151138305664
26163546500,26.7823486328125
26163546600,31.21803855895996
26163550200,20.850854873657227
26163550300,11.424105644226074
26163550500,13.355897903442383
26163551100,10.966765403747559
26163551300,21.40411949157715
26163551700,9.742920875549316
26163552400,32.324806213378906
26163553000,28.421632766723633
26163553300,34.824283599853516
26163554800,17.976558685302734
26163554900,19.699886322021484
26163555400,20.42078399658203
26163555600,16.698274612426758
26163556300,14.894247055053711
26163557100,16.20649528503418
26163557700,10.52856159210205
26163558000,12.59702205657959
26163560100,16.449748992919922
26163561600,12.746576309204102
26163563300,24.213306427001953
26163563400,14.08517074584961
26163564401,11.00960922241211
26163564501,14.715248107910156
26163565300,25.51230239868164
26163565800,17.87647819519043
26163566500,22.491140365600586
26163566800,22.044748306274414
26163567100,18.69183349609375
26163567300,16.374664306640625
26163567400,10.172947883605957
26163568300,21.75513458251953
26163569100,15.164098739624023
26163569900,14.354399681091309
26163570100,26.921308517456055
26163570400,24.489620208740234
26163572200,14.419103622436523
26163572700,17.867902755737305
26163573500,30.106279373168945
26163574100,24.55840492248535
26163574700,15.301515579223633
26163574800,12.731576919555664
26163575100,17.288869857788086
26163575200,18.716575622558594
26163577000,23.031896591186523
26163577700,18.23208236694336
26163577900,20.20969581604004
26163578000,23.110809326171875
26163579300,26.130197525024414
26163579700,23.257448196411133
26163580200,17.807039260864258
26163580500,15.976217269897461
26163581100,20.94916534423828
26163583100,21.220924377441406
26163583700,18.087369918823242
26163583900,26.086091995239258
26163585500,22.206375122070312
26163585600,24.064983367919922
26163585800,24.053686141967773
26163585900,23.443342208862305
26163587900,20.77108383178711
26163590400,16.24390411376953
26163594000,18.69091796875
26163594200,12.555723190307617
26163594400,19.357431411743164
26163596300,10.36540699005127
26163985000,18.6997127532959
26165380100,18.091251373291016
27001770100,8.838018417358398
27001770400,14.87581729888916
27003050109,12.688169479370117
27003050110,13.482121467590332
27003050210,9.761452674865723
27003050216,11.92994499206543
27003050219,12.821334838867188
27003050229,12.70121955871582
27003050232,11.922911643981934
27003050236,9.653401374816895
27003050605,18.601919174194336
27003050610,19.454347610473633
27003050702,15.053915023803711
27003050709,11.565080642700195
27003050711,13.808761596679688
27003050810,13.194758415222168
27003050818,10.934345245361328
27003050820,12.44897174835205
27003051101,21.55449867248535
27003051502,17.70116424560547
27005450500,21.221782684326172
27005450800,13.240008354187012
27007450300,13.683703422546387
27007450400,16.790990829467773
27007450600,22.816139221191406
27007940002,29.025407791137695
27009020100,14.66793155670166
27009020203,14.852486610412598
27009020205,12.772517204284668
27009020206,13.0415620803833
27013170200,13.940271377563477
27013170700,26.581209182739258
27013171300,11.246332168579102
27013171400,13.976832389831543
27015960102,17.702960968017578
27015960200,9.766592979431152
27017070200,14.919747352600098
27019090602,9.108407974243164
27021960801,12.301285743713379
27023950500,14.119973182678223
27025110200,19.097524642944336
27025110501,18.102710723876953
27025110700,15.654619216918945
27027030102,22.76410675048828
27035950100,9.042914390563965
27035950502,8.907727241516113
27035951200,16.553693771362305
27037060505,26.227596282958984
27037060603,11.385693550109863
27037060605,17.348432540893555
27037060721,20.877145767211914
27037060726,19.439741134643555
27037060727,20.104312896728516
27037060728,17.30360984802246
27037060741,22.8580265045166
27037060748,17.730154037475586
27037060811,14.960318565368652
27037060823,10.597801208496094
27037060828,24.14381980895996
27037061005,18.266002655029297
27037061009,12.939620971679688
27037061105,15.67578125
27037061108,16.748558044433594
27039950200,17.30694007873535
27041450100,10.749842643737793
27041450701,18.610340118408203
27043460100,13.069745063781738
27043460300,13.799954414367676
27045960400,14.062912940979004
27045960600,14.894918441772461
27049080200,16.729684829711914
27051070100,13.740670204162598
27051070200,13.045297622680664
27053000102,22.000417709350586
27053000300,16.516088485717773
27053001700,26.838428497314453
27053003800,29.11563491821289
27053006800,27.8153076171875
27053011000,14.796939849853516
27053012102,16.604671478271484
27053020102,12.468099594116211
27053020301,19.30419158935547
27053020700,15.178946495056152
27053020801,16.53854751586914
27053021501,13.870272636413574
27053021502,23.50887107849121
27053021505,16.269054412841797
27053022000,16.65859603881836
27053022101,22.217714309692383
27053023801,11.541144371032715
27053024005,15.485379219055176
27053024200,11.934542655944824
27053024400,17.043203353881836
27053024600,22.16012191772461
27053025302,19.562978744506836
27053025601,14.552265167236328
27053025701,14.444479942321777
27053025802,9.760534286499023
27053025906,18.73406982421875
27053025907,10.188185691833496
27053026013,9.206584930419922
27053026019,27.829254150390625
27053026020,17.90534782409668
27053026021,10.775923728942871
27053026103,10.75812816619873
27053026404,12.173238754272461
27053026507,16.871423721313477
27053026509,9.2543363571167
27053026511,23.241731643676758
27053026606,12.457524299621582
27053026702,14.33747386932373
27053026707,12.156111717224121
27053026708,11.930832862854004
27053026711,15.080824851989746
27053026819,29.53276252746582
27053026822,10.8926362991333
27053026823,14.29482364654541
27053026907,12.028552055358887
27053027001,12.398632049560547
27053027300,16.10809898376465
27053027400,11.393675804138184
27053027602,16.04088020324707
27053100200,23.297388076782227
27053100400,26.145732879638672
27053101900,21.679292678833008
27053102300,26.478160858154297
27053104900,33.470794677734375
27053105100,10.798545837402344
27053105201,22.76947593688965
27053106200,24.269309997558594
27053106400,23.224958419799805
27053106500,17.719018936157227
27053107000,33.38252639770508
27053107400,23.045989990234375
27053107500,19.051830291748047
27053108700,18.218547821044922
27053108800,25.69512939453125
27053109100,18.375198364257812
27053110000,24.375947952270508
27053122600,11.494699478149414
27057070500,15.920242309570312
27059130400,11.152729034423828
27059130502,17.579879760742188
27061480700,14.178874015808105
27061480900,20.891271591186523
27061481000,18.17469596862793
27067780400,14.63564682006836
27067781100,13.717915534973145
27071790500,15.548667907714844
27073180200,10.947675704956055
27075370100,11.585185050964355
27077460400,17.225664138793945
27079950200,15.625618934631348
27079950400,15.344866752624512
27079950500,13.587043762207031
27083360200,13.906549453735352
27083360400,17.12455940246582
27083360500,21.449636459350586
27085950200,11.16225814819336
27085950500,13.949689865112305
27089080400,14.324822425842285
27091790500,12.088850975036621
27093560100,12.317749977111816
27095970200,29.707754135131836
27097780200,12.834514617919922
27099001200,12.61036205291748
27099001300,13.561954498291016
27099001400,14.081831932067871
27103480200,10.924232482910156
27105105300,14.286120414733887
27105105500,24.567968368530273
27107960100,14.485514640808105
27109000200,24.691356658935547
27109001100,13.080244064331055
27109001402,12.450440406799316
27109001601,16.49913787841797
27109002100,12.368538856506348
27109002300,12.754751205444336
27111960300,25.041658401489258
27111960700,10.851841926574707
27111961500,11.837908744812012
27113090400,16.415382385253906
27115950100,13.497932434082031
27115950500,21.547521591186523
27115950600,14.617342948913574
27117460200,17.62802505493164
27117460400,13.830789566040039
27117460500,12.621315956115723
27119020300,9.834816932678223
27121970100,11.360461235046387
27121970200,13.599897384643555
27123031100,23.447288513183594
27123032700,32.170101165771484
27123033000,28.908607482910156
27123033600,30.223257064819336
27123033800,25.243072509765625
27123034000,22.195768356323242
27123034201,23.18712043762207
27123034202,21.27147102355957
27123034500,26.750837326049805
27123034601,25.401304244995117
27123034602,24.467313766479492
27123035200,15.565357208251953
27123035900,23.00814437866211
27123036400,12.598457336425781
27123036500,13.039365768432617
27123040100,10.12013053894043
27123040402,16.291519165039062
27123040603,10.824459075927734
27123040704,16.68346405029297
27123040902,23.81796646118164
27123041302,16.979440689086914
27123041601,14.264659881591797
27123041602,20.800689697265625
27123041900,14.57532024383545
27123042800,27.567838668823242
27123042900,19.956409454345703
27125010100,15.97933292388916
27127750300,17.311309814453125
27127750600,14.631023406982422
27129790400,17.38237190246582
27131070300,10.996415138244629
27131070501,15.861579895019531
27131070504,17.718067169189453
27131070602,15.170763969421387
27131070901,20.073137283325195
27135970500,14.526172637939453
27137000200,12.303868293762207
27137000300,15.176024436950684
27137001100,17.846759796142578
27137001800,25.351112365722656
27137002000,21.69580841064453
27137002400,23.113204956054688
27137002600,21.101991653442383
27137003300,22.24993896484375
27137010100,14.622875213623047
27137010500,10.751402854919434
27137011100,11.962244987487793
27137011200,17.42723846435547
27137013100,24.309040069580078
27137013300,17.557079315185547
27137013400,9.889365196228027
27137015500,17.3397216796875
27137015800,17.621122360229492
27139080100,21.823514938354492
27139080301,20.021081924438477
27139080600,16.88172721862793
27139080904,17.54434585571289
27139080905,13.485029220581055
27141030402,15.383975982666016
27141030503,14.628128051757812
27143170200,13.454480171203613
27145000301,21.541419982910156
27145000601,21.050037384033203
27145011100,11.518366813659668
27145011302,13.47551441192627
27147960200,11.664563179016113
27147960400,19.286958694458008
27151960300,12.710724830627441
27157490300,12.0267333984375
27157490600,13.478527069091797
27159480100,13.580034255981445
27159480300,16.413190841674805
27161790400,16.185075759887695
27163070403,10.204684257507324
27163070406,15.058161735534668
27163070602,17.255924224853516
27163070910,15.844618797302246
27163071003,17.49087142944336
27163071013,10.573874473571777
27163071206,16.276947021484375
27171101100,17.84877586364746
28001000400,27.240629196166992
28003950600,19.997905731201172
28003950700,17.602657318115234
28007060100,26.048227310180664
28007060600,24.07434844970703
28009950100,31.056180953979492
28011950100,40.49715042114258
28013950400,25.322113037109375
28017950400,17.515466690063477
28019950300,30.486530303955078
28029950100,22.121868133544922
28029950500,21.637453079223633
28033070323,28.443126678466797
28033070900,18.50482940673828
28033071120,18.126497268676758
28035000500,28.14238929748535
28035000800,18.86988639831543
28043950500,20.78822135925293
28045030100,28.81591033935547
28047001502,24.894960403442383
28047002300,24.043176651000977
28047002400,29.286148071289062
28047002600,26.18549919128418
28047003000,31.301803588867188
28047003208,24.164806365966797
28047003301,32.57931137084961
28047003403,18.386436462402344
28047003502,20.86977767944336
28049001100,23.410608291625977
28049002000,27.016254425048828
28049003200,30.613096237182617
28049003300,29.549514770507812
28049003400,32.435611724853516
28049010201,30.880300521850586
28049010301,23.05772590637207
28049010901,26.070068359375
28049011002,26.319782257080078
28051950100,35.89320755004883
28051950200,32.71672821044922
28051950400,24.77311134338379
28051950500,40.81257629394531
28055950100,40.530948638916016
28057950400,18.795650482177734
28059040101,26.265016555786133
28059041100,22.28537940979004
28059041300,26.033369064331055
28059041600,23.976337432861328
28059041700,22.951244354248047
28059041900,22.046953201293945
28059042100,26.72202491760254
28059042200,28.385377883911133
28059042500,22.338411331176758
28059042600,19.110658645629883
28061950200,32.840179443359375
28067950200,19.850378036499023
28067950402,23.063140869140625
28069030200,30.835371017456055
28071950201,21.49881935119629
28071950301,38.8968620300293
28071950401,18.801815032958984
28073020202,14.790948867797852
28075000300,22.66705322265625
28075000900,23.895421981811523
28075001101,20.4466495513916
28075980000,31.940704345703125
28077960300,20.307371139526367
28081950601,18.902978897094727
28081950902,23.49053192138672
28081951100,26.04231071472168
28083950700,27.731061935424805
28083950800,28.443254470825195
28087000500,18.895593643188477
28087000600,25.621322631835938
28087000700,26.113256454467773
28087001000,20.564565658569336
28089030104,15.6377534866333
28089030105,23.9732666015625
28089030107,21.437795639038086
28089030108,31.84739875793457
28089030201,14.028817176818848
28089030600,25.7723388671875
28089030700,23.555801391601562
28089030900,20.433443069458008
28095950300,16.205917358398438
28095950501,17.311553955078125
28095950600,19.891992568969727
28101050100,14.605079650878906
28103950300,23.602602005004883
28107950300,30.816614151000977
28107950600,21.432790756225586
28109950300,20.690044403076172
28111950101,33.53010177612305
28111950102,28.346113204956055
28113950600,20.34612274169922
28113950700,23.697444915771484
28117950300,20.9267635345459
28121020600,24.26688003540039
28121020802,20.275890350341797
28123020300,32.37508010864258
28127950400,21.911090850830078
28133950402,24.130414962768555
28135950100,32.76608657836914
28149950600,19.022245407104492
28149951101,17.972238540649414
28151000701,23.63327980041504
28151001400,24.67092514038086
28155950100,20.818490982055664
28159950100,15.928714752197266
28159950200,17.92658805847168
28161950200,19.51697540283203
28163950100,22.005186080932617
28163950200,23.10821533203125
28163950400,26.365821838378906
28163950500,31.144147872924805
28163950600,18.774227142333984
29001950200,12.333230018615723
29001950300,24.31200408935547
29001951000,47.75510025024414
29007950400,17.595664978027344
29009960401,28.078035354614258
29013070100,17.219966888427734
29015460800,22.03271484375
29017950100,23.41609764099121
29019000300,30.899559020996094
29019001001,22.791635513305664
29019001503,22.56981658935547
29019001504,22.819766998291016
29019001702,14.125322341918945
29019002000,16.614877700805664
29021000400,21.430025100708008
29021000600,16.38101577758789
29021001000,31.11519432067871
29021002500,20.502334594726562
29023950202,28.897493362426758
29023950300,23.725406646728516
29023950400,33.904850006103516
29029950600,19.682022094726562
29029950900,24.170448303222656
29029951100,14.708038330078125
29031880400,17.615947723388672
29031881000,30.716026306152344
29031881600,26.237056732177734
29033960200,14.895170211791992
29037060004,20.905485153198242
29037061002,16.897119522094727
29037061300,20.365327835083008
29037061400,22.219409942626953
29039870300,18.137195587158203
29041470100,12.428382873535156
29043020205,16.811216354370117
29047020500,23.383665084838867
29047020801,19.471996307373047
29047020902,20.127849578857422
29047021001,24.05220603942871
29047021204,23.95761489868164
29047021307,18.538434982299805
29047021701,15.786922454833984
29047021805,13.19933795928955
29049960300,13.856781005859375
29051010600,24.883594512939453
29051010702,16.68245506286621
29051020198,12.421549797058105
29053950400,16.239412307739258
29053950500,14.038938522338867
29057480200,17.455808639526367
29065960200,20.8743896484375
29065960300,27.244625091552734
29067950100,23.288787841796875
29069360200,22.041593551635742
29069360400,27.93795394897461
29069360800,28.390682220458984
29071800202,12.510648727416992
29071800300,18.56359100341797
29071800701,18.25294303894043
29071801000,16.86734390258789
29071801102,17.460660934448242
29073960400,24.65272331237793
29077000100,27.223094940185547
29077000501,25.613527297973633
29077000600,25.805091857910156
29077000900,24.202850341796875
29077001000,15.692479133605957
29077001100,21.774463653564453
29077001400,23.185548782348633
29077002502,19.5627498626709
29077002800,14.607826232910156
29077003600,23.164587020874023
29077004400,16.21762466430664
29077004600,16.152679443359375
29077004802,17.278947830200195
29077005200,12.871726036071777
29079960100,15.050304412841797
29079960200,14.428754806518555
29083950200,14.580805778503418
29083950500,16.87762451171875
29083950600,16.73431968688965
29091090800,18.28912353515625
29093950300,27.76694107055664
29093950400,27.89238166809082
29095000700,25.481063842773438
29095002200,27.652101516723633
29095003700,28.75484848022461
29095005200,31.405616760253906
29095006300,29.418485641479492
29095007700,26.242158889770508
29095008300,8.819330215454102
29095008500,8.50289249420166
29095008700,23.264263153076172
29095009200,13.624886512756348
29095009900,17.37544059753418
29095010001,13.232748985290527
29095010105,13.156118392944336
29095010702,27.83717155456543
29095011000,20.48082733154297
29095011100,18.732398986816406
29095011300,21.935346603393555
29095011401,20.103195190429688
29095012300,14.940739631652832
29095012803,19.468372344970703
29095012804,20.49561882019043
29095013203,29.034711837768555
29095013401,27.839468002319336
29095013407,10.471673011779785
29095013410,26.25140953063965
29095013612,11.58459758758545
29095014111,18.79256820678711
29095014114,17.692237854003906
29095014204,14.930002212524414
29095014604,24.11675453186035
29095014806,16.156307220458984
29095015800,25.206172943115234
29095016600,26.413267135620117
29095017400,30.087520599365234
29095019300,16.871234893798828
29097011300,16.970062255859375
29097011600,24.41442108154297
29099700107,17.62151336669922
29099700109,15.802655220031738
29099700206,23.550262451171875
29099700211,18.65541648864746
29099700402,13.337875366210938
29099700504,17.675397872924805
29099701404,14.395069122314453
29101960100,14.503984451293945
29101960400,26.075773239135742
29101960700,21.834627151489258
29101960900,16.11859703063965
29103960100,17.33446502685547
29105960400,19.499643325805664
29105960600,23.437976837158203
29107090400,20.566635131835938
29107090500,15.181194305419922
29107090602,14.22705364227295
29111970400,21.785015106201172
29117480100,16.265029907226562
29119070100,28.43756675720215
29121960100,14.844717979431152
29121960300,14.753451347351074
29121960400,15.737723350524902
29121960500,19.929353713989258
29125880298,15.49612045288086
29127960300,23.280807495117188
29127960500,21.491886138916016
29127960800,21.220115661621094
29131962900,24.874263763427734
29133950100,29.978435516357422
29135385400,20.806678771972656
29139970300,18.186819076538086
29141470100,14.535605430603027
29141470200,15.38412094116211
29143960100,22.56003189086914
29143960500,22.3187198638916
29145020100,20.306636810302734
29145020502,16.913482666015625
29145020800,18.231454849243164
29145020900,24.530893325805664
29151490100,13.306754112243652
29151490400,16.498435974121094
29153470200,22.152421951293945
29155470100,28.248353958129883
29157470500,13.431989669799805
29159480100,13.508818626403809
29159480400,17.356538772583008
29165030001,21.003494262695312
29165030307,68.17317962646484
29165030500,24.85198402404785
29169470400,28.66692352294922
29177080300,18.85818099975586
29179380100,23.923585891723633
29183310602,13.469786643981934
29183310700,24.554134368896484
29183310802,20.675312042236328
29183311122,17.055456161499023
29183311150,11.829212188720703
29183311154,9.575094223022461
29183311203,18.24382781982422
29183311311,15.97510051727295
29183311391,14.445683479309082
29183311602,16.620885848999023
29183311736,14.74782657623291
29183311904,13.881701469421387
29183311908,11.159354209899902
29183312300,11.215676307678223
29185480300,22.69223403930664
29186960200,14.52400016784668
29186960400,11.249999046325684
29187950102,11.727383613586426
29187950902,23.040517807006836
29189210502,23.16977882385254
29189210803,17.800382614135742
29189210912,15.399380683898926
29189210923,18.014354705810547
29189211201,24.96219253540039
29189211331,18.06999969482422
29189211402,28.243837356567383
29189211600,24.11217498779297
29189211801,23.978240966796875
29189211802,24.915271759033203
29189212600,21.37112045288086
29189214300,24.597137451171875
29189214500,20.983505249023438
29189214900,23.19391441345215
29189215001,23.787046432495117
29189215004,20.53141212463379
29189215005,18.406238555908203
29189215143,14.853611946105957
29189215202,15.512677192687988
29189215600,23.94791030883789
29189215700,21.071605682373047
29189216000,25.2445068359375
29189216200,19.410297393798828
29189217200,21.568395614624023
29189217500,10.242695808410645
29189217923,14.857118606567383
29189217943,13.048075675964355
29189218900,19.128028869628906
29189219100,13.79200553894043
29189219200,13.88404655456543
29189220431,17.158174514770508
29189220443,16.671361923217773
29189221506,12.709860801696777
29189221624,10.271162986755371
29195090700,22.666582107543945
29197470100,20.36857032775879
29201781000,17.85078239440918
29201781200,20.114084243774414
29205450300,19.653661727905273
29207470200,22.167255401611328
29207470800,13.136563301086426
29209090500,15.294502258300781
29209090602,26.306806564331055
29211480100,18.08955192565918
29213480401,23.39954948425293
29215480100,26.778377532958984
29215480300,21.5067081451416
29217950300,22.885467529296875
29217950400,28.200305938720703
29219820102,24.522905349731445
29219820202,16.888280868530273
29221460100,25.27201271057129
29225470302,14.862869262695312
29225470402,25.340167999267578
29510101200,13.804191589355469
29510101800,26.945205688476562
29510102100,20.774805068969727
29510102200,15.512487411499023
29510102400,21.36174964904785
29510105198,20.000431060791016
29510106400,31.83062171936035
29510106600,34.5906867980957
29510108200,25.607004165649414
29510110100,29.30154800415039
29510111100,29.735519409179688
29510114101,24.99611473083496
29510114102,17.938032150268555
29510117400,23.642078399658203
29510124100,35.702430725097656
30005000100,24.271825790405273
30005000200,20.169771194458008
30009000200,18.13676643371582
30011000300,17.01620864868164
30013000100,16.215648651123047
30013002100,21.300434112548828
30013010100,24.92720603942871
30015010200,15.888790130615234
30017961900,15.617171287536621
30017962000,26.715909957885742
30023000400,14.675483703613281
30025000100,18.378582000732422
30027030100,18.477554321289062
30029000201,24.529499053955078
30029000300,22.937475204467773
30029000401,17.871427536010742
30029000900,17.4034423828125
30031000102,17.4144344329834
30031000501,16.690927505493164
30031000502,14.23794937133789
30031000503,19.868114471435547
30031000702,21.524450302124023
30031000800,23.046010971069336
30031001200,17.914926528930664
30031001500,32.39138412475586
30041040100,16.924110412597656
30041040200,20.749835968017578
30047000200,19.38223648071289
30049000502,15.063055038452148
30049000600,15.167771339416504
30049000900,22.68342399597168
30057000100,19.60994529724121
30063000300,21.450515747070312
30063000700,22.05257225036621
30063000902,18.47615623474121
30063001000,23.345943450927734
30063001303,17.628612518310547
30063001400,20.868083953857422
30067000100,18.313074111938477
30067980600,49.35606002807617
30077000100,19.466690063476562
30079000100,15.401728630065918
30081000100,17.377506256103516
30081000600,16.246326446533203
30083070300,20.298229217529297
30083070400,21.16656494140625
30085080100,18.078413009643555
30093000100,23.997175216674805
30093000500,14.4098539352417
30099000100,16.58976173400879
30099000300,15.616473197937012
30101000200,19.966440200805664
30105100100,16.66152572631836
30109000100,16.383790969848633
30111000500,20.3248291015625
30111000600,13.802328109741211
30111000702,18.697267532348633
30111000705,19.51618766784668
30111001300,11.044622421264648
30111001402,15.661674499511719
30111001501,19.96681785583496
31005958300,21.35045051574707
31019969000,12.965282440185547
31019969203,12.519746780395508
31019969400,19.14312171936035
31019969500,20.434097290039062
31025965700,11.092432975769043
31025966100,17.73923683166504
31027977100,10.198372840881348
31027977200,10.358186721801758
31033955000,26.382295608520508
31041971700,16.79651641845703
31041971800,15.783973693847656
31045950600,19.265968322753906
31047968100,21.765949249267578
31055000500,25.212158203125
31055000700,27.114944458007812
31055002500,23.321754455566406
31055002800,24.10365104675293
31055003100,23.852672576904297
31055003401,23.60053825378418
31055004800,21.95087242126465
31055004900,29.62103271484375
31055005000,28.190223693847656
31055005100,29.981605529785156
31055005400,26.34963607788086
31055005901,25.65233039855957
31055006102,21.705459594726562
31055006303,22.973690032958984
31055006400,20.582073211669922
31055006505,16.378894805908203
31055006804,9.95271110534668
31055006904,12.467794418334961
31055007002,17.496322631835938
31055007303,9.902750015258789
31055007310,23.712242126464844
31055007314,12.63440227508545
31055007316,11.787199974060059
31055007408,21.881210327148438
31055007432,20.105510711669922
31055007447,14.813728332519531
31055007456,17.880939483642578
31055007457,23.59422492980957
31055007460,9.207856178283691
31055007466,22.92987823486328
31055007472,10.571712493896484
31055007511,13.321239471435547
31057962300,19.243898391723633
31059091700,12.008800506591797
31061964600,16.401309967041016
31067964800,17.140243530273438
31067965100,22.30709457397461
31075956300,17.092082977294922
31079001200,14.720751762390137
31079001300,13.089221954345703
31079001400,14.186985969543457
31081969300,11.427983283996582
31093970500,18.004234313964844
31095963800,17.82157325744629
31099966700,13.514731407165527
31101000100,24.736955642700195
31107976200,15.409380912780762
31109000500,30.668983459472656
31109001200,15.407207489013672
31109001302,8.319732666015625
31109001400,18.03020668029785
31109002800,16.876522064208984
31109003302,16.556154251098633
31109003607,17.941181182861328
31109003801,12.175844192504883
31109003802,11.259124755859375
31109010201,21.40232276916504
31109010400,10.482367515563965
31111960200,22.145700454711914
31119960700,28.996633529663086
31119961100,30.683530807495117
31119961200,14.326665878295898
31125966100,16.289411544799805
31127968100,17.46401596069336
31131966800,16.123186111450195
31131966900,19.58319091796875
31139979100,14.508255958557129
31141965700,17.283864974975586
31143960100,13.351099014282227
31147964500,19.259998321533203
31151960800,10.898547172546387
31153010104,20.81380271911621
31153010106,22.963289260864258
31153010108,23.02305793762207
31153010502,20.455293655395508
31153010617,14.738202095031738
31153010626,11.516478538513184
31153010631,12.108807563781738
31153010702,11.082940101623535
31157953100,16.787771224975586
31157953500,23.44482421875
31157953700,25.44058609008789
31159960300,12.320231437683105
31167962100,16.477170944213867
31177050201,9.61253547668457
31179978700,20.175382614135742
31185969900,10.976370811462402
32001950301,20.442358016967773
32001950400,27.925294876098633
32003000106,22.886159896850586
32003000203,30.212953567504883
32003000401,31.793027877807617
32003000510,27.53530502319336
32003000521,33.19206619262695
32003000522,35.72620391845703
32003000523,35.97493362426758
32003000700,32.25558853149414
32003000900,30.4975528717041
32003001003,25.651962280273438
32003001300,20.899845123291016
32003001402,21.64724349975586
32003001608,26.153085708618164
32003001711,31.76568031311035
32003001715,25.0286922454834
32003001717,18.52044105529785
32003001902,24.134782791137695
32003002000,27.15123748779297
32003002203,29.66423225402832
32003002206,30.714040756225586
32003002207,39.46759796142578
32003002505,34.32504653930664
32003002810,38.49354553222656
32003002811,23.749032974243164
32003002821,30.628252029418945
32003002827,27.653667449951172
32003002828,24.04432487487793
32003002831,35.75534439086914
32003002835,27.207304000854492
32003002841,20.691417694091797
32003002905,30.584430694580078
32003002935,20.70565414428711
32003002936,23.115966796875
32003002938,20.839712142944336
32003002939,15.385636329650879
32003002940,26.042882919311523
32003002941,23.23137855529785
32003002962,25.633588790893555
32003002966,34.28277587890625
32003002968,22.12640380859375
32003002981,26.49396324157715
32003002984,26.57982063293457
32003003001,22.164655685424805
32003003005,23.628528594970703
32003003006,24.75257682800293
32003003208,17.217863082885742
32003003210,5.833314895629883
32003003211,8.057676315307617
32003003214,9.030780792236328
32003003223,19.45917510986328
32003003227,24.139930725097656
32003003235,29.978038787841797
32003003245,22.295413970947266
32003003260,23.925729751586914
32003003306,15.380243301391602
32003003314,18.020179748535156
32003003317,22.401458740234375
32003003414,18.823253631591797
32003003422,25.39951515197754
32003003423,27.065828323364258
32003003428,25.633142471313477
32003003429,27.127941131591797
32003003619,24.056547164916992
32003003623,35.26094055175781
32003003626,27.97039031982422
32003003627,32.89463806152344
32003003628,30.259960174560547
32003003638,27.780048370361328
32003003800,31.027021408081055
32003004302,36.06602478027344
32003004402,30.308412551879883
32003004601,32.87220001220703
32003004707,31.40419578552246
32003004714,25.082529067993164
32003004716,25.368356704711914
32003004914,22.212825775146484
32003004916,24.15753936767578
32003004918,20.872343063354492
32003004926,24.126157760620117
32003005007,21.086349487304688
32003005015,20.051212310791016
32003005104,22.37339210510254
32003005315,20.210433959960938
32003005317,22.694860458374023
32003005341,19.307342529296875
32003005347,19.802175521850586
32003005352,18.68126106262207
32003005357,21.179628372192383
32003005421,25.636621475219727
32003005423,23.810943603515625
32003005434,19.351308822631836
32003005504,21.46351432800293
32003005607,18.129108428955078
32003005613,22.154638290405273
32003005714,8.221719741821289
32003005811,24.455848693847656
32003005824,18.8255615234375
32003005826,23.815059661865234
32003005829,34.34916305541992
32003005837,24.058509826660156
32003005839,24.330280303955078
32003006103,27.032243728637695
32003006201,29.009658813476562
32005001000,18.210378646850586
32005001100,21.21114730834961
32005001600,16.34173011779785
32005001900,9.036747932434082
32005002300,13.376708030700684
32007950702,26.209861755371094
32007951000,23.613195419311523
32007951401,20.676673889160156
32007951402,17.012014389038086
32013010500,26.406387329101562
32019960201,16.636930465698242
32021970700,26.03643798828125
32021970800,35.53279113769531
32023960406,18.139877319335938
32029970200,14.631001472473145
32031000202,29.141752243041992
32031001005,21.546192169189453
32031001009,30.63344383239746
32031001201,25.473081588745117
32031001202,30.752487182617188
32031001300,24.179086685180664
32031001701,31.803678512573242
32031001802,24.36593246459961
32031001901,29.173627853393555
32031001902,27.547929763793945
32031002104,15.852813720703125
32031002105,24.934003829956055
32031002107,29.914892196655273
32031002205,26.38806915283203
32031002206,24.255287170410156
32031002401,19.93425178527832
32031002410,25.470741271972656
32031002500,22.940919876098633
32031002610,21.027740478515625
32031002617,23.200237274169922
32031002705,21.360952377319336
32031003000,25.540088653564453
32031003105,19.191801071166992
32031003106,24.402097702026367
32031003307,27.6307315826416
32031980000,41.68409729003906
32510000900,19.521747589111328
33001965300,12.860688209533691
33001966200,17.5862979888916
33003955300,23.976232528686523
33003955500,18.59003257751465
33007950200,23.054452896118164
33007950900,18.95703125
33009960100,17.332141876220703
33009960600,20.842445373535156
33009960900,15.82408618927002
33009961100,22.439313888549805
33009961602,18.502197265625
33009961700,20.29728126525879
33011000102,16.914403915405273
33011000300,27.63471794128418
33011000902,22.8760986328125
33011001200,20.62139892578125
33011001400,28.325307846069336
33011002500,16.077556610107422
33011002701,16.099700927734375
33011010900,22.62354850769043
33011011102,26.86234474182129
33011013100,15.0681734085083
33011014201,11.093903541564941
33011016201,20.415985107421875
33011016202,14.224151611328125
33011018000,11.540274620056152
33011019501,18.09971809387207
33011200300,15.93901252746582
33013003006,15.397562980651855
33013032100,14.608717918395996
33013032500,14.960515975952148
33013036000,14.689200401306152
33013037000,11.352116584777832
33013040000,22.01359748840332
33013044300,18.67051887512207
33015003703,15.253937721252441
33015004000,12.249650001525879
33015051000,14.383305549621582
33015054000,14.297526359558105
33015063001,22.405475616455078
33015065001,14.856585502624512
33015071000,13.20883560180664
33015100301,18.28533172607422
33015104102,12.799239158630371
33015107100,20.857351303100586
33017080204,24.2510929107666
33017081100,17.770097732543945
33017081200,15.479640007019043
33017084100,16.198951721191406
33019975100,15.060239791870117
33019975800,21.28988265991211
33019975901,25.640480041503906
34001000300,34.91194152832031
34001002500,26.519330978393555
34001010105,20.995309829711914
34001010505,21.91343879699707
34001010700,21.417800903320312
34001011100,23.39030647277832
34001011401,19.569677352905273
34001011404,20.088199615478516
34001011500,23.271900177001953
34001011600,15.120384216308594
34001012402,16.114660263061523
34001012502,14.232452392578125
34001012701,23.070375442504883
34003001000,18.582012176513672
34003002200,16.48834228515625
34003003100,20.23554039001465
34003010100,17.230684280395508
34003012002,24.358280181884766
34003015100,17.048080444335938
34003016000,16.591127395629883
34003019103,20.867156982421875
34003019104,21.38795280456543
34003019203,17.70741081237793
34003021100,30.467134475708008
34003021500,30.023303985595703
34003021600,29.954679489135742
34003023401,24.39596939086914
34003023402,26.063169479370117
34003024100,15.921354293823242
34003026100,14.383488655090332
34003027000,12.910236358642578
34003030400,29.380624771118164
34003031400,27.178464889526367
34003032102,14.90104866027832
34003035100,17.24285888671875
34003036100,27.208866119384766
34003036200,21.814720153808594
34003037202,21.121456146240234
34003040001,14.753767967224121
34003040002,14.384044647216797
34003042500,19.95671844482422
34003043002,17.469467163085938
34003046300,25.647441864013672
34003047500,15.269509315490723
34003048200,12.899369239807129
34003049002,15.059704780578613
34003053100,15.143559455871582
34003054100,22.255615234375
34003054400,22.61874008178711
34003055200,17.417980194091797
34003058100,15.253693580627441
34003058200,13.841609954833984
34003061200,13.818306922912598
34005700305,10.36228084564209
34005700306,13.145625114440918
34005700307,12.447463989257812
34005700402,13.958877563476562
34005700403,19.928796768188477
34005700605,17.401559829711914
34005700702,25.23365020751953
34005701204,25.918567657470703
34005701302,15.664063453674316
34005701303,16.16671371459961
34005702206,20.93347930908203
34005702207,22.661962509155273
34005702210,20.77822494506836
34005702601,21.41364097595215
34005702806,24.283931732177734
34005702907,9.160284996032715
34005702909,15.595477104187012
34005702915,19.8497314453125
34005702918,14.917015075683594
34005703103,24.134937286376953
34005703203,10.327346801757812
34005703600,15.239374160766602
34005703804,11.954710960388184
34005704008,15.133792877197266
34005704014,12.389769554138184
34005704802,32.41462326049805
34005981802,26.22191619873047
34007601101,30.047998428344727
34007602000,29.611705780029297
34007602503,23.158422470092773
34007603501,13.296460151672363
34007603503,11.393745422363281
34007603602,11.665745735168457
34007603902,17.41128158569336
34007604700,15.433599472045898
34007605602,18.708446502685547
34007606300,16.73729705810547
34007607000,24.481210708618164
34007607504,12.003506660461426
34007607600,15.115774154663086
34007607802,20.06683349609375
34007608001,23.413860321044922
34007608205,13.972582817077637
34007608206,15.464264869689941
34007608503,24.95107078552246
34007608504,22.55109405517578
34007609103,17.113117218017578
34007609202,22.842350006103516
34007609204,23.458423614501953
34007610300,27.9609317779541
34007610400,32.29375076293945
34007611300,19.232572555541992
34007611400,17.737754821777344
34007611600,25.92426109313965
34007611700,20.040912628173828
34009020102,19.0985164642334
34009020205,8.07886791229248
34009020901,9.3308687210083
34009021400,27.600635528564453
34009021500,26.149517059326172
34009021804,20.50310707092285
34009021806,15.058053970336914
34009022102,18.102188110351562
34011010500,15.375309944152832
34011010700,18.89324188232422
34011010800,19.990760803222656
34011020100,34.28593444824219
34011020600,24.28046417236328
34011030400,20.18498992919922
34011030502,22.964859008789062
34011040400,22.16167640686035
34011040500,26.084606170654297
34011040700,19.986896514892578
34013000100,28.888505935668945
34013000600,33.65870666503906
34013002201,31.77550506591797
34013002400,39.677406311035156
34013002800,43.719600677490234
34013003500,42.80646896362305
34013004500,39.99920654296875
34013005700,43.17829513549805
34013006400,19.648273468017578
34013006800,39.65098190307617
34013007200,36.62704849243164
34013007300,33.24063491821289
34013007600,35.3707160949707
34013007700,35.206031799316406
34013009500,27.507640838623047
34013010000,28.41344451904297
34013010100,31.644712448120117
34013010600,36.94017791748047
34013010800,44.53032684326172
34013012300,36.96385955810547
34013012900,40.76038360595703
34013013500,20.84712028503418
34013014300,26.82643699645996
34013016000,15.279647827148438
34013016600,26.270235061645508
34013017301,15.00039005279541
34013017302,20.8622989654541
34013017600,28.076297760009766
34013018300,38.20352554321289
34013018600,38.3919677734375
34013018800,27.18703269958496
34013019500,13.214211463928223
34013019900,15.337162017822266
34013020902,15.88331413269043
34013021601,16.262075424194336
34013021803,14.976974487304688
34013022900,36.41716766357422
34013023000,29.298498153686523
34013023100,42.03683853149414
34015500100,23.141332626342773
34015500205,13.093090057373047
34015500702,17.52583885192871
34015500900,16.580671310424805
34015501205,18.971271514892578
34015501704,18.39413833618164
34015502002,15.495874404907227
34015502100,15.274614334106445
34017000300,31.716318130493164
34017000600,30.080934524536133
34017001000,31.36678695678711
34017001100,29.877405166625977
34017001201,33.22343444824219
34017001400,32.16672134399414
34017001800,33.62590026855469
34017002000,29.81923484802246
34017002400,23.335874557495117
34017004102,40.650169372558594
34017004400,39.77762222290039
34017004800,34.64186477661133
34017004900,39.072628021240234
34017005300,41.03886795043945
34017005400,25.401275634765625
34017006000,41.207340240478516
34017006200,33.47136306762695
34017006800,42.87362289428711
34017007200,26.070091247558594
34017010200,29.861019134521484
34017010800,32.130191802978516
34017011000,35.307373046875
34017011200,27.633228302001953
34017011300,30.637048721313477
34017012600,30.255252838134766
34017012800,28.80089569091797
34017014101,22.407052993774414
34017014600,28.946176528930664
34017015001,20.828508377075195
34017015002,25.695369720458984
34017015600,24.445110321044922
34017016300,22.60931396484375
34017016500,26.558317184448242
34017016700,32.49249267578125
34017016900,28.75735855102539
34017017800,26.731189727783203
34017018000,24.420507431030273
34017018600,27.23259925842285
34017018702,23.624279022216797
34017019000,27.358564376831055
34019010100,15.832667350769043
34019010801,17.928979873657227
34019010900,15.714187622070312
34019011301,15.45813274383545
34019011303,14.794792175292969
34021000300,26.266138076782227
34021001200,25.136207580566406
34021001800,27.058761596679688
34021002200,28.988895416259766
34021003003,14.184869766235352
34021003008,17.18068504333496
34021003100,23.045970916748047
34021003202,15.72519588470459
34021003500,22.403818130493164
34021003905,14.080530166625977
34021004201,18.24468994140625
34021004301,23.129106521606445
34021004306,14.01861572265625
34021004502,15.480026245117188
34023000701,22.553985595703125
34023000802,19.51460075378418
34023000902,17.311176300048828
34023001001,16.098480224609375
34023001410,16.142663955688477
34023001411,14.01091480255127
34023001412,13.8663969039917
34023001415,15.36811351776123
34023001505,24.599763870239258
34023001600,22.86631202697754
34023001702,21.02446174621582
34023002102,14.658084869384766
34023002402,16.27352523803711
34023002901,24.838836669921875
34023002902,23.5323486328125
34023003101,18.804340362548828
34023003203,23.273584365844727
34023003600,28.481414794921875
34023004300,24.53902816772461
34023004500,29.44624137878418
34023004900,23.247323989868164
34023005000,28.0006046295166
34023005100,29.147409439086914
34023005500,29.101083755493164
34023005700,27.065322875976562
34023006001,23.870803833007812
34023006101,24.97157859802246
34023006103,25.445964813232422
34023007102,20.59543800354004
34023007203,22.2755184173584
34023007301,17.53469467163086
34023007303,19.36870002746582
34023007304,23.23350715637207
34023007600,24.651166915893555
34023007804,18.42615509033203
34023008101,18.14788818359375
34023008205,7.243142127990723
34023008405,14.378779411315918
34023008503,18.431961059570312
34023008601,16.16973876953125
34025800500,20.08544921875
34025800702,13.735053062438965
34025800800,16.818214416503906
34025800900,17.92140769958496
34025801100,16.313575744628906
34025801400,13.668120384216309
34025801900,25.38236427307129
34025802600,27.284351348876953
34025802900,14.435492515563965
34025803000,19.34760093688965
34025803300,15.418668746948242
34025803400,29.757930755615234
34025804100,12.204018592834473
34025804200,14.259206771850586
34025804600,13.916915893554688
34025804800,16.230117797851562
34025806300,19.206501007080078
34025806501,20.51186752319336
34025807200,36.917449951171875
34025807500,25.605411529541016
34025807900,20.966007232666016
34025808500,19.28420639038086
34025808701,15.708989143371582
34025808702,11.213057518005371
34025809301,20.98744773864746
34025809302,14.130258560180664
34025809501,15.745323181152344
34025809903,31.0730037689209
34025810300,22.496273040771484
34025810502,16.56580352783203
34025810503,15.03278636932373
34025811900,14.582344055175781
34025812200,22.39764404296875
34025812400,15.463452339172363
34025812502,16.311105728149414
34027040400,16.377397537231445
34027040600,18.74490737915039
34027040701,14.46727180480957
34027040804,14.257049560546875
34027041500,13.829131126403809
34027041603,21.920888900756836
34027041702,16.582359313964844
34027041705,18.418228149414062
34027041803,14.49698257446289
34027043100,12.584453582763672
34027044102,16.856422424316406
34027045901,17.161609649658203
34027045902,14.448150634765625
34027046400,12.253777503967285
34029711400,14.597841262817383
34029713500,12.189462661743164
34029714000,17.106700897216797
34029715000,30.02651023864746
34029715401,23.00162124633789
34029717101,21.163782119750977
34029717400,18.82992935180664
34029717502,11.831995964050293
34029720203,10.299433708190918
34029720205,6.097206115722656
34029720206,8.099056243896484
34029721000,23.425458908081055
34029722300,17.22374153137207
34029722702,15.598628997802734
34029723100,19.666269302368164
34029723200,16.769025802612305
34029723500,21.296710968017578
34029725001,18.33386993408203
34029725002,18.28343391418457
34029725100,21.052581787109375
34029727002,13.112387657165527
34029731102,16.79593276977539
34029731201,7.732730865478516
34029732002,16.10590362548828
34029733000,12.601994514465332
34029734001,9.962238311767578
34029734003,19.929458618164062
34029735104,18.220863342285156
34029736002,16.113012313842773
34029736105,12.33397388458252
34031124323,23.996675491333008
34031124402,20.764846801757812
34031124700,26.483524322509766
34031124800,26.653074264526367
34031125000,27.72209930419922
34031125100,30.44582748413086
34031143400,26.246990203857422
34031154001,21.484270095825195
34031154002,21.182537078857422
34031175402,31.0085506439209
34031175704,25.935657501220703
34031180100,23.41810417175293
34031181500,42.351036071777344
34031181702,38.30439758300781
34031182301,37.187889099121094
34031183000,31.860219955444336
34031183101,25.584270477294922
34031256801,19.25845718383789
34033020500,20.33692741394043
34033021000,17.886926651000977
34033021101,15.332311630249023
34033021201,13.381319046020508
34033021202,18.230445861816406
34033021500,18.982847213745117
34033021600,18.63751792907715
34033021700,21.052227020263672
34033022000,31.100675582885742
34033022100,23.415781021118164
34033022202,13.212959289550781
34035050400,29.74460792541504
34035050703,15.816581726074219
34035050704,17.085186004638672
34035050801,11.051790237426758
34035050802,14.143392562866211
34035051200,26.09688377380371
34035051400,20.914623260498047
34035051800,26.274171829223633
34035052603,13.247720718383789
34035053105,16.8707332611084
34035053300,27.36581802368164
34035053403,20.404560089111328
34035053706,15.169794082641602
34035053801,12.842626571655273
34037371400,17.67037582397461
34037372400,15.799041748046875
34037372500,16.9682559967041
34037373100,15.159318923950195
34037373600,16.357297897338867
34037374300,16.56753921508789
34037374700,20.83663558959961
34039030200,38.160457611083984
34039030702,29.08789825439453
34039030802,31.53662109375
34039031200,36.651023864746094
34039031300,31.582611083984375
34039031601,27.19571304321289
34039031700,31.707355499267578
34039031903,26.898096084594727
34039032300,34.549217224121094
34039032500,24.284208297729492
34039032902,18.35279083251953
34039033700,21.26838493347168
34039034200,26.663650512695312
34039035000,29.11368179321289
34039035700,23.61642837524414
34039038101,13.340974807739258
34039039100,19.512977600097656
34039039300,39.050018310546875
34039039400,31.11411476135254
34041030800,20.6708927154541
34041030900,24.642410278320312
34041031102,15.207077980041504
34041031700,17.68977928161621
34041032000,23.113183975219727
35001000110,25.73151397705078
35001000111,16.293983459472656
35001000123,19.67395782470703
35001000206,15.578439712524414
35001000711,18.454381942749023
35001000714,21.83727264404297
35001000801,26.39155387878418
35001000901,32.80354309082031
35001000904,24.384254455566406
35001001101,22.06062889099121
35001001102,24.6258544921875
35001001200,27.993791580200195
35001001600,30.27010726928711
35001001700,26.252843856811523
35001002100,35.08293151855469
35001002300,24.175222396850586
35001002600,22.661352157592773
35001003501,24.102346420288086
35001003600,21.963361740112305
35001003707,23.130823135375977
35001003712,16.085208892822266
35001003714,31.464345932006836
35001003715,14.35279655456543
35001003717,23.086355209350586
35001003718,19.401044845581055
35001003724,16.36891746520996
35001003725,22.39247703552246
35001003804,18.9486083984375
35001003806,20.657989501953125
35001003807,26.630638122558594
35001004716,29.650548934936523
35001004722,26.721134185791016
35001004725,20.67328453063965
35001004738,25.284936904907227
35001004744,22.399982452392578
35001004746,25.390859603881836
35005000201,27.060749053955078
35005000400,24.391551971435547
35005001200,30.851041793823242
35009000601,25.0510196685791
35009000602,24.604944229125977
35009000603,29.809452056884766
35009000900,31.906944274902344
35013000104,19.597679138183594
35013000201,20.931381225585938
35013000300,24.03087615966797
35013000600,24.63544464111328
35013001000,34.42323684692383
35013001203,25.649694442749023
35013001303,18.82642936706543
35013001703,30.95903205871582
35013001805,34.83125686645508
35017964500,33.39034652709961
35017964700,15.553757667541504
35021000100,27.980180740356445
35023970000,29.54835319519043
35025000503,25.470359802246094
35025000701,22.99074363708496
35025000703,19.006874084472656
35031943901,50.56576156616211
35035000304,19.941648483276367
35035000306,17.041976928710938
35035000700,30.706876754760742
35037958602,33.351539611816406
35037958900,25.239370346069336
35041000300,24.98188018798828
35043010712,24.200986862182617
35043010722,23.760135650634766
35045000401,22.157724380493164
35045000707,26.227642059326172
35047957200,31.726024627685547
35047957400,35.556644439697266
35049001203,22.919570922851562
35049001205,26.501319885253906
35049010204,15.467415809631348
35049010312,23.660247802734375
35051962401,21.401220321655273
35051962402,30.065086364746094
35053978303,39.062538146972656
35059950200,30.77560043334961
35061970102,22.063825607299805
35061970302,24.071502685546875
35061970404,25.475269317626953
35061971300,34.8297004699707
36001000502,24.63276481628418
36001001700,22.559667587280273
36001001902,13.720755577087402
36001013000,18.000789642333984
36001013200,25.53002166748047
36001013506,18.086442947387695
36001013801,15.825543403625488
36001013902,15.650797843933105
36001014202,15.161900520324707
36001014301,17.377750396728516
36001014402,20.98827362060547
36001014607,12.405442237854004
36001014608,17.037532806396484
36003950800,20.55438995361328
36005002500,26.330406188964844
36005002701,25.781538009643555
36005003100,28.992507934570312
36005003500,26.548038482666016
36005003700,27.26769256591797
36005004300,27.94964027404785
36005005001,30.45733642578125
36005005100,24.33823013305664
36005005200,28.683937072753906
36005005400,33.97321319580078
36005006000,31.491878509521484
36005006100,24.5753173828125
36005007000,36.4239616394043
36005007200,33.204864501953125
36005007300,26.857309341430664
36005008700,27.709203720092773
36005009000,24.564834594726562
36005011700,26.58060073852539
36005012300,28.94236183166504
36005012901,29.55262565612793
36005016400,34.33476257324219
36005016500,33.85256576538086
36005016700,31.878231048583984
36005017702,33.3065299987793
36005018400,28.86914825439453
36005019500,23.926109313964844
36005019700,25.9443359375
36005020000,29.88578224182129
36005020100,26.96984100341797
36005020502,26.67256736755371
36005021001,20.70978355407715
36005021100,27.62799644470215
36005021601,30.82372283935547
36005021700,29.95879554748535
36005022101,28.972862243652344
36005022102,27.208852767944336
36005022401,23.750951766967773
36005022701,26.925243377685547
36005023301,27.420574188232422
36005023502,23.54677391052246
36005024700,28.152917861938477
36005025400,28.20698356628418
36005025600,31.765592575073242
36005026701,26.658077239990234
36005027402,26.177749633789062
36005027900,24.844242095947266
36005028400,34.333282470703125
36005028600,30.64153480529785
36005029600,32.12553024291992
36005030200,20.722423553466797
36005032600,31.144376754760742
36005035900,26.44826316833496
36005036300,26.52879524230957
36005036901,24.08673667907715
36005037400,29.92483139038086
36005037900,33.55025863647461
36005039300,27.182079315185547
36005039400,34.4908447265625
36005040302,25.265783309936523
36005041800,40.98883056640625
36005042200,39.7360725402832
36005042300,29.72728729248047
36005042400,38.084659576416016
36005042901,30.42000961303711
36005043000,39.04331588745117
36005044800,38.66423797607422
36005044902,27.929338455200195
36005046201,22.611019134521484
36007001300,32.53024673461914
36007012900,11.295503616333008
36007013100,20.483675003051758
36007013500,26.328083038330078
36007014400,12.972603797912598
36007014500,12.690330505371094
36009960400,16.229856491088867
36009960600,12.99267864227295
36011040600,11.369489669799805
36011041300,21.658771514892578
36011041400,16.420286178588867
36011041800,17.958887100219727
36013030200,21.925291061401367
36013030400,19.05731201171875
36013030600,21.178491592407227
36013030800,20.391944885253906
36013035100,14.197405815124512
36013035300,13.473966598510742
36013035500,21.908859252929688
36013035901,18.32200050354004
36013036402,19.482372283935547
36013036700,12.63377857208252
36013036902,16.314990997314453
36013037500,12.741349220275879
36015000200,23.10170555114746
36015001000,23.954965591430664
36015010200,13.741283416748047
36015010900,11.703829765319824
36019100600,14.788341522216797
36019101700,15.08278751373291
36019101800,13.086494445800781
36021001200,27.730731964111328
36023971100,19.207427978515625
36023971200,13.945584297180176
36025970100,23.15726089477539
36025970600,23.48551368713379
36025970800,19.820865631103516
36025970900,10.71041488647461
36025971300,17.854572296142578
36027010000,27.14173126220703
36027060201,18.292377471923828
36027080202,14.902070999145508
36027100000,26.4005126953125
36027190102,22.86294937133789
36027190301,25.317007064819336
36027220100,30.908498764038086
36027220801,22.85359001159668
36027221100,38.907833099365234
36027300000,25.41437339782715
36027640002,30.294065475463867
36029000200,28.760343551635742
36029001700,28.47504425048828
36029002800,36.60446548461914
36029004100,31.47878646850586
36029004601,26.896331787109375
36029004900,28.14531135559082
36029005202,33.871376037597656
36029005300,24.098012924194336
36029005802,31.642375946044922
36029006800,24.944686889648438
36029007000,37.62187957763672
36029007700,19.092235565185547
36029007901,12.556825637817383
36029007902,11.297018051147461
36029007904,11.561100959777832
36029007905,11.697846412658691
36029009006,12.687542915344238
36029009109,14.562500953674316
36029009110,30.499710083007812
36029009301,24.23576545715332
36029009302,15.640007019042969
36029009501,12.076016426086426
36029009900,19.802034378051758
36029010001,16.64634132385254
36029010003,17.266826629638672
36029010808,20.1778564453125
36029011500,20.69654655456543
36029012800,22.27651596069336
36029012901,19.073875427246094
36029012902,16.24340057373047
36029014000,14.071054458618164
36029014603,9.694575309753418
36029015101,12.903562545776367
36029015301,14.141186714172363
36029016300,28.28622055053711
36029016500,29.806615829467773
36029016700,24.57865333557129
36029016900,26.268159866333008
36031960900,17.053714752197266
36033950200,19.090829849243164
36033950502,24.03394317626953
36033951200,20.012737274169922
36035970800,21.421350479125977
36035970900,20.398897171020508
36035971200,19.943639755249023
36035971300,18.982772827148438
36035971400,16.19327735900879
36037951400,13.404913902282715
36039080201,18.51755714416504
36039080401,22.26259994506836
36043010501,19.77364730834961
36045060100,19.93309783935547
36045060200,16.50371742248535
36045060400,15.655064582824707
36045060600,23.631576538085938
36045060803,33.81545639038086
36045061500,22.938888549804688
36045980000,19.939821243286133
36047000900,19.807069778442383
36047001100,28.16618537902832
36047001500,30.234464645385742
36047001800,42.1588134765625
36047003300,27.721948623657227
36047004100,21.675495147705078
36047004500,21.605253219604492
36047005601,24.088302612304688
36047005602,21.4619197845459
36047005900,31.251108169555664
36047006300,25.5366268157959
36047006600,30.40946388244629
36047006800,32.523216247558594
36047007200,28.747474670410156
36047008000,31.138986587524414
36047008400,34.68691635131836
36047008500,23.3829402923584
36047009800,33.53849792480469
36047010000,33.438201904296875
36047011600,34.84405517578125
36047011700,30.61537742614746
36047013600,29.17156410217285
36047014800,25.0555477142334
36047015300,20.560314178466797
36047016200,24.706867218017578
36047017600,27.315404891967773
36047017800,34.51631164550781
36047017900,25.86625862121582
36047018100,24.842662811279297
36047019000,35.60363006591797
36047019500,23.887361526489258
36047020300,30.432451248168945
36047020500,25.33806037902832
36047020600,30.96061897277832
36047021300,30.27912712097168
36047021700,28.973987579345703
36047021800,39.09122848510742
36047022200,37.66819381713867
36047023100,33.517024993896484
36047023200,39.23733139038086
36047024000,37.031803131103516
36047024100,32.55274200439453
36047024200,38.79157257080078
36047025000,33.396820068359375
36047025200,32.08831787109375
36047025600,31.919843673706055
36047026100,40.94565963745117
36047026300,40.11498260498047
36047027500,42.09552001953125
36047027700,42.09415817260742
36047027800,34.24231719970703
36047028100,36.66415023803711
36047028300,34.82877731323242
36047028900,41.648460388183594
36047029200,31.65125846862793
36047029500,38.089115142822266
36047029900,43.444400787353516
36047030000,32.75613784790039
36047030200,31.302749633789062
36047030500,35.7397575378418
36047030700,33.2802734375
36047032300,36.11274719238281
36047032700,34.43217849731445
36047032800,27.281749725341797
36047033300,36.470947265625
36047033700,38.79817581176758
36047034700,36.927772521972656
36047036200,37.76585006713867
36047036300,43.517642974853516
36047036400,32.82503890991211
36047036502,43.21340560913086
36047037700,42.85381317138672
36047038100,39.68724822998047
36047038900,32.68053436279297
36047039500,37.216583251953125
36047039600,33.539981842041016
36047041000,31.323501586914062
36047041200,32.768333435058594
36047041600,35.55699920654297
36047041900,30.365753173828125
36047042300,34.8611946105957
36047043200,32.15412521362305
36047043400,31.047962188720703
36047043800,30.218538284301758
36047044000,33.439571380615234
36047044400,30.013275146484375
36047044500,33.747169494628906
36047044600,37.5831184387207
36047045400,33.01713943481445
36047046000,29.9965763092041
36047046800,34.055633544921875
36047047800,36.39236068725586
36047049200,31.36078453063965
36047049400,27.739269256591797
36047049700,29.36031150817871
36047050600,31.508136749267578
36047050700,36.50718307495117
36047051100,26.71262550354004
36047051602,32.31474685668945
36047051800,26.998367309570312
36047051900,28.063894271850586
36047053000,32.24411392211914
36047054600,27.951765060424805
36047054900,32.81840133666992
36047055100,27.768957138061523
36047056100,28.799560546875
36047056300,33.05296325683594
36047056500,27.46708106994629
36047056800,26.46064567565918
36047056900,29.74163055419922
36047057400,24.891916275024414
36047058200,33.49385070800781
36047058600,34.5522575378418
36047060000,26.921646118164062
36047060800,28.83541488647461
36047062200,28.82260513305664
36047062800,22.93715476989746
36047064600,27.706987380981445
36047068200,32.869483947753906
36047069200,36.27708435058594
36047069602,28.102689743041992
36047073400,34.7467155456543
36047074400,25.8448429107666
36047075000,34.037620544433594
36047077200,31.904836654663086
36047078600,38.04242706298828
36047079000,41.27849578857422
36047079200,38.304630279541016
36047079801,28.7672119140625
36047080800,25.08579444885254
36047082400,43.383609771728516
36047083600,36.682552337646484
36047083800,33.444854736328125
36047084000,34.501914978027344
36047085200,41.80461120605469
36047085800,39.78925704956055
36047086400,41.671688079833984
36047087200,37.159393310546875
36047088000,37.04673385620117
36047089000,38.8200569152832
36047089400,44.334808349609375
36047089600,44.23490905761719
36047090200,32.862510681152344
36047091800,27.67682647705078
36047092800,41.86751937866211
36047093200,34.333980560302734
36047094402,28.15511131286621
36047095000,39.25938034057617
36047095600,45.846134185791016
36047095800,43.769989013671875
36047096200,42.82661819458008
36047101000,40.97015380859375
36047101400,39.687198638916016
36047101600,40.595237731933594
36047102400,41.44287872314453
36047102600,40.53708267211914
36047110400,41.40925216674805
36047111000,27.617698669433594
36047112200,43.25516891479492
36047112600,44.54435348510742
36047114202,33.78382873535156
36047116400,41.62266159057617
36047117601,37.466102600097656
36047117800,40.74630355834961
36047118201,39.336265563964844
36047119800,38.72646713256836
36047121000,26.674575805664062
36049950100,18.969083786010742
36051030100,16.145090103149414
36051030300,15.679739952087402
36051030500,56.576072692871094
36051030800,14.775382041931152
36051031400,19.23810577392578
36053030102,18.285850524902344
36053030402,13.62681770324707
36053030403,15.592416763305664
36053030700,21.39974594116211
36053030800,19.373802185058594
36055000700,34.52311706542969
36055002000,29.42894744873047
36055002700,37.84918975830078
36055003100,24.8893985748291
36055003805,25.955968856811523
36055004000,33.785133361816406
36055004800,33.02248001098633
36055005100,36.82205581665039
36055006200,27.585708618164062
36055006300,26.394723892211914
36055006600,33.67424011230469
36055006700,27.335308074951172
36055007000,27.378433227539062
36055008701,26.493560791015625
36055009200,29.212491989135742
36055009301,37.5431022644043
36055009302,33.004695892333984
36055010300,9.453557014465332
36055010500,8.685876846313477
36055010700,16.107986450195312
36055010901,23.67985725402832
36055011302,11.27791690826416
36055011501,12.500511169433594
36055011601,13.346776008605957
36055011603,17.88518524169922
36055011703,13.440194129943848
36055011800,16.671539306640625
36055012000,20.973779678344727
36055012202,9.961610794067383
36055012301,12.985286712646484
36055012304,9.02316951751709
36055013103,28.70574951171875
36055013206,16.156124114990234
36055013300,10.455754280090332
36055013402,16.253890991210938
36055013902,26.80979347229004
36055014504,10.342594146728516
36055014700,15.046098709106445
36055014804,18.311582565307617
36055014901,17.205846786499023
36055014903,13.105441093444824
36055015200,16.19737434387207
36055015304,23.2288818359375
36055980100,10.310294151306152
36057072100,13.15229606628418
36059300500,15.463861465454102
36059300600,14.85523509979248
36059301200,17.43532943725586
36059301400,12.15230941772461
36059302000,18.056764602661133
36059302101,14.282571792602539
36059303600,26.013853073120117
36059304204,31.879302978515625
36059405100,31.132221221923828
36059405302,24.066970825195312
36059405700,22.946840286254883
36059406001,21.648460388183594
36059406702,30.46601676940918
36059406802,29.265419006347656
36059407000,28.073129653930664
36059407301,20.288358688354492
36059408000,19.950281143188477
36059408800,23.85451889038086
36059409500,19.90203285217285
36059409900,30.393695831298828
36059410600,22.788318634033203
36059411302,13.131555557250977
36059411400,18.15572166442871
36059411901,21.864107131958008
36059412100,21.294849395751953
36059412301,19.71335220336914
36059412700,11.780561447143555
36059413100,19.098194122314453
36059413300,19.881391525268555
36059414100,25.76158332824707
36059414304,26.62946128845215
36059414700,17.13498306274414
36059414800,20.575944900512695
36059414900,21.030277252197266
36059416202,26.54398536682129
36059416402,19.95198631286621
36059416801,18.454999923706055
36059517101,26.674114227294922
36059517301,21.704416275024414
36059517400,20.15399742126465
36059517705,17.340648651123047
36059518204,11.845789909362793
36059518300,15.848005294799805
36059519000,19.743816375732422
36059519200,21.511587142944336
36059519702,12.265600204467773
36059519900,18.9178409576416
36059520100,12.70551586151123
36059520502,20.49114227294922
36059520700,21.168231964111328
36059521302,17.839658737182617
36059521400,15.938735961914062
36059521500,16.767425537109375
36061000201,24.7380428314209
36061000900,27.960193634033203
36061001402,24.532272338867188
36061001501,20.751188278198242
36061002400,22.606733322143555
36061003001,29.15313720703125
36061003200,22.595203399658203
36061005200,22.427099227905273
36061005400,19.901607513427734
36061005900,19.94352912902832
36061006800,22.956096649169922
36061008300,26.13030242919922
36061008603,18.256942749023438
36061009300,22.00434684753418
36061010400,28.09010887145996
36061010602,20.955251693725586
36061011000,20.16230583190918
36061011201,27.021438598632812
36061011202,23.861827850341797
36061011401,23.0323486328125
36061012000,17.453283309936523
36061012400,19.319669723510742
36061012500,32.99089050292969
36061012600,18.874608993530273
36061013300,27.187206268310547
36061013600,20.794038772583008
36061014601,23.375957489013672
36061014700,26.532602310180664
36061015200,22.20345687866211
36061015400,22.004404067993164
36061015900,19.415538787841797
36061016100,21.284738540649414
36061016200,25.9786319732666
36061016700,18.746164321899414
36061016800,25.298404693603516
36061018300,19.347856521606445
36061018800,31.10880470275879
36061018900,23.332534790039062
36061019000,27.390884399414062
36061019300,22.304473876953125
36061020000,31.189167022705078
36061020101,25.554759979248047
36061020500,21.382225036621094
36061022000,35.07032775878906
36061022800,35.652320861816406
36061022900,24.679319381713867
36061023300,31.570112228393555
36061023502,32.42239761352539
36061023900,26.21832847595215
36061024100,19.689319610595703
36061024302,23.692956924438477
36061025100,26.242494583129883
36061025900,28.643768310546875
36061026100,21.79882049560547
36061028300,21.84465217590332
36061029900,20.8020076751709
36063020600,29.968612670898438
36063021700,23.35470962524414
36063022602,18.45481300354004
36063022711,12.930985450744629
36063023100,24.598535537719727
36063023300,19.826045989990234
36063023404,14.595541000366211
36063023902,16.98470687866211
36063024001,13.249397277832031
36063024201,14.370379447937012
36063024303,14.07399845123291
36063024404,11.294590950012207
36063940001,42.647491455078125
36065020300,29.86146354675293
36065020705,23.98220443725586
36065021000,29.02530860900879
36065021301,23.11324119567871
36065021302,29.40644073486328
36065021402,25.376497268676758
36065023200,20.256441116333008
36065023300,20.7586612701416
36065023702,14.248964309692383
36065024500,15.47383975982666
36065024800,11.852933883666992
36065025100,14.348055839538574
36065025200,11.132813453674316
36065025500,14.525360107421875
36065026500,31.445316314697266
36065026700,15.768287658691406
36067000800,27.757009506225586
36067002000,25.859710693359375
36067002101,33.22572708129883
36067002901,21.89339828491211
36067003601,25.29636001586914
36067003800,29.19473648071289
36067004200,31.384532928466797
36067004302,34.5516242980957
36067004400,30.608369827270508
36067005000,19.21778106689453
36067005300,35.306968688964844
36067010200,16.34828758239746
36067010301,14.128254890441895
36067010322,12.859344482421875
36067010700,17.71507453918457
36067010900,13.535059928894043
36067011101,12.315832138061523
36067011202,12.301955223083496
36067011231,12.793514251708984
36067011401,12.465278625488281
36067011500,13.780872344970703
36067011900,11.765128135681152
36067012000,16.391782760620117
36067012200,18.873992919921875
36067012300,11.341869354248047
36067012600,10.837977409362793
36067012900,23.59351921081543
36067013100,8.611285209655762
36067013200,14.397712707519531
36067013400,13.879419326782227
36067013701,18.495223999023438
36067014500,15.13415813446045
36067014600,21.83591651916504
36067014700,12.105070114135742
36067015100,13.317562103271484
36067015202,10.801218032836914
36067015601,13.837879180908203
36067015700,10.844869613647461
36067016502,13.326369285583496
36069050601,12.054161071777344
36069050800,18.106653213500977
36069051400,13.77292537689209
36069051600,18.510766983032227
36071001500,28.46735954284668
36071010200,17.99063491821289
36071011300,25.208621978759766
36071011400,21.106985092163086
36071011500,18.987388610839844
36071011701,19.42670440673828
36071012100,23.713054656982422
36071012700,22.918832778930664
36071013100,17.610889434814453
36071013201,20.428773880004883
36071013600,24.723976135253906
36071014400,20.762815475463867
36071014502,17.288719177246094
36071014700,18.247337341308594
36071015003,37.39811325073242
36073040700,20.639638900756836
36075021000,17.382200241088867
36075021300,16.550765991210938
36075021401,12.536813735961914
36075021602,22.30655860900879
36077590800,16.629629135131836
36077591000,22.04848289489746
36077591300,14.263203620910645
36077591400,13.429953575134277
36077591600,13.740158081054688
36079010500,20.84306526184082
36079010700,18.8317928314209
36079010800,18.26620864868164
36079011000,19.53345489501953
36079011100,22.37899398803711
36081000100,27.607288360595703
36081000600,33.47437286376953
36081000700,26.91952896118164
36081001000,32.05818557739258
36081001600,30.852670669555664
36081001900,25.49990463256836
36081003900,38.88916778564453
36081004002,38.08148193359375
36081004300,28.87932586669922
36081005200,41.20460891723633
36081005500,32.82991409301758
36081005800,31.244646072387695
36081006900,30.274778366088867
36081008300,34.02058410644531
36081011300,29.095298767089844
36081011400,38.96720886230469
36081011700,31.06638526916504
36081011900,31.038583755493164
36081012100,32.73919677734375
36081012500,32.46267318725586
36081013600,24.820192337036133
36081013700,28.640920639038086
36081014000,30.969160079956055
36081014100,32.10158920288086
36081014202,37.073028564453125
36081014300,30.999465942382812
36081015200,42.9190673828125
36081015801,42.04558563232422
36081015802,38.69528579711914
36081016800,37.1502799987793
36081016900,27.404010772705078
36081017400,34.081016540527344
36081018200,36.4816780090332
36081018300,24.935335159301758
36081018401,36.16370391845703
36081019200,35.81884002685547
36081020200,36.28291702270508
36081020400,42.39405059814453
36081020500,34.09897232055664
36081022001,26.54525375366211
36081023800,33.54380416870117
36081024000,31.066604614257812
36081025400,39.132930755615234
36081026902,25.628454208374023
36081028400,36.62895202636719
36081029400,36.8211784362793
36081033700,32.75297927856445
36081035100,23.511615753173828
36081036300,39.55766296386719
36081036500,38.73418045043945
36081037900,40.77630615234375
36081038400,36.407264709472656
36081040500,40.37285614013672
36081041300,37.4267463684082
36081041400,39.110897064208984
36081042700,36.11421585083008
36081043200,34.14929962158203
36081043702,28.016563415527344
36081044601,26.24944496154785
36081045000,32.46139907836914
36081045200,32.72684860229492
36081045400,35.03447723388672
36081046100,37.82862854003906
36081047600,20.037208557128906
36081048200,31.28842544555664
36081049301,31.28274154663086
36081049700,30.803646087646484
36081049900,30.953659057617188
36081050000,36.298301696777344
36081050600,32.89698791503906
36081050800,35.26713943481445
36081051100,32.067779541015625
36081051600,36.90800857543945
36081051700,34.098445892333984
36081053000,32.946205139160156
36081055200,31.410037994384766
36081055500,35.258056640625
36081055800,27.238983154296875
36081055900,40.111751556396484
36081056100,21.046655654907227
36081058200,35.385772705078125
36081059100,37.78110885620117
36081059400,27.42805290222168
36081060100,36.96375274658203
36081060300,34.29334259033203
36081060701,21.724641799926758
36081060800,31.327342987060547
36081061000,25.631824493408203
36081061800,29.872804641723633
36081062300,32.49798583984375
36081063000,28.116186141967773
36081063301,30.844436645507812
36081065400,36.3409538269043
36081065900,27.237646102905273
36081066300,21.805559158325195
36081066900,28.1209774017334
36081068700,26.109533309936523
36081069500,27.350765228271484
36081071303,21.75777816772461
36081072100,25.148401260375977
36081072300,17.36830711364746
36081073100,24.127666473388672
36081075702,19.377342224121094
36081077902,22.38188934326172
36081077903,26.63469886779785
36081077906,28.393672943115234
36081077907,30.3941707611084
36081084601,35.63690185546875
36081085500,24.951011657714844
36081085700,26.674150466918945
36081086500,25.354406356811523
36081093900,26.759170532226562
36081094500,23.96612548828125
36081097202,38.326385498046875
36081098100,25.44957733154297
36081099703,20.28885269165039
36081099802,27.9702205657959
36081101700,20.086238861083984
36081103300,24.728002548217773
36081113300,21.35554313659668
36081119300,31.04730224609375
36081120300,26.59054183959961
36081129102,14.597477912902832
36081130100,22.84101104736328
36081133900,18.770061492919922
36081146700,26.409067153930664
36081155102,21.447509765625
36083040600,32.852294921875
36083041000,27.95136070251465
36083041200,21.354063034057617
36083051902,14.306051254272461
36083052003,15.20823860168457
36083052004,17.01655387878418
36083052101,11.734599113464355
36083052102,12.15435791015625
36083052503,17.234088897705078
36085000300,27.101774215698242
36085001100,38.91084289550781
36085003900,26.047672271728516
36085006700,24.204267501831055
36085007500,28.973112106323242
36085007700,35.83308029174805
36085011201,25.326915740966797
36085012100,18.973947525024414
36085012804,28.53699493408203
36085013201,18.86941146850586
36085013301,29.18805694580078
36085013400,27.67434310913086
36085014100,31.003000259399414
36085014604,24.719541549682617
36085014700,20.159765243530273
36085015603,25.564966201782227
36085017011,25.319210052490234
36085017012,24.528276443481445
36085018702,26.628520965576172
36085019700,19.89275360107422
36085020700,35.39369583129883
36085021300,31.920000076293945
36085023900,32.37718963623047
36085024402,23.901199340820312
36085024700,30.319194793701172
36085024800,25.61690330505371
36085025100,24.15966033935547
36085029104,25.985004425048828
36085030301,27.892318725585938
36085031901,34.04569625854492
36087010601,22.223796844482422
36087010602,26.182085037231445
36087010701,21.70697593688965
36087010702,28.570049285888672
36087011200,15.788047790527344
36087011502,22.319658279418945
36087011506,34.120880126953125
36087011601,15.544203758239746
36087011902,25.06491470336914
36087012101,27.68258285522461
36087012103,25.845632553100586
36087012203,28.937959671020508
36087012300,40.21551513671875
36087012600,16.999332427978516
36087013200,24.494489669799805
36089490100,18.23694610595703
36089490400,13.441126823425293
36089490900,19.00592613220215
36089491100,30.9860782623291
36089492000,16.680465698242188
36089492100,17.441509246826172
36091060503,13.232791900634766
36091060701,15.969578742980957
36091061000,19.419466018676758
36091061302,15.35282039642334
36091061403,15.288017272949219
36091062100,18.17999267578125
36091062405,23.322420120239258
36091062406,15.048742294311523
36093020200,32.6485595703125
36093020800,33.65166091918945
36093021400,36.98595428466797
36093021800,19.51841163635254
36093032000,15.203396797180176
36093032402,13.36575984954834
36093032700,17.965269088745117
36093033002,11.419211387634277
36095740700,23.679563522338867
36097950200,13.317853927612305
36099950800,15.772992134094238
36099951000,11.593350410461426
36101960200,23.610137939453125
36101961200,16.801616668701172
36101962000,16.219745635986328
36101962600,18.7094783782959
36103110200,15.501678466796875
36103110402,15.466717720031738
36103110502,19.713773727416992
36103111100,28.715208053588867
36103111506,21.556442260742188
36103111601,20.786272048950195
36103111801,18.3734130859375
36103112002,16.666336059570312
36103112210,18.760784149169922
36103122404,26.407747268676758
36103122405,22.651399612426758
36103122602,23.431316375732422
36103122704,27.122331619262695
36103122801,23.211320877075195
36103123001,22.69703483581543
36103123102,19.1154727935791
36103123301,29.516036987304688
36103124001,23.3701229095459
36103124102,23.976634979248047
36103124402,21.228092193603516
36103134902,18.845491409301758
36103134907,20.391571044921875
36103135003,18.38985824584961
36103135204,18.935287475585938
36103135205,15.037903785705566
36103135208,13.477104187011719
36103145602,29.216917037963867
36103145603,32.227012634277344
36103145703,28.180810928344727
36103145804,22.639772415161133
36103145807,23.154184341430664
36103146001,31.541292190551758
36103146500,23.105619430541992
36103146604,23.96007537841797
36103146608,25.01761245727539
36103147001,17.968544006347656
36103147100,15.06611156463623
36103147300,27.98227310180664
36103147803,17.856128692626953
36103158010,16.259782791137695
36103158115,18.308202743530273
36103158207,15.592443466186523
36103158315,20.534351348876953
36103158502,19.173145294189453
36103158606,27.11111831665039
36103158704,23.87307357788086
36103158709,16.199626922607422
36103158711,21.898874282836914
36103158803,18.526620864868164
36103159103,28.05649185180664
36103159105,24.44959259033203
36103159107,23.433561325073242
36103159506,26.584012985229492
36103169704,14.580228805541992
36105950100,21.677650451660156
36105950600,26.55144691467285
36105951000,33.66642761230469
36105951500,32.45045852661133
36105951800,33.11164093017578
36107020100,14.473461151123047
36107020200,15.633752822875977
36107020401,11.953421592712402
36107020702,15.628207206726074
36109001100,20.997770309448242
36109002000,16.893922805786133
36109002100,16.02670669555664
36109002200,15.548675537109375
36111950300,15.902725219726562
36111950500,19.04561424255371
36111950900,21.164318084716797
36111952000,28.587635040283203
36111952100,26.77985954284668
36111952700,19.482315063476562
36111953400,23.5354061126709
36111953600,20.886821746826172
36111953900,20.975318908691406
36111954100,22.24747657775879
36111954400,19.725000381469727
36111954700,30.301923751831055
36111955300,26.032791137695312
36113070200,24.269332885742188
36113070900,11.558056831359863
36113072000,15.536080360412598
36115086000,11.993856430053711
36117020101,10.675907135009766
36117020500,13.690849304199219
36117020700,19.368824005126953
36117021100,17.65389060974121
36119000103,31.49274444580078
36119000401,34.41335678100586
36119000600,28.521259307861328
36119000803,27.90201759338379
36119001000,32.327598571777344
36119001102,33.39894485473633
36119001505,23.10667610168457
36119002103,12.690345764160156
36119002401,23.377431869506836
36119002403,25.265878677368164
36119002405,26.630348205566406
36119004000,28.407699584960938
36119004400,18.433696746826172
36119004500,20.842809677124023
36119005002,14.842127799987793
36119005800,25.702159881591797
36119006000,25.179012298583984
36119006802,14.252670288085938
36119007000,14.984079360961914
36119007401,25.046165466308594
36119008302,13.479970932006836
36119008500,16.53186798095703
36119008800,23.59932518005371
36119009701,11.813606262207031
36119010500,20.9130802154541
36119012101,14.470820426940918
36119012303,16.189682006835938
36119012600,18.377460479736328
36119013103,15.59962272644043
36119013202,15.833416938781738
36119013400,22.49274444580078
36119014607,17.59408950805664
36119014703,19.318958282470703
36119014809,16.961851119995117
36119014901,17.439167022705078
36119981000,28.68408966064453
36121970600,16.480819702148438
36123150100,12.851991653442383
36123150300,11.652984619140625
37001020200,24.581581115722656
37001020400,23.632125854492188
37001020501,19.653427124023438
37001020502,24.47925567626953
37001020701,17.905771255493164
37001020702,25.452129364013672
37001020801,19.909284591674805
37001021205,20.5856876373291
37001021206,21.822362899780273
37001021801,16.354177474975586
37001022001,17.053918838500977
37005950100,14.423410415649414
37005950200,16.50101661682129
37007920300,17.29817008972168
37007920400,21.180110931396484
37007920600,20.915058135986328
37009970500,16.045650482177734
37013930300,22.51386070251465
37013931000,19.63690185546875
37015960200,20.00341033935547
37019020102,20.978042602539062
37019020308,12.68013858795166
37019020310,13.197993278503418
37019020404,18.92074966430664
37019020504,3.5560214519500732
37019020601,19.409435272216797
37021000300,22.838159561157227
37021000500,14.892979621887207
37021000900,26.76270866394043
37021001600,17.383359909057617
37021001802,17.370988845825195
37021002000,21.994243621826172
37021002402,18.71014404296875
37021002703,15.495762825012207
37021002803,18.93760871887207
37021003202,14.722854614257812
37023020802,15.019689559936523
37023021202,16.907686233520508
37025040900,20.9952392578125
37025041100,18.482942581176758
37025041502,14.140870094299316
37025041902,26.21424102783203
37025042300,22.91767120361328
37025042501,15.93765926361084
37025042502,24.02971649169922
37025042604,16.061494827270508
37027030200,19.566675186157227
37027030800,17.69636344909668
37027031300,16.196523666381836
37031970101,14.007689476013184
37031970301,16.34933090209961
37031970302,19.644405364990234
37031970501,22.858661651611328
37031970504,18.907194137573242
37031970603,22.431562423706055
37031971102,17.43912124633789
37033930600,15.851217269897461
37035010502,13.885350227355957
37035011101,17.836381912231445
37035011402,16.114282608032227
37035011601,19.416074752807617
37035011801,15.937289237976074
37037020103,15.76240062713623
37037020105,15.177490234375
37037020300,18.41912078857422
37037020701,11.934054374694824
37037020800,17.04572868347168
37039930400,15.650205612182617
37045950102,19.15468406677246
37045950302,16.818296432495117
37045950601,18.608047485351562
37045951400,19.616086959838867
37045951502,18.479761123657227
37047930300,17.507339477539062
37047930400,20.318832397460938
37047931200,21.390586853027344
37049960102,19.47085952758789
37049960403,10.460518836975098
37049960404,13.629591941833496
37049960700,19.913740158081055
37049961201,27.748859405517578
37051000900,22.440101623535156
37051001603,26.194974899291992
37051001604,26.798215866088867
37051001800,22.471240997314453
37051001902,23.43782615661621
37051001903,24.146047592163086
37051002300,26.477962493896484
37051002503,26.626502990722656
37051002700,16.60039520263672
37051002900,19.660703659057617
37051003002,20.062036514282227
37051003102,19.79857063293457
37051003103,24.245431900024414
37051003304,25.33366584777832
37051003309,27.237289428710938
37051003310,30.864425659179688
37051003311,36.91081237792969
37051003403,34.86226272583008
37051003408,33.08323669433594
37051003600,27.7889347076416
37053110200,15.856451988220215
37053110302,17.022310256958008
37053110402,15.666178703308105
37055970300,19.100109100341797
37055970602,15.99606704711914
37057060202,18.389921188354492
37057061000,24.25705909729004
37057062002,17.26852798461914
37061090100,26.275503158569336
37061090300,21.503250122070312
37061090801,23.541427612304688
37063000302,22.144855499267578
37063001100,29.814006805419922
37063001303,26.46315574645996
37063001304,27.586471557617188
37063001501,35.433414459228516
37063001502,36.89072799682617
37063001601,15.317445755004883
37063001709,30.25971794128418
37063001809,21.846879959106445
37063001900,16.024112701416016
37063002009,19.791433334350586
37063002016,34.71745300292969
37063002017,14.858275413513184
37063002021,23.226810455322266
37063002027,30.568798065185547
37063002200,24.8426570892334
37063002300,31.18057632446289
37065020700,22.261817932128906
37067000200,31.617128372192383
37067000301,27.797544479370117
37067000500,31.277767181396484
37067000600,27.98957061767578
37067000802,35.953365325927734
37067001300,19.796470642089844
37067001400,29.42450714111328
37067001602,28.87139892578125
37067002604,17.239336013793945
37067002801,15.188308715820312
37067002808,16.953006744384766
37067002809,13.7456693649292
37067002901,19.954801559448242
37067003004,17.37542724609375
37067003103,15.380799293518066
37067003312,16.74007225036621
37067003702,19.72907257080078
37067003903,28.76531219482422
37067003905,20.622541427612305
37067003908,9.006046295166016
37067004102,15.204386711120605
37069060100,18.94763946533203
37069060501,18.636539459228516
37069060502,14.917263984680176
37071030302,18.218509674072266
37071030700,19.57977294921875
37071031102,23.468740463256836
37071031302,19.296754837036133
37071031704,17.50784683227539
37071032000,23.881044387817383
37071032302,19.29943084716797
37071032703,19.3998966217041
37071033100,20.22841453552246
37071033202,18.642505645751953
37075920100,10.5181245803833
37075920200,13.116178512573242
37077970601,17.697376251220703
37079950101,22.36872673034668
37081010200,27.042879104614258
37081010403,18.48265266418457
37081010404,11.635412216186523
37081010601,22.075164794921875
37081010900,29.764944076538086
37081011000,36.2496337890625
37081011101,29.837305068969727
37081011400,30.764013290405273
37081011500,28.213438034057617
37081011602,26.229103088378906
37081012504,26.593324661254883
37081012508,16.485143661499023
37081012601,31.369047164916992
37081012611,30.08612060546875
37081014300,31.13180923461914
37081015703,18.91731071472168
37081015705,23.760475158691406
37081016010,24.039098739624023
37081016011,28.797151565551758
37081016102,28.332429885864258
37081016304,14.503015518188477
37081016406,23.98194122314453
37081016505,20.708864212036133
37083930400,23.50527572631836
37083930502,18.717065811157227
37083931000,17.268051147460938
37085070700,24.977130889892578
37085070802,20.59476089477539
37085071001,17.371952056884766
37085071202,26.739774703979492
37085071204,19.18241310119629
37085071302,21.887954711914062
37087920500,16.42514419555664
37089930300,17.676319122314453
37089930900,19.466381072998047
37089931801,8.94930648803711
37089931802,11.135790824890137
37089931901,11.33814525604248
37091950100,20.397871017456055
37091950200,24.295305252075195
37095920100,21.641422271728516
37097060200,25.89529800415039
37097060400,23.521299362182617
37097060701,19.867919921875
37097060702,18.4143009185791
37097060802,18.415029525756836
37097061003,17.642623901367188
37097061104,17.026382446289062
37097061301,19.593690872192383
37097061304,19.374927520751953
37097061401,13.783385276794434
37097061403,19.73764419555664
37097061501,21.31295394897461
37097061503,14.342154502868652
37099940200,24.704463958740234
37099950400,19.043960571289062
37099950500,15.370162010192871
37101040800,21.505613327026367
37101041001,20.987775802612305
37105030300,28.361677169799805
37105030503,20.66687774658203
37105030602,17.608612060546875
37109070500,16.34547996520996
37109070902,17.57733154296875
37109071001,18.371793746948242
37109071101,18.280603408813477
37109071203,12.788281440734863
37111970100,16.52665138244629
37111970200,15.306440353393555
37111970901,15.500799179077148
37113970502,11.871827125549316
37117970100,16.708999633789062
37119001100,16.03895378112793
37119001400,22.799846649169922
37119001914,25.73461151123047
37119001919,26.061044692993164
37119001921,22.282764434814453
37119002100,23.38016128540039
37119002701,13.86130142211914
37119003006,14.55041790008545
37119003007,12.1974515914917
37119003103,20.070024490356445
37119003106,23.50933074951172
37119003108,30.306713104248047
37119003109,40.1092414855957
37119003805,29.907665252685547
37119003807,34.328269958496094
37119004100,25.584068298339844
37119004303,20.96746826171875
37119004304,28.61072540283203
37119004500,27.07081413269043
37119005305,23.918508529663086
37119005401,24.68526268005371
37119005404,23.512434005737305
37119005508,16.55900764465332
37119005509,20.177330017089844
37119005516,14.028923988342285
37119005524,27.553415298461914
37119005610,26.799602508544922
37119005612,22.749507904052734
37119005619,21.605091094970703
37119005709,16.836694717407227
37119005710,24.32364845275879
37119005717,27.38617515563965
37119005832,15.934172630310059
37119005839,21.94657325744629
37119005848,11.406518936157227
37119005906,20.519790649414062
37119005912,25.512224197387695
37119005914,23.564956665039062
37119006005,22.874711990356445
37119006007,18.375520706176758
37119006008,18.453033447265625
37119006103,21.357866287231445
37119006106,20.890220642089844
37119006210,15.264347076416016
37119006211,13.970909118652344
37119006304,14.844430923461914
37119006403,19.597557067871094
37119006404,12.478564262390137
37123960402,15.22728157043457
37125950402,17.487110137939453
37125950501,16.885028839111328
37125950601,10.732032775878906
37125950801,22.367843627929688
37127010900,19.545724868774414
37129010501,30.041728973388672
37129010600,14.701759338378906
37129010900,19.551054000854492
37129011300,23.19814109802246
37129011701,19.03902244567871
37129011800,21.059476852416992
37129011902,23.650150299072266
37129011903,28.862897872924805
37129012006,14.948199272155762
37129012104,17.634422302246094
37129012201,19.06902313232422
37133001101,22.430734634399414
37133001300,25.728302001953125
37133002800,20.668466567993164
37135010901,17.359066009521484
37135011204,17.125553131103516
37135011602,27.035730361938477
37135012201,16.78256607055664
37137950102,17.460487365722656
37139960400,22.550378799438477
37139960503,18.586179733276367
37141920203,18.046857833862305
37141920502,16.767948150634766
37145920100,17.945571899414062
37145920400,20.473432540893555
37145920500,16.752269744873047
37145920602,17.415298461914062
37147000601,28.408716201782227
37147000800,24.433069229125977
37147001500,29.080562591552734
37147001700,18.192808151245117
37147001800,19.729036331176758
37149920104,13.970439910888672
37149920200,16.240217208862305
37149920303,15.848116874694824
37151030302,24.72718620300293
37151030504,17.466665267944336
37151031601,18.263221740722656
37153970500,22.224515914916992
37153970600,27.78238296508789
37153970800,21.307113647460938
37153971100,22.464895248413086
37155960503,26.481931686401367
37155960802,26.413864135742188
37155961200,25.252765655517578
37155961302,28.59076499938965
37155961700,22.232675552368164
37157040400,20.14765739440918
37157040800,19.918079376220703
37157041002,16.298343658447266
37157041100,14.733345985412598
37159050201,19.655820846557617
37159050202,20.589845657348633
37159050300,21.448007583618164
37161960300,13.758316040039062
37161960700,17.7336368560791
37161960800,22.857025146484375
37161961102,16.649091720581055
37163970800,20.871055603027344
37165010102,23.38099479675293
37165010300,23.15888786315918
37165010500,21.072999954223633
37167930200,17.45692253112793
37167930900,16.903682708740234
37167931201,22.028797149658203
37167931202,17.853246688842773
37169070503,15.465882301330566
37171930302,20.000778198242188
37171930801,15.400094032287598
37171930901,16.700807571411133
37171931101,16.441478729248047
37171931103,16.23432159423828
37171931200,16.524887084960938
37173960302,13.612585067749023
37175960401,10.295281410217285
37179020308,18.91583251953125
37179020309,12.529688835144043
37179020401,19.56597328186035
37179021011,14.214001655578613
37181960500,24.587419509887695
37181960700,29.26862907409668
37181960800,25.227006912231445
37183050400,19.875322341918945
37183050700,23.905237197875977
37183051101,32.42311477661133
37183051400,20.11229133605957
37183051600,12.592630386352539
37183051700,11.044827461242676
37183052002,24.356718063354492
37183052301,25.811647415161133
37183052408,39.91761779785156
37183052505,25.750362396240234
37183052507,23.363475799560547
37183052802,20.74310874938965
37183052807,22.041358947753906
37183052901,15.218819618225098
37183053003,21.856021881103516
37183053004,14.341382026672363
37183053005,8.884289741516113
37183053007,12.616893768310547
37183053201,13.450007438659668
37183053203,18.67634391784668
37183053204,18.544631958007812
37183053206,18.189443588256836
37183053207,15.342360496520996
37183053415,14.459016799926758
37183053419,11.129868507385254
37183053423,16.646028518676758
37183053506,13.959197044372559
37183053513,24.999591827392578
37183053518,13.314444541931152
37183053521,15.376921653747559
37183053524,19.87862777709961
37183053601,24.875001907348633
37183053602,20.036787033081055
37183053604,10.116573333740234
37183053606,21.272743225097656
37183053608,19.669973373413086
37183053707,20.731138229370117
37183053711,18.441940307617188
37183053721,9.325033187866211
37183053722,12.779479026794434
37183054012,11.757893562316895
37183054015,22.521934509277344
37183054016,15.325276374816895
37183054109,17.639318466186523
37183054208,19.481325149536133
37183054402,18.395814895629883
37185950103,23.766550064086914
37185950300,21.03019142150879
37189920703,16.7421817779541
37189920900,17.479175567626953
37191000304,18.38309097290039
37191000601,24.501405715942383
37191001102,18.744985580444336
37193960100,15.683775901794434
37195000300,25.810701370239258
37195000400,22.172191619873047
37195000502,17.84667205810547
37195001500,17.192153930664062
37195001600,19.855621337890625
37199960102,14.795503616333008
38003967900,10.546875
38007963100,18.00969696044922
38009952300,18.418302536010742
38009952400,13.451410293579102
38015010300,18.151561737060547
38015010700,14.27485466003418
38017000901,13.018908500671387
38017001001,17.848058700561523
38017010108,20.05019760131836
38017010109,15.955623626708984
38017010203,19.09202003479004
38017010303,16.998567581176758
38017040600,11.045936584472656
38035010801,19.727855682373047
38045972200,15.014549255371094
38051972900,14.555416107177734
38055960800,14.386690139770508
38055961000,15.634440422058105
38057961700,17.641876220703125
38059020500,11.292743682861328
38063959000,16.327836990356445
38067950400,16.050058364868164
38067950500,19.736238479614258
38073969000,16.955387115478516
38075952900,16.533544540405273
38077970800,10.10452938079834
38077970900,17.44818878173828
38081974000,16.825973510742188
38081974200,14.917189598083496
38089963700,16.210887908935547
38089964000,14.742743492126465
38093967400,18.174840927124023
38095951500,15.951147079467773
38097970200,18.400209426879883
38097970300,15.196481704711914
38097970400,18.482315063476562
38099957800,20.30320167541504
38101010500,13.627138137817383
38101010900,26.954824447631836
38105953800,17.48033332824707
38105953900,16.189552307128906
39001770200,16.3073787689209
39003010800,12.403325080871582
39003011200,18.192750930786133
39003011600,14.30656909942627
39003012900,31.347204208374023
39003013600,28.452627182006836
39003013800,25.058597564697266
39005970100,14.236587524414062
39005970200,13.564902305603027
39005970400,20.189117431640625
39005970700,11.473331451416016
39005970900,13.962896347045898
39007000102,14.467741966247559
39007000103,18.474206924438477
39007000200,14.0095853805542
39007000500,18.518539428710938
39007000602,15.589699745178223
39007001001,13.586981773376465
39007001102,16.267160415649414
39007001400,16.330835342407227
39009973000,20.446542739868164
39011040300,20.865684509277344
39011040900,11.469155311584473
39011041000,10.578679084777832
39011041202,15.781376838684082
39013011400,17.059675216674805
39013012100,19.08334732055664
39013012300,13.710968971252441
39015951800,18.966520309448242
39015951900,18.396278381347656
39017001300,15.548731803894043
39017010103,19.37517738342285
39017010104,34.90327453613281
39017010906,27.298044204711914
39017010910,13.466425895690918
39017011004,27.010181427001953
39017011120,14.437928199768066
39017011123,26.087268829345703
39017011126,24.063352584838867
39017011200,13.736699104309082
39017012100,17.242385864257812
39017012400,9.63157844543457
39017012600,17.967144012451172
39017013100,27.327524185180664
39017013300,13.870931625366211
39017013500,22.313796997070312
39019720600,12.755971908569336
39021010500,17.88575553894043
39023000500,26.137372970581055
39023000600,25.945327758789062
39023001700,21.197832107543945
39023002000,14.75019645690918
39023002502,14.755468368530273
39023002606,9.882699966430664
39023002902,14.868638038635254
39023003001,13.225934028625488
39023003101,16.376943588256836
39023003301,17.518108367919922
39025040202,13.18455982208252
39025041200,15.842402458190918
39025041304,24.972688674926758
39025041306,22.7872257232666
39025041405,19.59223747253418
39025041702,15.597853660583496
39027964700,19.917022705078125
39029951000,14.354421615600586
39029951100,16.890974044799805
39029951200,16.71636390686035
39029952400,15.397573471069336
39031961200,14.351813316345215
39033974300,14.344780921936035
39033975300,18.966373443603516
39035101102,23.990001678466797
39035101700,34.442047119140625
39035102700,30.827594757080078
39035103900,30.620101928710938
39035104200,33.74433135986328
39035104900,30.64896011352539
39035106200,22.719924926757812
39035106600,24.469709396362305
39035109301,29.96394920349121
39035109701,39.74911117553711
39035111700,34.060977935791016
39035112500,28.73021125793457
39035113600,29.775270462036133
39035114600,36.83534622192383
39035115300,35.5066032409668
39035115700,33.079345703125
39035115900,25.77295684814453
39035116500,29.409116744995117
39035116700,29.59033966064453
39035116800,31.197656631469727
39035116900,31.29300308227539
39035117102,30.92220687866211
39035117202,32.9365234375
39035117700,24.404874801635742
39035118101,28.08829116821289
39035118200,32.3563232421875
39035118500,30.725847244262695
39035118800,30.27370834350586
39035119100,32.93947982788086
39035119401,26.636621475219727
39035119502,31.38789176940918
39035119600,32.4890251159668
39035119701,25.375194549560547
39035121100,29.917844772338867
39035123501,26.535842895507812
39035131102,14.64815616607666
39035138109,15.23654556274414
39035138110,12.298103332519531
39035140500,21.67923355102539
39035141100,22.940357208251953
39035141700,14.091331481933594
39035151100,30.64016342163086
39035151400,28.021114349365234
39035152102,21.725399017333984
39035152302,18.576963424682617
39035153105,19.274185180664062
39035154501,20.916791915893555
39035160400,21.6297664642334
39035160602,26.3656063079834
39035160900,20.811187744140625
39035161100,19.3125057220459
39035170201,11.310873985290527
39035170202,11.681615829467773
39035171102,22.581472396850586
39035171203,22.060443878173828
39035172101,17.02912139892578
39035173104,12.280251502990723
39035173106,19.147836685180664
39035173107,12.719634056091309
39035174105,10.329285621643066
39035175103,16.53011703491211
39035176100,12.18985366821289
39035177103,20.275779724121094
39035177201,17.596628189086914
39035177202,19.857797622680664
39035177604,11.52882194519043
39035178201,13.628424644470215
39035179101,13.221291542053223
39035180102,15.75452995300293
39035181201,12.64051342010498
39035181204,14.9590482711792
39035182103,10.82503890991211
39035183200,11.273216247558594
39035183501,17.949668884277344
39035183605,20.044227600097656
39035186107,9.633708000183105
39035186206,11.346002578735352
39035187103,22.566049575805664
39035187104,16.91526985168457
39035188106,25.257183074951172
39035189105,11.732359886169434
39035190503,11.121308326721191
39035190504,15.394914627075195
39035193900,23.36193084716797
39035194300,12.511289596557617
39035194800,25.532438278198242
39035195700,19.377506256103516
39035195800,10.99059009552002
39035196200,32.88593292236328
39037510100,15.239557266235352
39037550100,11.456210136413574
39037555000,12.742348670959473
39039958300,15.160141944885254
39039958700,16.279373168945312
39041010420,16.86233901977539
39041011200,14.839559555053711
39041011520,15.011041641235352
39041011560,10.774129867553711
39041011561,18.443098068237305
39041011750,10.130759239196777
39041012000,11.791081428527832
39041012100,11.741368293762207
39043040400,10.232244491577148
39043040700,19.69245719909668
39043041200,20.950963973999023
39043041300,20.247161865234375
39043041500,12.687212944030762
39045030300,16.70547103881836
39045030700,13.257523536682129
39045031400,17.438291549682617
39045031600,16.339962005615234
39045032500,14.672978401184082
39045032702,30.26243019104004
39045032800,11.042058944702148
39045032900,11.262544631958008
39047925800,17.905916213989258
39047926000,17.317731857299805
39049000110,11.992376327514648
39049000120,10.968381881713867
39049000420,14.43049144744873
39049000730,28.85364532470703
39049000910,26.408546447753906
39049001200,32.832725524902344
39049001600,40.5106201171875
39049001700,37.59108352661133
39049001902,23.530723571777344
39049002100,24.640966415405273
39049002300,28.80196189880371
39049002510,22.088523864746094
39049002710,31.755868911743164
39049002740,12.625977516174316
39049002780,16.71321678161621
39049002800,26.91486358642578
39049002900,35.5138053894043
39049003800,29.515857696533203
39049004500,22.733814239501953
39049004820,23.933717727661133
39049005100,32.02405548095703
39049005500,27.352630615234375
39049005620,26.39826011657715
39049005700,19.178632736206055
39049006000,31.222272872924805
39049006352,28.7427978515625
39049006353,23.67465591430664
39049006384,21.521543502807617
39049006810,12.783720016479492
39049006821,21.585046768188477
39049006943,21.2567195892334
39049006945,32.18650817871094
39049006950,8.084737777709961
39049007048,18.888914108276367
39049007198,20.30724334716797
39049007207,12.350801467895508
39049007209,18.275022506713867
39049007393,11.730319023132324
39049007394,9.999656677246094
39049007396,17.89900016784668
39049007520,29.187400817871094
39049007533,26.703989028930664
39049007551,29.100486755371094
39049007710,23.60588264465332
39049007721,34.19509506225586
39049007933,15.214302062988281
39049007941,19.7994384765625
39049007954,29.31329917907715
39049008242,20.29400634765625
39049008321,17.320999145507812
39049008370,18.220529556274414
39049008813,20.088184356689453
39049008900,16.665260314941406
39049009210,34.36762619018555
39049009312,27.610048294067383
39049009322,18.817283630371094
39049009331,34.16947555541992
39049009332,20.85378074645996
39049009334,21.120349884033203
39049009340,25.947614669799805
39049009381,22.05253028869629
39049009386,31.29294204711914
39049009430,22.240453720092773
39049009440,17.114627838134766
39049009590,16.355072021484375
39049009712,16.13348388671875
39049009720,17.47197723388672
39049009900,41.981224060058594
39049010300,26.931142807006836
39051040300,11.435302734375
39055310200,12.065783500671387
39055310800,9.486358642578125
39055311300,14.002937316894531
39055311700,12.811976432800293
39055311900,13.177825927734375
39057200700,26.52806282043457
39057210401,18.860248565673828
39057230100,15.467350006103516
39057280101,13.615418434143066
39057280300,26.11374282836914
39059977500,20.45743179321289
39059977700,16.772111892700195
39059977800,15.712180137634277
39061000700,22.900907516479492
39061002000,22.291078567504883
39061002300,36.03450393676758
39061003200,35.00491714477539
39061003300,36.2334098815918
39061003600,31.143211364746094
39061004100,24.3037109375
39061004604,20.151411056518555
39061004701,16.877025604248047
39061004900,17.064842224121094
39061008501,34.011966705322266
39061008601,30.74098014831543
39061009300,34.9329833984375
39061009400,35.316829681396484
39061009500,34.711204528808594
39061009800,32.671146392822266
39061009901,22.680625915527344
39061009902,24.167583465576172
39061010201,23.497314453125
39061010202,22.707035064697266
39061010800,26.581830978393555
39061020403,15.021707534790039
39061020404,9.979323387145996
39061020602,13.515870094299316
39061020762,21.899169921875
39061020901,19.885053634643555
39061021302,11.065218925476074
39061021422,18.931053161621094
39061021509,19.584854125976562
39061021701,21.44894790649414
39061021802,23.136110305786133
39061022302,14.414848327636719
39061022601,10.880619049072266
39061023210,17.47309112548828
39061023300,8.949612617492676
39061023501,14.171317100524902
39061023901,13.23485279083252
39061023902,9.873319625854492
39061024902,11.15626049041748
39061025002,12.170726776123047
39061025103,12.992388725280762
39061025200,23.277828216552734
39061025300,22.34136962890625
39061025600,23.41666030883789
39061025700,25.48531723022461
39061026002,17.82139015197754
39061026200,23.54024314880371
39063000400,16.371553421020508
39063000700,12.894710540771484
39067975600,14.348103523254395
39069000200,10.4154052734375
39069000300,14.310620307922363
39073965200,18.360570907592773
39077915500,17.62424087524414
39077915700,20.85843276977539
39077915900,12.978360176086426
39077916500,13.353185653686523
39079957300,18.975658416748047
39079957600,20.980098724365234
39081011500,14.789833068847656
39083006801,12.619884490966797
39083007200,19.810688018798828
39085200500,13.199729919433594
39085200900,16.076509475708008
39085201200,16.200101852416992
39085201900,13.868639945983887
39085202100,22.024534225463867
39085202400,14.311967849731445
39085202500,20.76213264465332
39085202600,17.46006202697754
39085202700,10.745323181152344
39085203700,13.36744499206543
39085204301,21.811389923095703
39085205702,23.23933219909668
39085206400,11.25701904296875
39087050300,24.951265335083008
39087050400,19.722543716430664
39087051200,17.621410369873047
39087051402,16.122529983520508
39089752200,19.665782928466797
39089752800,16.32649040222168
39089754101,18.12386131286621
39089756202,16.62835693359375
39089757400,17.994543075561523
39089758600,14.867144584655762
39091004400,20.577075958251953
39091004500,21.168907165527344
39093010200,11.436277389526367
39093010400,15.988347053527832
39093022500,16.138723373413086
39093023700,21.007280349731445
39093060100,19.169204711914062
39093060200,18.666370391845703
39093070600,17.965293884277344
39093070700,21.868776321411133
39093070800,26.843469619750977
39093070901,31.654024124145508
39093071202,12.482172966003418
39093080600,11.720938682556152
39093092100,12.754023551940918
39093094100,14.290011405944824
39093097100,11.573232650756836
39093097300,28.06533432006836
39095001000,26.37114906311035
39095001201,18.18038558959961
39095001302,29.58177947998047
39095001800,29.7139835357666
39095002100,26.053014755249023
39095002800,32.161827087402344
39095003400,32.1826171875
39095004504,11.497488975524902
39095004701,26.511049270629883
39095004800,27.128639221191406
39095005000,24.579381942749023
39095005400,26.66300392150879
39095005600,16.456180572509766
39095006000,14.455771446228027
39095006600,22.20510482788086
39095007001,13.894879341125488
39095007205,24.83277130126953
39095007500,23.5992431640625
39095007600,12.855653762817383
39095007700,13.247285842895508
39095008100,19.312978744506836
39095009101,11.098182678222656
39095009202,10.641861915588379
39095009400,18.03412628173828
39095009500,13.697107315063477
39095010400,34.853668212890625
39097040600,16.848655700683594
39097040700,21.147727966308594
39099801600,31.906267166137695
39099802100,26.326202392578125
39099802300,22.947864532470703
39099804000,31.117006301879883
39099804100,21.887258529663086
39099810100,17.157508850097656
39099810900,13.249821662902832
39099811300,16.771574020385742
39099811500,12.171807289123535
39099811901,14.688602447509766
39099812002,13.904443740844727
39099812301,18.617572784423828
39099812700,14.39836311340332
39099813000,16.923336029052734
39099813300,14.382658958435059
39099813700,25.274003982543945
39101000100,27.691205978393555
39101000502,19.676557540893555
39101000600,14.864795684814453
39101001100,19.870384216308594
39101010300,16.02103614807129
39103400100,12.154779434204102
39103402000,10.830832481384277
39103415400,11.452190399169922
39103416200,16.395713806152344
39103417000,13.179086685180664
39105964600,18.253894805908203
39107967500,15.568329811096191
39107967800,9.600274085998535
39109320100,14.1390962600708
39109355001,17.413240432739258
39109390100,13.168307304382324
39111966900,21.744657516479492
39113000400,21.01225471496582
39113000500,22.879390716552734
39113000900,27.432361602783203
39113001800,26.191144943237305
39113002500,22.909809112548828
39113002700,16.936674118041992
39113003000,19.50434684753418
39113004600,26.517057418823242
39113020100,17.681751251220703
39113020200,15.780259132385254
39113020800,15.108813285827637
39113030200,20.86180877685547
39113040102,11.00439453125
39113040305,11.404074668884277
39113050105,15.198143005371094
39113050302,14.447124481201172
39113050502,16.211755752563477
39113050503,15.624098777770996
39113060100,17.257301330566406
39113070201,27.520442962646484
39113070600,14.95574951171875
39113070700,20.082090377807617
39113080100,21.41010856628418
39113080600,18.295063018798828
39113090600,28.613073348999023
39113090900,12.392138481140137
39113100302,18.82509422302246
39113100400,18.476505279541016
39113110201,10.075231552124023
39113115012,15.710113525390625
39113120102,12.296292304992676
39113150100,15.690668106079102
39113165000,18.39126205444336
39115968800,22.889516830444336
39117965300,16.520309448242188
39119911100,17.66809844970703
39119911600,14.656034469604492
39119911700,19.915874481201172
39119912000,20.429092407226562
39119912200,21.264801025390625
39119912800,14.85947322845459
39123050700,15.844536781311035
39127965900,16.6742000579834
39127966000,18.30155372619629
39129021401,14.50390625
39131952300,18.393211364746094
39133600102,14.590788841247559
39133600602,16.209514617919922
39133600603,16.42298126220703
39133600704,15.988985061645508
39133600706,14.275426864624023
39133601600,15.864480018615723
39133601702,16.13300895690918
39133602000,15.867247581481934
39135455002,17.58396339416504
39135460100,15.014021873474121
39135470101,14.188474655151367
39137030100,16.060134887695312
39137030500,13.426833152770996
39137030600,14.294407844543457
39139000500,22.57860565185547
39139001100,15.689203262329102
39139001300,19.708784103393555
39139001500,19.430065155029297
39139001900,14.227702140808105
39139002200,14.261380195617676
39139002400,15.743908882141113
39139002900,15.239825248718262
39139003002,14.925063133239746
39139003100,26.35445213317871
39141955500,18.389223098754883
39141955603,17.65372657775879
39141955700,17.231037139892578
39141955800,17.573898315429688
39141955900,16.170032501220703
39141956400,20.99532699584961
39143961400,21.078393936157227
39143962000,16.20088768005371
39145002600,20.732324600219727
39145002700,16.58304214477539
39145003300,16.842731475830078
39145003400,21.648773193359375
39145003600,23.635080337524414
39147962600,12.589351654052734
39147962800,18.483434677124023
39147962900,21.913854598999023
39149971900,17.408720016479492
39151700400,20.484966278076172
39151700800,23.280033111572266
39151701200,19.33612632751465
39151701300,22.095468521118164
39151701700,27.874797821044922
39151711311,14.192240715026855
39151711312,13.925731658935547
39151711321,12.887633323669434
39151712400,19.39240837097168
39151712800,13.151405334472656
39151714100,20.884809494018555
39151714302,13.931330680847168
39151714801,15.85530948638916
39153501800,29.914796829223633
39153503100,29.03168296813965
39153503600,19.78838539123535
39153503800,25.611997604370117
39153505500,23.46578025817871
39153505800,20.783456802368164
39153505900,19.679058074951172
39153506600,31.027667999267578
39153506700,24.066211700439453
39153507202,15.902424812316895
39153508000,17.382673263549805
39153510500,20.38053321838379
39153520105,15.764028549194336
39153520106,21.672035217285156
39153530901,18.294370651245117
39153531500,14.735108375549316
39153531602,11.754949569702148
39153532003,12.601151466369629
39153532004,12.361154556274414
39153532302,11.826942443847656
39153532502,13.863779067993164
39153532708,10.866927146911621
39153533200,11.43188762664795
39153534100,10.786184310913086
39155921100,18.980798721313477
39155921200,23.783531188964844
39155921400,12.65550708770752
39155931601,17.42400550842285
39155931700,17.728527069091797
39155932000,15.137775421142578
39155932500,13.850830078125
39155932701,15.909635543823242
39155932801,17.86466407775879
39155933001,9.951482772827148
39155933301,17.787691116333008
39155933400,14.497021675109863
39155933600,17.701425552368164
39155933900,19.757781982421875
39157020800,21.091800689697266
39157021200,17.125638961791992
39157022002,20.268085479736328
39159050200,16.26663589477539
39159050303,13.295286178588867
39159050304,13.837124824523926
39161020400,11.81329345703125
39161020900,14.619771957397461
39165030101,12.784521102905273
39165030102,15.17618179321289
39165031000,12.82790470123291
39165031400,20.38313102722168
39165031700,33.59565353393555
39165031903,12.016222953796387
39165032003,16.419448852539062
39165032005,18.781082153320312
39165032006,17.12398338317871
39165032007,18.767932891845703
39165032300,15.655341148376465
39167020400,15.478882789611816
39167021200,21.344074249267578
39167021600,20.26789093017578
39169000100,22.031064987182617
39169000600,18.832460403442383
39169001200,21.75568389892578
39169002000,11.775397300720215
39169002200,15.5986967086792
39169003200,12.146890640258789
39169003400,19.038835525512695
39171950700,15.044597625732422
39171950800,11.863688468933105
39173020500,15.36522388458252
39173020900,15.551068305969238
39173021800,32.666812896728516
39173021901,12.288171768188477
39173021902,30.774534225463867
39173022300,16.71344757080078
39175938000,12.832647323608398
39175938100,16.270217895507812
40005587700,32.1869010925293
40005587800,28.633195877075195
40007951800,22.555435180664062
40009966200,20.233034133911133
40013796100,24.65619468688965
40015161700,24.31576156616211
40017300300,24.245220184326172
40017300700,18.155773162841797
40017300902,18.65754508972168
40017301100,16.09624671936035
40017301202,15.22432804107666
40019892600,20.263898849487305
40023967300,32.831321716308594
40025950300,25.23396873474121
40027200500,21.420217514038086
40027200601,27.658273696899414
40027201201,31.330785751342773
40027201202,31.10637092590332
40027201609,14.919622421264648
40027202002,23.962398529052734
40027202008,19.31298065185547
40027202105,22.041553497314453
40027202201,17.665666580200195
40027202203,22.32882308959961
40027202301,17.70315170288086
40027202405,31.828760147094727
40029388100,32.33047866821289
40031000100,25.502756118774414
40031000300,24.40521240234375
40031000401,27.885587692260742
40031002003,15.242929458618164
40031002004,22.608375549316406
40031002100,24.980358123779297
40031002500,33.215553283691406
40033871100,19.757083892822266
40035373300,21.761754989624023
40037020601,21.390167236328125
40037020602,21.742753982543945
40039961000,22.88066291809082
40041375801,22.80923080444336
40043959300,18.819063186645508
40047000200,18.680908203125
40049681200,28.16167640686035
40049681400,26.4886474609375
40049681600,28.43599510192871
40049681700,23.40610694885254
40049681900,23.418331146240234
40051000600,19.351707458496094
40051000800,22.08877182006836
40051000902,22.37765121459961
40055967100,22.903207778930664
40061279300,26.41061019897461
40063484800,34.128692626953125
40065968600,24.482864379882812
40067371600,27.3515567779541
40071001100,18.73080062866211
40071001200,17.960630416870117
40071001302,17.98303985595703
40073958200,23.47124671936035
40073958400,21.817371368408203
40075964200,22.886167526245117
40079040302,26.023941040039062
40079040401,28.819740295410156
40079040402,32.76918029785156
40081961400,28.37357521057129
40081961700,26.054960250854492
40083600600,30.959272384643555
40085094100,24.364635467529297
40085094300,23.462791442871094
40087400400,23.06757164001465
40089098400,30.64594078063965
40089098800,29.98908805847168
40089098900,33.721641540527344
40091779600,28.19664192199707
40091779700,28.80169105529785
40091780200,29.62394142150879
40093955100,23.13255500793457
40095094698,28.520925521850586
40097040400,29.058683395385742
40097040501,29.86220932006836
40097040600,28.467702865600586
40101000300,24.59864044189453
40101000600,19.70343589782715
40101000700,24.189302444458008
40101000801,21.931720733642578
40101001000,21.185842514038086
40101001400,26.70437240600586
40103956900,23.60610580444336
40103957100,20.026487350463867
40109100900,19.24854278564453
40109101600,26.91734504699707
40109103200,28.623775482177734
40109103800,25.239866256713867
40109103900,28.767009735107422
40109104100,31.48625946044922
40109104400,29.934932708740234
40109104500,27.919811248779297
40109104900,27.580425262451172
40109105000,26.446521759033203
40109105600,29.709251403808594
40109106200,17.19770622253418
40109106403,19.781396865844727
40109106503,16.121482849121094
40109106602,25.013166427612305
40109106702,23.738508224487305
40109107206,23.26882553100586
40109107207,24.918048858642578
40109107215,22.822917938232422
40109107216,27.465978622436523
40109107303,25.42180633544922
40109107305,27.82114028930664
40109107706,25.215442657470703
40109107809,23.132843017578125
40109108208,26.390562057495117
40109108215,15.833897590637207
40109108217,19.556291580200195
40109108220,20.526294708251953
40109108309,29.071508407592773
40109108313,29.770994186401367
40109108315,23.42329978942871
40109108317,18.891529083251953
40109108318,14.636218070983887
40109108403,15.675398826599121
40109108601,21.753978729248047
40109108708,21.134666442871094
40111000400,21.862163543701172
40113940008,29.063987731933594
40115574100,28.66791343688965
40115574200,32.42597198486328
40115574800,31.58509635925293
40115574900,28.405555725097656
40117957100,23.585716247558594
40117957400,25.14513397216797
40119010500,33.42487335205078
40119010600,23.73322868347168
40119010900,15.430187225341797
40119011102,24.71756935119629
40119011302,22.758642196655273
40119011400,31.962764739990234
40121485900,17.716548919677734
40121486700,30.328012466430664
40123088600,27.948354721069336
40123088800,25.8570499420166
40123089598,25.9505672454834
40125500400,23.146501541137695
40125500600,20.983444213867188
40125500700,21.475549697875977
40125501102,17.58563804626465
40125501201,29.620086669921875
40131050202,21.535232543945312
40131050203,19.401193618774414
40131050303,15.606184959411621
40131050404,17.121299743652344
40131050802,27.666015625
40133583200,29.80828285217285
40133583400,28.766756057739258
40135030101,30.428836822509766
40135030201,33.07881546020508
40135030402,30.071733474731445
40137000400,20.656015396118164
40137000902,23.089685440063477
40139951000,31.0927791595459
40143000800,19.753910064697266
40143001800,23.115161895751953
40143001900,25.800241470336914
40143003500,21.57022476196289
40143003800,22.301105499267578
40143004900,21.643301010131836
40143005002,20.276042938232422
40143005200,18.774822235107422
40143005300,17.777090072631836
40143005808,16.082691192626953
40143006000,25.45740509033203
40143006507,16.313703536987305
40143006801,28.544626235961914
40143007101,25.43414306640625
40143007102,25.1289005279541
40143007310,21.910947799682617
40143007311,27.47060775756836
40143007415,19.230451583862305
40143007508,14.207773208618164
40143007510,21.737140655517578
40143007511,21.301044464111328
40143007512,17.495647430419922
40143007611,20.063840866088867
40143007630,20.399633407592773
40143007633,12.523368835449219
40143007634,22.039615631103516
40143007635,12.239727020263672
40143007637,10.377490997314453
40143007642,24.29120635986328
40143007702,21.830699920654297
40143008200,25.401138305664062
40143008400,19.84499740600586
40143009008,34.618736267089844
40143009401,19.317119598388672
40143011100,21.86957550048828
40145030201,29.10504722595215
40145030406,16.935672760009766
40145030505,13.630045890808105
40145030509,13.672820091247559
40145030800,25.00714111328125
40147000100,21.67331314086914
40147000800,20.554271697998047
40149965000,24.77274513244629
40149965100,15.356837272644043
40149965400,20.832239151000977
40153953100,22.4390869140625
41001950200,14.627707481384277
41001950300,14.954049110412598
41003000202,15.746346473693848
41003010400,16.539039611816406
41005021802,22.64826774597168
41005021900,24.65162467956543
41005022000,16.692781448364258
41005022207,12.712501525878906
41005022301,17.132240295410156
41005022400,18.673765182495117
41005022605,20.365571975708008
41005022708,20.01846694946289
41005022907,24.134544372558594
41005023001,13.57596206665039
41005023404,18.366010665893555
41005023600,15.888090133666992
41005023700,14.18264102935791
41007950200,17.12153434753418
41007950900,21.80760383605957
41007951300,12.952237129211426
41009970300,18.23041343688965
41011000502,16.01630401611328
41011000600,16.59098243713379
41011001000,14.773658752441406
41013950200,15.971538543701172
41013950300,15.627358436584473
41015950400,13.984673500061035
41017000500,16.685461044311523
41017001001,19.55208396911621
41017001200,15.476949691772461
41019020000,13.850300788879395
41019050002,15.338827133178711
41019100000,23.073644638061523
41019180000,17.586862564086914
41021960100,19.763025283813477
41023960200,19.162385940551758
41027950100,22.627424240112305
41029000202,26.49464988708496
41029000406,22.222572326660156
41029001200,24.102014541625977
41029001301,21.117185592651367
41029001601,18.919225692749023
41029002200,16.694974899291992
41029002300,13.771797180175781
41029002600,23.65496826171875
41029002800,16.12380599975586
41029003002,15.712130546569824
41031960301,9.843731880187988
41031960302,21.107942581176758
41033360400,15.683218955993652
41033360800,16.651762008666992
41033361200,18.630306243896484
41033361300,16.820114135742188
41035970500,21.16860008239746
41035971000,13.638992309570312
41035971100,19.35306739807129
41039000100,13.313486099243164
41039000707,11.862687110900879
41039000708,14.036834716796875
41039000800,17.286291122436523
41039000904,17.372055053710938
41039001001,14.845159530639648
41039001102,17.677242279052734
41039001202,17.005382537841797
41039001400,15.7311429977417
41039001500,15.307860374450684
41039001600,17.94765853881836
41039001700,16.264917373657227
41039001803,19.131614685058594
41039002201,12.263242721557617
41039002902,19.037261962890625
41039003102,25.844562530517578
41039003202,22.191692352294922
41039003302,24.00795555114746
41039004000,23.65438461303711
41039004100,18.793670654296875
41039004300,20.79117774963379
41039004401,22.573318481445312
41041950100,14.605012893676758
41041950400,19.963993072509766
41041950900,20.325929641723633
41041951100,17.579721450805664
41041951500,11.8121976852417
41041951800,20.699634552001953
41043020400,22.278907775878906
41043020700,23.015209197998047
41043030700,14.484152793884277
41043030902,16.197338104248047
41043030903,14.755492210388184
41045970300,21.3570499420166
41045970600,16.32245445251465
41047000900,25.015623092651367
41047001000,23.980844497680664
41047001401,17.25397491455078
41047001502,24.123077392578125
41047001604,25.975852966308594
41047001802,22.578899383544922
41047001803,21.88960838317871
41047002000,17.726821899414062
41047002201,13.225844383239746
41047002304,16.44934844970703
41047002800,17.370939254760742
41047010100,21.20789337158203
41047010307,14.428570747375488
41047010400,20.34417724609375
41047010503,17.510208129882812
41047010701,19.77945327758789
41049970100,21.31544303894043
41051000401,15.832921028137207
41051000402,18.8866024017334
41051000601,25.464143753051758
41051000901,19.514318466186523
41051001201,26.16297149658203
41051001202,16.84463119506836
41051001400,19.070274353027344
41051002000,22.188920974731445
41051002401,14.304224967956543
41051002402,19.50469970703125
41051002702,20.787391662597656
41051003402,23.668535232543945
41051004300,16.5318660736084
41051005700,23.099853515625
41051005900,19.24779510498047
41051006002,13.087847709655762
41051006802,15.395004272460938
41051006900,11.78354549407959
41051007201,14.038715362548828
41051007600,25.6170711517334
41051007900,23.921049118041992
41051008700,20.83739471435547
41051008901,21.176841735839844
41051008902,24.86416244506836
41051009201,26.433929443359375
41051009906,17.77880859375
41051010407,21.11867904663086
41051010409,20.14640998840332
41051010500,16.13627815246582
41053005100,25.20153045654297
41053005300,14.544981956481934
41053020202,18.53792953491211
41059950800,20.998111724853516
41059950900,20.43703269958496
41059951200,20.645784378051758
41061970300,13.734344482421875
41061970400,16.97554588317871
41061970500,19.48259735107422
41063960200,15.629384994506836
41063960300,11.400505065917969
41065970100,17.63454818725586
41067030501,16.88369369506836
41067030801,23.775938034057617
41067030805,19.691715240478516
41067030900,26.389108657836914
41067031005,23.347070693969727
41067031613,24.751768112182617
41067031614,22.052242279052734
41067031705,23.560688018798828
41067031812,25.56208038330078
41067032005,30.416278839111328
41067032406,18.831146240234375
41067032409,30.7687931060791
41067032410,22.472017288208008
41067032609,21.55704689025879
41067033101,22.201705932617188
41067033302,15.809123992919922
41067033600,14.978714942932129
41071030201,21.194063186645508
41071030301,16.95933723449707
41071030302,12.085493087768555
41071030400,16.225189208984375
42001030900,15.258872032165527
42001031102,10.703125
42003050100,24.699983596801758
42003060300,20.77919578552246
42003070600,20.67535972595215
42003070800,21.15665626525879
42003070900,25.053617477416992
42003080200,20.526622772216797
42003101700,24.74836540222168
42003111300,29.94922637939453
42003130400,29.9575138092041
42003140300,17.927433013916016
42003140500,24.141691207885742
42003141100,13.089613914489746
42003141300,21.699750900268555
42003160800,21.372970581054688
42003191600,22.224748611450195
42003191700,16.491477966308594
42003192000,20.183155059814453
42003202200,22.50416374206543
42003202300,18.25222396850586
42003241200,21.639741897583008
42003250700,30.63452911376953
42003261200,14.525622367858887
42003281500,19.1193790435791
42003290200,21.65035057067871
42003310300,13.540005683898926
42003320400,15.902423858642578
42003320700,15.814681053161621
42003403500,20.688556671142578
42003404000,16.721176147460938
42003409000,12.625651359558105
42003412002,9.157468795776367
42003413400,8.644569396972656
42003414101,10.97177505493164
42003417100,14.981467247009277
42003421100,11.447330474853516
42003426700,16.060083389282227
42003427200,15.646578788757324
42003430100,18.050704956054688
42003432300,18.211990356445312
42003432400,21.42923927307129
42003446000,13.198244094848633
42003451101,11.523931503295898
42003451102,19.048768997192383
42003451104,10.769786834716797
42003455000,11.169018745422363
42003457200,16.1600399017334
42003459201,16.45063018798828
42003463900,21.797040939331055
42003465600,19.5564022064209
42003468700,18.89876937866211
42003469000,11.589402198791504
42003472300,21.677892684936523
42003473100,15.654870986938477
42003473200,15.32525634765625
42003473300,11.806083679199219
42003473402,12.382072448730469
42003474203,8.756999969482422
42003480400,13.297303199768066
42003482500,16.105300903320312
42003487000,15.723817825317383
42003488300,13.73093318939209
42003490003,13.100457191467285
42003503002,15.428508758544922
42003509400,20.999801635742188
42003512900,28.106706619262695
42003514000,28.425739288330078
42003515300,22.8308048248291
42003516200,16.67168617248535
42003518001,11.404203414916992
42003520002,15.886045455932617
42003521100,12.639579772949219
42003521200,20.262622833251953
42003521301,21.238842010498047
42003522000,19.33086585998535
42003523200,20.44890022277832
42003523400,17.768770217895508
42003523800,12.463565826416016
42003561000,33.73427200317383
42003562800,21.026376724243164
42003563200,25.296491622924805
42003564400,16.345836639404297
42003980500,22.38789176940918
42005950700,15.397899627685547
42005950800,11.3486328125
42005951400,14.058745384216309
42005951700,13.256234169006348
42007600602,12.900861740112305
42007601000,13.685017585754395
42007601200,22.125398635864258
42007601800,12.808455467224121
42007602500,13.202133178710938
42007602900,14.668556213378906
42007603700,14.668844223022461
42007604902,11.026817321777344
42007605001,13.925280570983887
42009960100,14.37972640991211
42009960800,12.466243743896484
42009960900,11.382575035095215
42011000100,28.5317440032959
42011000200,24.992013931274414
42011000800,32.54561233520508
42011001100,28.333515167236328
42011002600,26.73691749572754
42011010303,15.437474250793457
42011010304,12.842121124267578
42011010904,12.461319923400879
42011011200,21.440366744995117
42011011601,18.908428192138672
42011011602,14.383275032043457
42011011702,14.944785118103027
42011012300,17.010400772094727
42011013000,13.878645896911621
42011013302,13.182113647460938
42011014100,17.038938522338867
42013010102,17.521575927734375
42013010700,18.68114471435547
42013010800,20.529029846191406
42013011002,12.952959060668945
42013011200,17.660717010498047
42013011500,17.8961238861084
42013100300,21.644203186035156
42013100500,20.566844940185547
42013101200,14.473149299621582
42013101900,21.278316497802734
42015951000,25.765972137451172
42015951400,24.604267120361328
42017100102,21.729150772094727
42017100206,22.67296600341797
42017100210,17.82585906982422
42017100211,22.30764389038086
42017100303,24.329416275024414
42017100304,25.930355072021484
42017100406,15.724889755249023
42017100811,29.48149871826172
42017101403,12.210479736328125
42017101505,12.0049467086792
42017101603,20.178974151611328
42017101610,10.34546947479248
42017101900,13.875184059143066
42017102300,15.282140731811523
42017102700,14.051380157470703
42017103101,18.422273635864258
42017103102,19.505218505859375
42017104301,16.022930145263672
42017104303,13.126448631286621
42017104701,17.228914260864258
42017104703,12.075104713439941
42017104901,11.613686561584473
42017105003,11.8434476852417
42017105008,13.586278915405273
42017105203,12.382884979248047
42017105206,14.164645195007324
42017105400,13.045141220092773
42017105510,18.320030212402344
42017105511,12.18557071685791
42017105600,17.21842384338379
42017105900,19.01395606994629
42019902400,21.44053840637207
42019902800,13.568377494812012
42019910600,15.2727689743042
42019910900,10.579102516174316
42019911000,13.28545093536377
42019911501,13.7139310836792
42019911800,13.240598678588867
42021000300,25.034942626953125
42021010300,11.756082534790039
42021011100,12.238927841186523
42021011200,14.40160846710205
42021011500,13.176762580871582
42021011800,13.312121391296387
42021013100,14.471460342407227
42021013200,14.269134521484375
42021013700,13.351973533630371
42025020102,18.004735946655273
42025020600,19.73951530456543
42025020900,18.27724838256836
42027010600,16.12310791015625
42027010800,15.683145523071289
42027011100,17.082059860229492
42027011502,21.290395736694336
42027011600,14.554652214050293
42027012000,29.84522819519043
42027012400,28.908639907836914
42029300103,18.32622528076172
42029300202,11.323854446411133
42029300502,12.590300559997559
42029301401,18.142242431640625
42029301700,14.030255317687988
42029302000,12.16757869720459
42029302102,16.78132438659668
42029302204,16.572006225585938
42029302400,24.85948944091797
42029302706,15.753950119018555
42029302804,15.093599319458008
42029303301,18.521808624267578
42029303501,11.178326606750488
42029303801,13.639167785644531
42029303902,10.346392631530762
42029304000,16.01284408569336
42029304201,15.939793586730957
42029304501,13.528427124023438
42029304502,11.033781051635742
42029304600,11.808065414428711
42029304900,14.509942054748535
42029305102,14.778103828430176
42029307100,17.366161346435547
42029307900,21.17129135131836
42029311401,18.830881118774414
42029311600,24.157411575317383
42029311800,19.675020217895508
42031160400,13.134916305541992
42031160900,13.303564071655273
42033330400,12.06522274017334
42033331600,13.547195434570312
42035030300,10.002152442932129
42037050500,14.235954284667969
42037050600,21.189956665039062
42037051500,9.113053321838379
42039110201,13.229402542114258
42039110400,11.870548248291016
42039111100,19.198543548583984
42039112002,8.369423866271973
42041010201,11.435586929321289
42041012000,19.332490921020508
42041013000,14.57021713256836
42043020900,23.194616317749023
42043021100,25.630422592163086
42043021800,17.96442222595215
42043021904,16.91703224182129
42043022702,17.508264541625977
42043023100,18.68901824951172
42043024600,11.768366813659668
42043025300,13.734143257141113
42045400401,30.529430389404297
42045400802,21.115604400634766
42045401302,19.234106063842773
42045401600,18.4912109375
42045402400,31.161182403564453
42045402600,25.658418655395508
42045402800,25.658681869506836
42045403001,13.495625495910645
42045403104,30.04732894897461
42045403601,19.8010311126709
42045403701,20.63511848449707
42045403702,20.861169815063477
42045403800,21.17972755432129
42045404101,17.538074493408203
42045404500,29.45972442626953
42045404900,33.828697204589844
42045405300,35.2546272277832
42045405400,30.301227569580078
42045406100,21.1809139251709
42045406500,23.061071395874023
42045406902,14.986788749694824
42045406903,14.917797088623047
42045407101,13.33780574798584
42045407202,13.685937881469727
42045407401,11.77367877960205
42045407502,23.02134895324707
42045407803,13.2590913772583
42045408101,14.259501457214355
42045408300,14.081830978393555
42045408600,10.817614555358887
42045409701,14.596301078796387
42045409803,19.918743133544922
42045409902,17.087650299072266
42045410100,15.530623435974121
42045410800,14.184685707092285
42047950400,13.491597175598145
42047950500,13.829739570617676
42049000300,26.242107391357422
42049000400,31.471080780029297
42049000500,29.054468154907227
42049000600,24.448251724243164
42049000800,34.3685417175293
42049003000,16.21360206604004
42049010107,16.569473266601562
42049010301,13.280138969421387
42049011801,15.080498695373535
42049012202,20.582782745361328
42049980109,18.325851440429688
42051260401,13.571502685546875
42051260402,15.876779556274414
42051261402,23.747154235839844
42051261500,14.289692878723145
42051262300,23.47596549987793
42055010100,14.153797149658203
42055010600,13.756963729858398
42055011100,22.135032653808594
42055011600,14.121496200561523
42055012501,12.938801765441895
42055012502,16.56224250793457
42059970501,15.95792007446289
42059970700,15.35211181640625
42061950100,11.055636405944824
42061950600,14.366377830505371
42061951100,19.041269302368164
42061951200,12.3082914352417
42063960100,12.605545997619629
42063960900,13.882911682128906
42063961000,17.51194190979004
42063961200,18.424922943115234
42063961400,12.916464805603027
42063961700,16.262542724609375
42065950900,10.674469947814941
42067070202,17.238969802856445
42069101300,22.8831787109375
42069102500,26.413116455078125
42069103000,24.585716247558594
42069103100,18.143077850341797
42069110402,13.075642585754395
42069110600,16.878707885742188
42069110700,19.8435115814209
42069112100,19.695920944213867
42069112901,19.777502059936523
42071000100,31.267955780029297
42071000600,25.300434112548828
42071001000,26.918235778808594
42071010102,16.95089340209961
42071010202,12.719389915466309
42071010300,13.229641914367676
42071010501,12.173280715942383
42071010502,12.672750473022461
42071010600,14.231534957885742
42071010701,16.157760620117188
42071011503,17.9764347076416
42071011703,12.647974014282227
42071011803,16.77109718322754
42071011804,13.374025344848633
42071011901,13.453668594360352
42071012102,12.439513206481934
42071012103,10.834390640258789
42071012900,16.741310119628906
42071013202,21.639801025390625
42071013702,15.146588325500488
42071014101,15.799118041992188
42071014201,15.791495323181152
42071014402,17.638601303100586
42071014601,13.4949951171875
42071014602,15.50991153717041
42071014700,29.853361129760742
42073000100,17.658374786376953
42073000400,25.208288192749023
42073001000,16.727558135986328
42073010800,10.401355743408203
42073011700,14.835389137268066
42075000402,22.51628875732422
42075000500,22.672344207763672
42075002000,17.818588256835938
42075002800,12.475375175476074
42075003100,13.407691955566406
42075003700,13.541533470153809
42075003901,22.101655960083008
42077000800,30.4318904876709
42077000900,30.887598037719727
42077001402,15.035367965698242
42077001600,28.117206573486328
42077002201,20.385208129882812
42077005506,19.353025436401367
42077005702,18.62479591369629
42077005703,24.028724670410156
42077005902,22.344287872314453
42077006202,17.860279083251953
42077006204,12.65285873413086
42077006307,13.349474906921387
42077006600,12.182191848754883
42077006902,13.858206748962402
42077006905,12.05772590637207
42077006906,14.02815055847168
42077009300,16.063589096069336
42079200900,23.64983367919922
42079210200,17.27287483215332
42079212100,17.59942054748535
42079213200,24.028404235839844
42079213800,19.553478240966797
42079214300,17.31593132019043
42079214600,21.34827995300293
42079215503,13.910163879394531
42079216200,16.209392547607422
42079216502,17.082183837890625
42079216800,13.255699157714844
42079217100,23.291948318481445
42079217400,26.783658981323242
42081000800,37.54458236694336
42081010900,12.897969245910645
42081011000,13.439014434814453
42081011100,14.501657485961914
42081011302,12.017627716064453
42083421100,13.858122825622559
42085030100,22.362321853637695
42085032300,12.758523941040039
42085032701,13.530903816223145
42085032702,14.367260932922363
42085033400,23.860567092895508
42087960300,14.436772346496582
42087960400,10.308276176452637
42087960900,18.72810935974121
42089300201,23.566743850708008
42089300304,27.725767135620117
42089300308,23.425703048706055
42089300309,23.46173095703125
42089301102,22.872583389282227
42089301204,25.558509826660156
42089301301,23.475143432617188
42091200105,15.321477890014648
42091200309,12.005242347717285
42091200501,13.479325294494629
42091200800,21.8846378326416
42091200906,21.127058029174805
42091201203,13.496566772460938
42091201204,15.645979881286621
42091201606,24.98746681213379
42091201705,16.56499481201172
42091201902,19.85179328918457
42091202202,17.09464454650879
42091202603,20.51223373413086
42091203000,16.2308349609375
42091203204,14.637223243713379
42091203403,12.764615058898926
42091203902,31.19026756286621
42091204002,20.72782325744629
42091204007,20.97667121887207
42091204300,14.939654350280762
42091204400,15.233684539794922
42091205000,20.03827476501465
42091205400,17.074079513549805
42091205503,12.585241317749023
42091205807,21.94343376159668
42091205904,11.44905948638916
42091206005,12.92474365234375
42091206006,8.341479301452637
42091206105,11.052276611328125
42091206300,15.013579368591309
42091206600,17.45882225036621
42091206906,11.396411895751953
42091207201,20.80696678161621
42091207400,12.851868629455566
42091207900,14.212539672851562
42091208703,12.097694396972656
42091208801,24.829879760742188
42091210100,18.51596450805664
42091210500,14.539239883422852
42091210700,13.709272384643555
42093050400,11.869067192077637
42095010600,17.034915924072266
42095011100,30.03156280517578
42095014400,26.77120018005371
42095015300,16.62822723388672
42095015802,14.526531219482422
42095016100,16.57054901123047
42095016300,14.592094421386719
42095016500,12.068428993225098
42095017200,25.144750595092773
42095017401,13.761921882629395
42095017402,11.135053634643555
42095017603,14.71335506439209
42095017607,12.9451265335083
42095017901,18.00787925720215
42097080200,14.063616752624512
42097081300,17.376867294311523
42097082200,20.010826110839844
42097082400,14.421815872192383
42099030100,14.79308032989502
42099030202,16.6430721282959
42099030301,19.305858612060547
42101000500,32.026668548583984
42101000902,20.69284439086914
42101001002,18.233430862426758
42101001202,23.09938621520996
42101002000,27.625444412231445
42101002400,27.606121063232422
42101003002,29.574071884155273
42101003200,30.006528854370117
42101004101,30.446598052978516
42101006400,29.992277145385742
42101006900,32.53048324584961
42101007101,29.967971801757812
42101008000,28.252580642700195
42101008102,26.556184768676758
42101008301,27.401216506958008
42101010300,34.30610275268555
42101010400,32.07785415649414
42101011800,22.600317001342773
42101012000,24.21038818359375
42101012201,23.69814109802246
42101013100,26.712718963623047
42101014300,23.69449806213379
42101014600,26.390304565429688
42101014800,34.197086334228516
42101015200,33.37907028198242
42101015300,40.57948303222656
42101016300,29.598064422607422
42101017100,25.17517852783203
42101017400,31.13508415222168
42101017601,28.725324630737305
42101017900,30.487947463989258
42101019000,28.002714157104492
42101019200,31.40705680847168
42101019502,31.48508644104004
42101020700,20.039976119995117
42101020900,21.22563362121582
42101021200,19.09069061279297
42101021800,22.676836013793945
42101021900,13.559715270996094
42101023500,18.758047103881836
42101024200,32.110008239746094
42101025400,21.815479278564453
42101025700,25.108427047729492
42101026500,26.373430252075195
42101026800,31.15082359313965
42101027300,26.640716552734375
42101027800,27.76442527770996
42101028700,30.1711483001709
42101028902,28.723575592041016
42101029100,27.49123191833496
42101030600,25.93348503112793
42101030800,26.117719650268555
42101031200,31.137266159057617
42101031300,31.11091423034668
42101031800,26.473318099975586
42101032300,28.909137725830078
42101033000,27.917369842529297
42101033101,21.97726821899414
42101033102,21.397171020507812
42101033300,20.91065788269043
42101033600,28.407793045043945
42101033900,23.778024673461914
42101034000,18.048954010009766
42101034701,19.884647369384766
42101034802,26.4208927154541
42101034900,22.699796676635742
42101035100,13.832612991333008
42101035900,17.559694290161133
42101036201,20.516714096069336
42101037200,20.589149475097656
42101037800,24.41050910949707
42101038000,26.397323608398438
42101038200,28.2955322265625
42103950102,14.2527494430542
42103950201,13.22978401184082
42103950601,15.093656539916992
42103950802,18.724775314331055
42105950400,15.061668395996094
42105950500,13.522290229797363
42107000400,15.42756462097168
42107000500,19.383525848388672
42107000800,14.884943008422852
42107001300,16.74492073059082
42107001500,18.568876266479492
42107001800,15.872722625732422
42107002800,16.0703182220459
42107003300,17.474225997924805
42111020600,14.577461242675781
42111020800,12.606871604919434
42111020900,13.212678909301758
42111021700,12.359848976135254
42115032700,19.831287384033203
42117950400,14.443293571472168
42117950800,15.643034934997559
42117951000,13.436936378479004
42119090300,17.034643173217773
42121200200,14.21756649017334
42121200300,16.40334701538086
42121200500,20.14811134338379
42121200600,17.62518310546875
42121201000,17.349199295043945
42123970100,15.680083274841309
42123970700,15.212803840637207
42123971000,13.488637924194336
42125704100,23.994516372680664
42125711000,13.139142036437988
42125753700,19.071680068969727
42125754400,23.38637924194336
42125762000,15.022068977355957
42125763700,12.471966743469238
42125772700,17.727415084838867
42125773100,18.23678970336914
42125774700,11.2056884765625
42125775200,18.917787551879883
42125781700,13.107914924621582
42125792200,23.662723541259766
42125795700,13.906439781188965
42125796000,14.964287757873535
42127960400,16.77484893798828
42127961200,19.194171905517578
42129800600,25.443073272705078
42129801800,14.100135803222656
42129802304,10.669075965881348
42129802400,11.09458065032959
42129802900,13.073915481567383
42129803501,12.32755184173584
42129803700,11.400656700134277
42129803901,13.545620918273926
42129804100,21.911720275878906
42129804801,18.50997543334961
42129805902,13.117206573486328
42129806200,12.952765464782715
42129807200,13.590243339538574
42129807402,10.913734436035156
42129807700,17.489137649536133
42129807900,14.40458869934082
42129808300,12.987585067749023
42129808500,14.156359672546387
42131400100,26.45943260192871
42133000300,29.32097053527832
42133000700,30.325075149536133
42133000900,30.10816192626953
42133001300,25.388803482055664
42133010120,14.959678649902344
42133020221,13.312361717224121
42133020222,12.65737247467041
42133020310,12.351702690124512
42133020320,13.726902961730957
42133020521,17.831811904907227
42133020910,15.09349536895752
42133020921,14.58932113647461
42133020922,15.311660766601562
42133021410,14.167740821838379
42133021420,11.662992477416992
42133021900,19.63729476928711
42133022920,13.532305717468262
42133023000,21.15831756591797
42133023301,12.127035140991211
42133023602,17.188249588012695
42133023822,11.667793273925781
42133023901,14.210588455200195
44001030200,17.690208435058594
44001030400,11.382347106933594
44001030500,27.022035598754883
44001030800,19.039731979370117
44003020101,16.351842880249023
44003020601,17.016357421875
44003020903,12.033434867858887
44003020904,12.349100112915039
44003022400,14.739476203918457
44005040102,15.321455001831055
44005040400,14.381302833557129
44007000200,31.98905372619629
44007000300,36.251949310302734
44007001100,36.048561096191406
44007001200,36.24750900268555
44007001700,32.38796615600586
44007002102,31.250444412231445
44007002200,37.6160888671875
44007002500,31.697322845458984
44007002700,35.531280517578125
44007003400,13.66694164276123
44007003601,26.577491760253906
44007010200,27.669422149658203
44007010300,23.99934959411621
44007010501,23.91240882873535
44007011100,36.18199920654297
44007011600,12.800688743591309
44007011901,22.395374298095703
44007012401,18.852550506591797
44007014300,15.108112335205078
44007014400,12.475594520568848
44007015500,29.00678062438965
44007015600,27.98932456970215
44007015700,21.705461502075195
44007016100,38.84567642211914
44007016400,37.924747467041016
44007016900,17.0136775970459
44007017100,28.016817092895508
44007017400,29.022533416748047
44007017900,28.811376571655273
44007018100,28.381969451904297
44007018300,30.453163146972656
44009050104,14.637187004089355
44009050402,15.228629112243652
44009050901,18.6436710357666
44009051101,14.544242858886719
44009051302,14.365324974060059
44009051306,14.893291473388672
45003021201,12.277668952941895
45003021500,20.63710594177246
45003021601,22.989229202270508
45003022100,20.140840530395508
45007000200,19.595266342163086
45007001000,25.502546310424805
45007010102,18.654111862182617
45007010300,21.053993225097656
45007010402,20.72284507751465
45007011201,13.006646156311035
45007011700,17.209941864013672
45007011901,21.5553035736084
45007012001,21.002044677734375
45009960200,20.577957153320312
45011970500,20.078109741210938
45013000100,18.701557159423828
45013000300,28.661712646484375
45013000501,24.97376823425293
45013000800,26.578262329101562
45013002103,19.1176700592041
45013002108,23.457300186157227
45013010600,7.063450336456299
45013010700,9.188289642333984
45015020714,21.37057876586914
45015020716,21.637672424316406
45015020717,25.298839569091797
45015020722,14.856785774230957
45015020804,23.60722541809082
45015020809,21.693153381347656
45015020904,22.32227325439453
45015021000,23.100208282470703
45017950400,21.326515197753906
45019000200,12.073554992675781
45019000700,30.072086334228516
45019001500,21.673315048217773
45019002604,20.203161239624023
45019002613,22.750455856323242
45019002614,20.828853607177734
45019002701,27.513418197631836
45019003109,22.361223220825195
45019003115,27.875024795532227
45019003300,30.038921356201172
45019003700,35.4369010925293
45019004606,16.659822463989258
45019004607,20.984704971313477
45019005100,23.4349422454834
45021970100,20.419958114624023
45021970201,26.732370376586914
45021970402,18.877439498901367
45023020200,23.371070861816406
45025950600,19.064931869506836
45027960201,23.065166473388672
45027960400,24.509103775024414
45027960702,20.694791793823242
45029970300,21.450407028198242
45031011500,19.005613327026367
45033970300,20.143871307373047
45035010300,18.45513916015625
45035010605,22.4487247467041
45035010801,16.04085922241211
45035010808,21.958768844604492
45035010813,24.481130599975586
45035010815,27.179128646850586
45035010817,18.94974136352539
45037970201,14.361244201660156
45037970400,19.86509132385254
45037970501,17.9954776763916
45037970502,16.631364822387695
45041000202,23.634647369384766
45041000500,23.96234130859375
45041000800,22.665021896362305
45041000900,25.93844223022461
45041001503,19.18306541442871
45041002000,24.157562255859375
45041002202,21.907289505004883
45043920400,20.39539909362793
45043920502,13.666431427001953
45045000400,21.184324264526367
45045001205,24.30406379699707
45045001302,18.90311622619629
45045001700,26.03608512878418
45045002003,27.13204002380371
45045002503,19.225502014160156
45045002604,22.999696731567383
45045002608,16.000442504882812
45045002610,26.33460235595703
45045002611,19.62451171875
45045003010,18.073814392089844
45045003014,17.864519119262695
45045003101,23.952590942382812
45045003103,19.120197296142578
45045003701,19.485963821411133
45045003705,22.65595245361328
45045003904,21.263080596923828
45047970101,17.563873291015625
45051030101,24.867839813232422
45051050102,16.026304244995117
45051050401,23.698097229003906
45051050500,22.730432510375977
45051060207,21.41022491455078
45051060208,27.902114868164062
45051070702,23.303466796875
45051080101,20.331954956054688
45053950100,17.980247497558594
45055970100,21.380924224853516
45055970402,19.707096099853516
45055970403,20.3090877532959
45055970800,19.65469741821289
45055970903,22.867345809936523
45057010300,18.040002822875977
45057010500,23.19378089904785
45057010700,25.12142562866211
45057011002,18.70798683166504
45059920103,24.110023498535156
45059920202,19.76209259033203
45059920502,26.784069061279297
45059920900,17.943988800048828
45063020506,18.04138946533203
45063020508,11.674960136413574
45063020509,23.923843383789062
45063020602,18.44692039489746
45063021018,21.913318634033203
45063021023,15.992009162902832
45063021026,10.279908180236816
45063021109,16.41202163696289
45063021112,16.594303131103516
45063021116,15.27425765991211
45063021304,16.619089126586914
45063021403,21.454065322875977
45067950600,23.743057250976562
45069960301,19.20683479309082
45069960600,24.52585792541504
45071950502,27.51702880859375
45071950602,16.052961349487305
45073030100,19.259960174560547
45073030200,9.008235931396484
45073030401,19.8127384185791
45073030402,15.767435073852539
45073030602,18.336641311645508
45073030701,21.045673370361328
45075010400,21.375961303710938
45075011200,32.58757400512695
45075012000,21.839200973510742
45077010100,13.630346298217773
45077010601,18.322601318359375
45077010602,17.4343204498291
45077010901,18.482465744018555
45077011101,20.01506996154785
45077011103,20.041881561279297
45077011203,18.851253509521484
45079000400,22.655391693115234
45079002603,29.522598266601562
45079010103,19.433626174926758
45079010304,25.212194442749023
45079010308,18.02962875366211
45079010408,38.31529998779297
45079010410,33.7086296081543
45079010412,28.64166259765625
45079010501,22.72048568725586
45079010803,22.352561950683594
45079010805,31.506458282470703
45079011201,15.614654541015625
45079011303,31.255239486694336
45079011404,22.726280212402344
45079011413,22.218355178833008
45079011701,37.629947662353516
45079980100,21.59787940979004
45083020301,27.798654556274414
45083020500,31.219234466552734
45083020701,29.30472183227539
45083020900,25.029556274414062
45083021001,26.201330184936523
45083022005,21.875904083251953
45083022007,23.241546630859375
45083022102,16.901643753051758
45083022202,24.47309684753418
45083022401,21.878053665161133
45083022403,20.236082077026367
45083022404,20.3709716796875
45083022700,19.434280395507812
45083023002,22.03683090209961
45085000201,19.114501953125
45085000500,22.465774536132812
45085000700,26.377090454101562
45085000800,27.77490997314453
45085001300,22.031585693359375
45085001500,26.399734497070312
45085001704,21.0601749420166
45085001802,28.35846519470215
45085001901,21.704015731811523
45087030600,22.032833099365234
45091060102,22.365459442138672
45091060402,23.249629974365234
45091060904,15.599346160888672
45091060905,23.6202449798584
45091061006,10.04866886138916
45091061404,14.490365028381348
45091061502,17.420339584350586
45091061601,22.40819549560547
45091061707,14.767732620239258
45091061802,18.300148010253906
46005956600,11.271961212158203
46005956800,16.008342742919922
46005957100,13.061702728271484
46011958803,14.264138221740723
46013951700,18.66691780090332
46013951800,17.17115592956543
46015973100,22.112401962280273
46021964100,13.141234397888184
46027965700,16.93403434753418
46029954400,19.418306350708008
46035962800,19.506628036499023
46047964100,19.973398208618164
46051953100,15.577402114868164
46057955100,9.991616249084473
46067968600,14.057146072387695
46071961100,22.20969009399414
46075091600,19.094823837280273
46077958100,10.873187065124512
46081966200,18.31806182861328
46081966301,19.702245712280273
46083010106,11.975443840026855
46083010108,10.614457130432129
46085972600,18.13130760192871
46089963100,14.15404987335205
46093020500,23.0460205078125
46099000300,24.52191734313965
46099000406,20.098527908325195
46099001001,21.795122146606445
46099001500,23.265989303588867
46099001600,11.763914108276367
46099001902,8.262856483459473
46099010101,12.637397766113281
46099010102,12.625162124633789
46099010401,10.746557235717773
46099010405,18.36302947998047
46099010502,12.554037094116211
46103010200,25.122238159179688
46103011300,12.765663146972656
46103011600,19.339122772216797
46115000200,13.419325828552246
46123971600,17.95371437072754
46123971700,20.5377140045166
46127020100,12.120206832885742
46127020300,15.001530647277832
46129965200,21.282655715942383
47001020201,12.811235427856445
47001020300,17.63729476928711
47001020800,17.921377182006836
47001021100,13.344443321228027
47003950402,23.481674194335938
47003950600,24.718120574951172
47003950800,14.91761589050293
47005963100,12.57840633392334
47005963400,17.286516189575195
47009010500,21.29598617553711
47009010600,21.79244041442871
47009010700,18.200838088989258
47009010900,17.01581573486328
47009011302,16.90509796142578
47009011401,12.861978530883789
47009011501,14.33211898803711
47009011605,12.69697093963623
47011011401,16.276649475097656
47015960200,18.165096282958984
47017962201,20.2021427154541
47019070600,16.436235427856445
47019071500,14.193700790405273
47021070103,16.524805068969727
47023970100,15.34494400024414
47023970200,19.903228759765625
47025970200,18.1356143951416
47029920502,16.037500381469727
47029920700,15.238631248474121
47031970300,14.413952827453613
47033961000,16.00274085998535
47033961100,19.176645278930664
47033961300,15.904294967651367
47033961400,19.376312255859375
47035970102,7.7751874923706055
47035970301,17.072404861450195
47037010104,16.82059097290039
47037010106,21.54585838317871
47037010301,20.864145278930664
47037010303,25.3806209564209
47037010601,22.728118896484375
47037010801,25.248090744018555
47037010903,30.35439682006836
47037011100,20.32205581665039
47037011300,25.833911895751953
47037012200,19.912893295288086
47037012802,20.501422882080078
47037013202,23.661861419677734
47037015401,15.725210189819336
47037015612,28.993139266967773
47037015613,28.339982986450195
47037015630,19.507957458496094
47037015700,22.792362213134766
47037015803,43.83248519897461
47037016500,26.58310317993164
47037016600,23.11764907836914
47037017800,20.61139488220215
47037018000,17.141674041748047
47037018201,12.944811820983887
47037018401,22.844879150390625
47037018408,11.836162567138672
47037018602,10.971611022949219
47037018700,11.587674140930176
47037018804,12.885135650634766
47037019109,24.658424377441406
47037019112,23.05357551574707
47037019117,19.537580490112305
47037019300,38.3743896484375
47039955102,12.600008964538574
47041920200,19.58682632446289
47043060501,19.75998306274414
47043060502,17.626850128173828
47045964500,15.518736839294434
47045964900,15.330084800720215
47047060502,17.31791114807129
47049965100,19.01573944091797
47051960100,16.577957153320312
47051960202,16.019126892089844
47053966100,17.034992218017578
47053966400,18.288400650024414
47053966800,14.44814395904541
47053967300,17.251474380493164
47055920100,14.650318145751953
47055920700,14.338936805725098
47055920800,16.367525100708008
47059090100,20.79361343383789
47059090300,17.188175201416016
47059090400,16.71945571899414
47059090600,14.757111549377441
47059091200,16.046829223632812
47063100200,21.964885711669922
47063100600,18.236431121826172
47063100800,21.788959503173828
47063101000,17.5113468170166
47063101100,15.785124778747559
47065001800,20.604360580444336
47065002600,30.767322540283203
47065003200,19.875747680664062
47065003400,25.440282821655273
47065010307,18.29353141784668
47065010501,18.148508071899414
47065010800,21.70585060119629
47065010901,21.46044158935547
47065010902,18.083209991455078
47065011100,12.102863311767578
47065011203,17.981470108032227
47065011311,20.575000762939453
47065011314,15.196867942810059
47065011442,21.759075164794922
47065011443,21.739917755126953
47065011900,22.538301467895508
47065012100,16.861116409301758
47065012200,27.735248565673828
47069950200,19.808530807495117
47071920100,14.721780776977539
47071920400,19.717374801635742
47073050100,14.682376861572266
47073050700,14.876212120056152
47075930100,18.599994659423828
47075930200,18.12725830078125
47075930400,22.070520401000977
47077975000,16.088727951049805
47077975200,16.38926124572754
47081950301,15.178181648254395
47081950302,15.316969871520996
47083120100,15.735478401184082
47083120200,15.763985633850098
47085130200,14.712882041931152
47087960100,17.179353713989258
47089070900,12.922541618347168
47091956300,16.742216110229492
47093000800,29.86114501953125
47093002600,29.457767486572266
47093002700,23.975780487060547
47093003300,13.864457130432129
47093003901,22.431262969970703
47093004000,22.01616096496582
47093004404,18.17833709716797
47093004611,13.001014709472656
47093004800,19.653636932373047
47093005100,13.942005157470703
47093005201,16.395299911499023
47093005301,17.2366943359375
47093005401,16.173686981201172
47093005807,14.290680885314941
47093005808,12.96340560913086
47093006403,13.30208969116211
47093006501,16.20452880859375
47099960200,15.113895416259766
47099960402,16.317886352539062
47099960900,14.808979034423828
47101970200,17.294065475463867
47103975000,12.56146240234375
47103975400,17.686140060424805
47105060100,15.290909767150879
47105060400,14.806681632995605
47105060502,17.697872161865234
47109930100,15.909808158874512
47109930700,14.74715518951416
47113000100,21.37240219116211
47113000700,27.962886810302734
47113001402,17.178590774536133
47113001609,13.179081916809082
47113001900,16.574426651000977
47115050102,17.320167541503906
47117955000,16.364059448242188
47117955200,17.196414947509766
47117955400,19.020864486694336
47119010202,15.892276763916016
47119010302,15.385358810424805
47119010500,22.35249137878418
47119010900,16.90643310546875
47119011102,17.545921325683594
47119011200,17.610740661621094
47121960100,15.883092880249023
47125100602,19.835582733154297
47125101103,21.16090965270996
47125101306,28.21708106994629
47125101500,20.486942291259766
47125101804,14.716962814331055
47125102001,24.506423950195312
47129110100,14.552056312561035
47133950200,14.43148136138916
47133950301,17.230775833129883
47133950400,14.399884223937988
47133950600,14.415416717529297
47135930200,15.402053833007812
47137925100,12.477787017822266
47141000200,17.51995086669922
47141000500,21.439746856689453
47143975000,13.97885799407959
47143975100,14.692688941955566
47143975402,18.025005340576172
47145030400,13.351494789123535
47145030800,17.70125389099121
47149040101,22.24215316772461
47149040103,25.100318908691406
47149040306,27.068693161010742
47149040501,15.416340827941895
47149040806,15.78747844696045
47149040807,16.62439727783203
47149040808,16.765853881835938
47149040901,21.122852325439453
47149040902,21.83030128479004
47149041403,27.240413665771484
47149042000,21.279438018798828
47149042200,24.307239532470703
47153060102,13.506448745727539
47155080300,19.831134796142578
47155080902,16.121389389038086
47157000100,24.29531478881836
47157000800,26.97913932800293
47157001500,22.641582489013672
47157001700,23.08997917175293
47157002400,35.381141662597656
47157003000,23.247798919677734
47157003100,19.80889320373535
47157003500,20.54640007019043
47157003600,31.77588653564453
47157003700,27.790023803710938
47157005500,29.458133697509766
47157006400,21.066423416137695
47157006800,25.09813117980957
47157006900,22.851285934448242
47157007822,24.632326126098633
47157009400,17.98710060119629
47157009800,24.02009391784668
47157010630,36.66629409790039
47157010710,23.788232803344727
47157010810,28.000385284423828
47157011100,26.775754928588867
47157011300,34.409019470214844
47157020101,23.324787139892578
47157020102,14.101865768432617
47157020222,23.722375869750977
47157020400,24.946693420410156
47157020524,23.975906372070312
47157020610,30.458316802978516
47157020621,28.347293853759766
47157020634,13.45757007598877
47157020635,14.70680046081543
47157020831,17.389562606811523
47157020900,14.073359489440918
47157021138,18.91097068786621
47157021140,21.374988555908203
47157021331,15.282522201538086
47157021353,11.494744300842285
47157021510,26.518112182617188
47157021530,12.167367935180664
47157021611,11.92581844329834
47157021612,11.442227363586426
47157021732,36.82935333251953
47157021745,21.260305404663086
47157021752,25.455516815185547
47157022022,35.27542495727539
47157022220,22.063486099243164
47157022600,29.34950065612793
47163040600,23.253726959228516
47163040700,15.684247970581055
47163040800,19.14727210998535
47163041900,16.719209671020508
47163042200,15.96879768371582
47163042701,19.340608596801758
47163042702,14.663945198059082
47163042802,21.518173217773438
47163043600,14.939388275146484
47165020205,20.763914108276367
47165020207,18.784969329833984
47165021002,16.20060157775879
47165021004,20.397171020507812
47165021009,19.515962600708008
47165021106,21.026750564575195
47165021205,11.513934135437012
47171080100,15.677826881408691
47173040201,19.124021530151367
47175925000,14.09809684753418
47177930300,16.84767723083496
47177930900,15.356014251708984
47179060400,14.674699783325195
47179060502,20.619577407836914
47179060800,23.46652603149414
47179060900,26.592458724975586
47179061401,16.07177734375
47179061500,18.80950927734375
47179061601,13.505549430847168
47179061702,16.776317596435547
47183968000,14.60658073425293
47183968202,34.93939208984375
47183968300,15.562804222106934
47183968500,15.674180030822754
47185935400,19.93056869506836
47187050206,8.894676208496094
47187050208,19.14109230041504
47187050305,12.041677474975586
47187050904,23.313730239868164
47187050907,14.719608306884766
47189030204,15.767553329467773
47189030303,11.680761337280273
47189030304,16.95977020263672
47189030307,15.764684677124023
47189030600,21.04104995727539
47189030901,16.154224395751953
48001950401,36.20632553100586
48005000101,27.362079620361328
48005000600,23.916545867919922
48005000800,21.598520278930664
48007950300,16.047494888305664
48013960100,22.76177215576172
48019000102,27.0259952545166
48019000300,30.70414161682129
48021950300,18.137149810791016
48021950700,19.06087303161621
48025950100,27.52648162841797
48025950201,21.388824462890625
48025950202,16.89864158630371
48027020701,27.352170944213867
48027021203,20.590946197509766
48027021904,25.019651412963867
48027022104,28.0107421875
48027022404,24.423128128051758
48027022405,34.46177291870117
48027022801,36.11408996582031
48027023106,34.65273666381836
48027023107,34.18000411987305
48027023204,32.488948822021484
48027023402,25.704435348510742
48029120400,14.576522827148438
48029120502,22.95355796813965
48029120701,22.731115341186523
48029120702,21.564720153808594
48029120800,16.302627563476562
48029121111,23.983285903930664
48029121203,23.315290451049805
48029121206,19.98046875
48029121504,21.528907775878906
48029121601,24.48780059814453
48029121604,25.300548553466797
48029121702,16.872888565063477
48029121802,24.09265899658203
48029121803,22.16287612915039
48029121812,21.67219352722168
48029121908,15.881174087524414
48029130200,25.100725173950195
48029130500,28.118305206298828
48029131401,22.38924789428711
48029131402,22.106348037719727
48029131505,24.451427459716797
48029131612,23.711997985839844
48029131614,25.51795768737793
48029131615,23.900161743164062
48029140300,24.386545181274414
48029140800,22.545948028564453
48029141000,27.758760452270508
48029150501,21.19106674194336
48029150600,24.04438018798828
48029150700,23.52676773071289
48029151600,22.469528198242188
48029151700,21.166893005371094
48029151900,25.630416870117188
48029152202,23.863998413085938
48029160100,24.958906173706055
48029160902,25.01578712463379
48029161302,24.822500228881836
48029161901,35.686805725097656
48029161902,29.34295082092285
48029162003,33.52585220336914
48029170600,21.354446411132812
48029171200,23.94487190246582
48029171302,21.504825592041016
48029171700,20.328086853027344
48029171902,32.587913513183594
48029171916,23.09918975830078
48029171925,22.834163665771484
48029172005,26.24683380126953
48029180201,24.218278884887695
48029180701,26.686725616455078
48029180702,25.189258575439453
48029181302,27.976768493652344
48029181713,23.962156295776367
48029181720,20.64944839477539
48029181724,20.398151397705078
48029181728,24.90256118774414
48029181817,22.104902267456055
48029181819,26.423154830932617
48029181901,33.08951950073242
48029182001,20.740503311157227
48029182101,13.03907299041748
48029190200,24.604522705078125
48029190400,20.96816635131836
48029190504,25.253358840942383
48029190603,21.6396484375
48029190604,23.92132568359375
48029190700,23.74805450439453
48029190901,24.339723587036133
48029191006,21.40827178955078
48029191201,17.99725914001465
48029191409,31.271242141723633
48029191808,20.519201278686523
48029191810,25.292348861694336
48029191811,18.144527435302734
48029191815,22.508756637573242
48029980003,29.068927764892578
48029980100,34.8230094909668
48035950100,27.150707244873047
48035950300,19.56917953491211
48037010901,16.58257293701172
48039660100,14.695305824279785
48039660900,23.624658584594727
48039661000,20.209497451782227
48039661502,21.2674503326416
48039662700,27.9752197265625
48039663000,27.277503967285156
48039663200,20.155378341674805
48039663800,25.723302841186523
48039663900,24.92003631591797
48041000103,17.528564453125
48041000604,29.005611419677734
48041000900,33.47956085205078
48041002001,14.587538719177246
48041002006,21.148151397705078
48041002008,15.93249225616455
48041002009,11.497771263122559
48041002014,26.136789321899414
48041002015,17.822242736816406
48049950100,13.889640808105469
48049950200,14.46451473236084
48049950500,26.044240951538086
48049950800,23.581026077270508
48049950900,21.412050247192383
48051970100,25.593841552734375
48051970500,29.964080810546875
48053960800,20.295562744140625
48055960101,23.457447052001953
48055960102,20.657400131225586
48055960300,20.579200744628906
48055960400,23.452194213867188
48055960600,25.131805419921875
48057000400,25.095056533813477
48061010301,30.62970733642578
48061011100,25.284822463989258
48061011500,27.3681697845459
48061011801,25.081417083740234
48061011802,22.10120964050293
48061011901,33.97868347167969
48061012101,18.292078018188477
48061012504,22.76872444152832
48061012609,31.55847930908203
48061013003,26.25495719909668
48061013102,21.94498062133789
48061013303,24.300352096557617
48061013309,27.839506149291992
48061013802,29.777130126953125
48061013903,25.99881362915039
48061014300,29.440013885498047
48061014400,25.45051383972168
48061014500,23.273584365844727
48065950200,20.559581756591797
48067950500,16.856414794921875
48071710100,18.569318771362305
48071710200,19.14168357849121
48073950200,25.02517318725586
48073950801,29.522438049316406
48085030202,15.487739562988281
48085030301,17.775182723999023
48085030302,11.267449378967285
48085030304,16.574228286743164
48085030404,16.42281723022461
48085030406,27.724966049194336
48085030408,26.9215145111084
48085030505,33.687889099121094
48085030511,17.001256942749023
48085030515,17.46192169189453
48085030519,23.856943130493164
48085030522,18.744178771972656
48085030526,16.822444915771484
48085030528,18.43813705444336
48085030702,23.982637405395508
48085031001,19.738391876220703
48085031100,17.64919090270996
48085031311,19.276451110839844
48085031312,14.00685977935791
48085031313,17.970842361450195
48085031505,15.658671379089355
48085031507,22.356643676757812
48085031612,16.26260757446289
48085031613,12.72323989868164
48085031635,30.009675979614258
48085031643,23.388439178466797
48085031647,21.768312454223633
48085031652,18.741661071777344
48085031657,30.290054321289062
48085031658,30.189302444458008
48085031659,23.05738639831543
48085031663,16.979801177978516
48085031706,10.98714542388916
48085031708,24.625486373901367
48085031805,13.285183906555176
48085032010,29.563507080078125
48091310300,18.34404945373535
48091310503,20.66294288635254
48091310606,17.948925018310547
48093950200,16.345943450927734
48095950300,32.86138153076172
48097000400,22.730228424072266
48099010102,21.01565933227539
48099010201,23.280170440673828
48099010701,21.01284408569336
48099980000,32.012447357177734
48103950100,20.557785034179688
48107950300,30.770891189575195
48111950300,23.230241775512695
48113000401,34.49787902832031
48113001204,28.98073387145996
48113001301,23.565134048461914
48113001400,34.38847732543945
48113002100,32.59724426269531
48113002500,26.071535110473633
48113004000,28.019914627075195
48113004700,31.16205596923828
48113005100,22.352996826171875
48113005200,23.608661651611328
48113005902,25.91033363342285
48113006001,26.69501304626465
48113006301,21.043872833251953
48113006800,27.180944442749023
48113007102,24.337196350097656
48113007202,42.81686019897461
48113007601,15.247934341430664
48113007809,18.502939224243164
48113007810,21.240076065063477
48113007822,29.054702758789062
48113007823,29.152385711669922
48113007824,9.557861328125
48113007914,26.245397567749023
48113008100,21.20084571838379
48113008200,20.86907958984375
48113009301,23.03074073791504
48113009304,34.39959716796875
48113009605,22.672039031982422
48113009607,16.77820587158203
48113009609,11.75457763671875
48113009701,21.107152938842773
48113009803,23.92869758605957
48113009804,42.95198440551758
48113010602,27.79787254333496
48113010803,21.033206939697266
48113010904,41.84422302246094
48113011002,18.095703125
48113011101,18.125179290771484
48113011104,25.669063568115234
48113011500,33.795166015625
48113012207,30.910945892333984
48113012209,25.389440536499023
48113012210,33.09249496459961
48113012211,30.274839401245117
48113012604,30.785511016845703
48113013007,21.34327507019043
48113013607,16.65033721923828
48113013610,22.735122680664062
48113013712,20.371545791625977
48113013720,23.733928680419922
48113013804,19.145370483398438
48113014114,35.67756271362305
48113014115,21.900875091552734
48113014121,23.676210403442383
48113014123,12.9848051071167
48113014130,23.734697341918945
48113014134,16.07914924621582
48113014135,21.658994674682617
48113014302,21.240182876586914
48113014308,34.70496368408203
48113014312,25.800682067871094
48113014403,43.53864669799805
48113014407,32.37528991699219
48113014702,25.48440170288086
48113015000,23.491962432861328
48113015306,21.874683380126953
48113015403,28.686084747314453
48113015404,30.95164680480957
48113015600,21.454936981201172
48113016002,24.710126876831055
48113016302,21.781171798706055
48113016401,21.8228816986084
48113016407,23.309423446655273
48113016518,22.892351150512695
48113016521,30.332168579101562
48113016522,20.64488410949707
48113016610,26.365697860717773
48113016616,24.61277198791504
48113016619,22.961727142333984
48113016623,23.2642879486084
48113016624,21.88789176940918
48113016903,23.18562126159668
48113017101,21.5306453704834
48113017201,30.440715789794922
48113017301,23.99199676513672
48113017605,25.524845123291016
48113017606,23.75371551513672
48113017804,26.731626510620117
48113017811,21.013456344604492
48113018001,24.53144645690918
48113018105,22.62502098083496
48113018111,24.666664123535156
48113018121,23.398252487182617
48113018133,22.004741668701172
48113018134,18.585933685302734
48113018137,23.257286071777344
48113018300,21.904373168945312
48113018402,18.971105575561523
48113018900,23.130905151367188
48113019018,26.676755905151367
48113019019,32.3311767578125
48113019024,17.341733932495117
48113019026,16.400327682495117
48113019028,22.327308654785156
48113019031,17.946470260620117
48113019039,22.141162872314453
48113019043,13.609609603881836
48113019400,18.50090217590332
48121020107,17.19232749938965
48121020113,20.395591735839844
48121020202,20.89809226989746
48121020303,16.833677291870117
48121020305,12.573431968688965
48121020401,24.90549659729004
48121020601,31.67376136779785
48121020602,26.702167510986328
48121020800,30.068479537963867
48121020900,36.926292419433594
48121021000,33.5203857421875
48121021301,32.2506217956543
48121021304,21.524526596069336
48121021407,20.18330192565918
48121021612,21.650724411010742
48121021614,21.249902725219727
48121021630,23.21603775024414
48121021718,13.699174880981445
48121021719,13.489264488220215
48121021721,17.200607299804688
48121021725,12.580531120300293
48121021727,16.337757110595703
48121021728,25.973840713500977
48121021729,13.081305503845215
48121021730,14.428150177001953
48121021738,33.07294464111328
48121021746,12.276803016662598
48121021749,12.183086395263672
48121021752,12.411651611328125
48121021900,13.47429370880127
48123970100,21.736591339111328
48123970300,19.247358322143555
48123970400,21.861358642578125
48133950300,16.12067222595215
48133950400,23.974590301513672
48135000100,21.23009490966797
48135000600,25.43227195739746
48135000700,31.509334564208984
48135000800,25.214431762695312
48135001700,24.0021915435791
48135002801,30.465744018554688
48139060102,20.160919189453125
48139060702,20.351398468017578
48141000106,17.886110305786133
48141000111,25.39447021484375
48141000112,18.7390193939209
48141000302,19.903520584106445
48141000401,21.256614685058594
48141000404,34.77162170410156
48141000900,25.737754821777344
48141001001,22.582889556884766
48141001109,14.675329208374023
48141001110,21.852134704589844
48141001112,20.91681671142578
48141001800,25.04132843017578
48141002400,20.8350772857666
48141003000,23.988767623901367
48141003403,25.617450714111328
48141003501,23.73059844970703
48141003602,25.200735092163086
48141003804,23.963354110717773
48141004004,19.73424530029297
48141004319,23.55994415283203
48141010102,30.319995880126953
48141010103,28.821334838867188
48141010210,28.74224281311035
48141010211,24.00946807861328
48141010216,26.460786819458008
48141010218,20.67076301574707
48141010319,44.76140213012695
48141010322,24.76590347290039
48141010337,22.612865447998047
48141010341,29.808279037475586
48141010505,36.45262145996094
48143950201,16.833547592163086
48143950202,17.220584869384766
48143950300,19.65631103515625
48145000800,25.577482223510742
48147950800,20.87710189819336
48149970100,18.798479080200195
48149970500,19.309003829956055
48151950300,23.478439331054688
48153950500,27.619394302368164
48157670700,21.511966705322266
48157671400,30.953039169311523
48157671502,17.150205612182617
48157671900,16.226173400878906
48157672701,23.585927963256836
48157672702,22.09137535095215
48157673003,14.097891807556152
48157673500,17.685415267944336
48157673902,18.564212799072266
48157674300,17.5090389251709
48157674400,15.695067405700684
48157674601,11.007415771484375
48157674602,16.808631896972656
48157674700,22.10741424560547
48161000100,16.355194091796875
48161000700,21.558753967285156
48163950200,36.144813537597656
48165950300,20.80519676208496
48167720200,17.153759002685547
48167720301,16.2947998046875
48167720502,18.834197998046875
48167720503,14.755736351013184
48167721202,19.3814754486084
48167721600,28.88340187072754
48167721700,32.01517105102539
48167721900,24.858360290527344
48167722200,26.521806716918945
48167722600,25.090736389160156
48167723900,28.62624168395996
48167725000,25.346195220947266
48167725600,29.040971755981445
48167725700,18.110475540161133
48167725900,32.01179885864258
48171950300,16.054677963256836
48177000400,21.617137908935547
48177000500,29.185955047607422
48179950500,19.9320125579834
48179950700,22.64698600769043
48181000101,16.623659133911133
48181000304,19.948694229125977
48181001101,22.28719711303711
48181001700,23.31315803527832
48181001803,22.588172912597656
48183000401,26.823163986206055
48183000502,23.853906631469727
48183000600,17.913118362426758
48183001100,26.770126342773438
48183010100,17.7143611907959
48185180400,23.308473587036133
48187210100,23.671585083007812
48187210200,23.564979553222656
48187210300,25.19035530090332
48187210507,20.1769962310791
48187210604,21.686012268066406
48187210606,28.33772087097168
48187210712,13.539963722229004
48187210713,21.754526138305664
48187210714,21.571901321411133
48187210801,18.743722915649414
48187210803,17.708951950073242
48189950200,24.15576171875
48189950500,26.2587947845459
48189950700,28.85867691040039
48197950100,19.021827697753906
48199030600,17.542980194091797
48201210400,27.57016944885254
48201211000,26.210609436035156
48201211100,29.066814422607422
48201211400,31.090293884277344
48201220100,25.886213302612305
48201220200,25.43682861328125
48201220800,34.37147903442383
48201221000,27.01214599609375
48201221300,22.894699096679688
48201221400,27.07672882080078
48201221800,30.591474533081055
48201222501,32.53145217895508
48201230300,26.906810760498047
48201231100,24.711999893188477
48201231600,22.173532485961914
48201232100,31.40831184387207
48201232402,24.239498138427734
48201232701,33.31171798706055
48201240502,42.62754821777344
48201240802,24.149063110351562
48201240902,24.942951202392578
48201241103,29.249338150024414
48201250302,23.3133544921875
48201250402,20.873106002807617
48201250701,21.080507278442383
48201250900,14.572297096252441
48201251200,16.995824813842773
48201251502,14.966711044311523
48201252200,25.128007888793945
48201252900,22.985458374023438
48201253300,19.16719627380371
48201253800,22.313861846923828
48201254700,24.06446075439453
48201311000,25.66394805908203
48201311300,22.58561134338379
48201311500,25.340190887451172
48201312300,27.206260681152344
48201312700,31.212783813476562
48201313100,26.935033798217773
48201313200,24.498632431030273
48201313400,27.465009689331055
48201313600,27.870676040649414
48201313700,22.592382431030273
48201313800,31.591798782348633
48201313900,35.304100036621094
48201320500,20.275863647460938
48201320602,22.953882217407227
48201321300,32.3433952331543
48201322600,22.5374755859375
48201322800,19.911806106567383
48201323100,32.503936767578125
48201323500,34.332000732421875
48201323702,25.46616554260254
48201330100,22.101558685302734
48201330301,20.75359535217285
48201330302,23.277250289916992
48201330500,22.47709846496582
48201331400,35.598533630371094
48201333000,21.081205368041992
48201333700,21.221845626831055
48201340500,24.640567779541016
48201340700,23.321109771728516
48201342001,14.927387237548828
48201342800,17.571945190429688
48201342900,17.80686378479004
48201343700,23.3056697845459
48201350100,17.591733932495117
48201350200,22.16538429260254
48201410402,21.921031951904297
48201411100,18.118928909301758
48201411400,14.050199508666992
48201412900,25.731365203857422
48201413000,20.444791793823242
48201413201,28.818347930908203
48201420200,23.846254348754883
48201421202,41.071632385253906
48201421402,35.669189453125
48201421900,11.77699089050293
48201422200,38.16908264160156
48201422500,26.857526779174805
48201422600,23.004146575927734
48201423202,33.48686218261719
48201423600,23.117361068725586
48201430600,12.526121139526367
48201430700,19.207040786743164
48201431302,18.232555389404297
48201431401,26.436140060424805
48201431402,22.94548797607422
48201431502,17.937503814697266
48201431600,14.775616645812988
48201431700,14.881654739379883
48201432200,25.77106285095215
48201432500,30.660350799560547
48201432701,42.790409088134766
48201432702,32.50845718383789
48201433003,31.479230880737305
48201433400,31.5812931060791
48201450200,15.661225318908691
48201450700,12.097935676574707
48201450801,26.701515197753906
48201450900,19.87608528137207
48201451100,20.773963928222656
48201451402,38.114078521728516
48201451700,24.608882904052734
48201452500,31.795074462890625
48201452700,26.644412994384766
48201453100,31.536840438842773
48201453501,27.65164566040039
48201453502,23.510168075561523
48201453800,21.529123306274414
48201454302,21.989152908325195
48201454502,14.923507690429688
48201454700,14.933259963989258
48201510300,19.15013885498047
48201510500,21.175973892211914
48201510800,19.529647827148438
48201511002,23.26070213317871
48201511100,23.297534942626953
48201511301,21.690948486328125
48201522100,27.350820541381836
48201530100,30.500883102416992
48201530200,18.671064376831055
48201530300,26.80655860900879
48201531200,23.771602630615234
48201532400,22.314672470092773
48201532502,20.565406799316406
48201534100,22.05945587158203
48201534202,21.876413345336914
48201541602,21.86040687561035
48201541800,31.29640007019043
48201541900,21.542680740356445
48201542102,24.46434783935547
48201542400,27.08490562438965
48201542800,21.457805633544922
48201543001,21.5478458404541
48201550301,43.99504470825195
48201550602,21.699132919311523
48201550603,24.381132125854492
48201551300,20.35407829284668
48201551600,24.108497619628906
48201551702,14.05020523071289
48201552500,24.63899803161621
48201552900,21.58562660217285
48201553100,23.744722366333008
48201553401,16.898900985717773
48201554002,12.245184898376465
48201554302,24.826501846313477
48201554700,18.461341857910156
48201554902,15.100481986999512
48201554903,17.873485565185547
48201555302,15.982797622680664
48201555401,22.293067932128906
48201555501,21.739294052124023
48201555701,15.830888748168945
48201555702,13.64298152923584
48203020200,28.068944931030273
48203020604,22.070981979370117
48207950400,25.740324020385742
48209010303,34.074283599853516
48209010808,18.155704498291016
48209010902,18.1424503326416
48211950300,24.032560348510742
48213950200,26.32146644592285
48213950500,16.72327423095703
48213950903,13.167312622070312
48213951100,26.22372817993164
48215020101,29.605329513549805
48215020102,25.419166564941406
48215020403,25.40135383605957
48215020504,22.533605575561523
48215020701,22.844667434692383
48215020901,21.24257469177246
48215020903,26.136205673217773
48215020904,25.44025230407715
48215021100,27.011999130249023
48215021403,20.080549240112305
48215021903,24.589637756347656
48215022300,21.27130889892578
48215022501,29.620994567871094
48215022502,25.666868209838867
48215023102,28.44404411315918
48215023104,28.115209579467773
48215024000,39.211463928222656
48215024302,36.478546142578125
48215024500,39.61162185668945
48217960700,18.675119400024414
48217961400,28.314579010009766
48219950400,27.068185806274414
48221160206,15.821540832519531
48221160302,20.857624053955078
48223950402,21.144559860229492
48223950500,22.252050399780273
48225950300,22.839284896850586
48225950400,26.688812255859375
48227950200,22.846820831298828
48227950802,22.526906967163086
48231960900,28.804773330688477
48231961200,18.297739028930664
48231961502,20.479639053344727
48231961600,18.65593719482422
48233950500,21.59851837158203
48233950700,26.60487174987793
48233950800,27.581714630126953
48233951000,17.727367401123047
48237950300,18.721036911010742
48239950100,23.999143600463867
48241950200,19.872373580932617
48241950500,27.960105895996094
48245000101,25.336769104003906
48245000307,28.008846282958984
48245000500,24.658571243286133
48245000600,27.15245246887207
48245001301,24.077787399291992
48245002200,26.49911880493164
48245010800,20.716461181640625
48245011102,20.509300231933594
48245011303,20.804685592651367
48245011304,18.460289001464844
48247950200,36.91632843017578
48249950100,25.9478702545166
48251130100,23.551807403564453
48251130204,19.85805320739746
48251130211,17.098758697509766
48251130212,20.449520111083984
48251130214,20.938566207885742
48251130405,18.123716354370117
48251130900,25.872276306152344
48251131000,15.813043594360352
48251131100,22.46756935119629
48253020101,18.773263931274414
48253020200,21.34185218811035
48253020300,17.128738403320312
48255970300,29.190689086914062
48257050203,18.249534606933594
48257050500,25.664684295654297
48257050704,18.3070125579834
48257051202,18.21317481994629
48265960100,16.71501922607422
48265960800,28.91131019592285
48273020100,19.100055694580078
48273020200,25.684551239013672
48273020500,25.4134578704834
48275950100,22.85586166381836
48275950200,25.65135383605957
48277000800,24.295705795288086
48285000200,16.536888122558594
48291700200,26.529565811157227
48291700700,27.05462646484375
48291700800,21.141342163085938
48293970100,31.251585006713867
48295950300,22.467845916748047
48297950300,27.16095733642578
48301950100,40.459503173828125
48303000404,26.95872688293457
48303000605,36.599300384521484
48303001502,25.45896339416504
48303001801,25.837194442749023
48303001904,15.699214935302734
48303002300,27.054641723632812
48303010403,15.272527694702148
48303010404,18.951690673828125
48303010408,18.0272159576416
48303010505,22.698217391967773
48303010506,24.778867721557617
48303010509,12.71579647064209
48303010511,21.096515655517578
48303010600,20.82131576538086
48309000200,41.486026763916016
48309000598,22.64263153076172
48309001400,27.78904151916504
48309001700,23.7493953704834
48309003708,19.76591682434082
48309003802,28.693735122680664
48309004102,21.010433197021484
48309004103,20.9531307220459
48309004202,17.76836585998535
48313000200,22.463472366333008
48313000300,25.259246826171875
48315950400,18.917356491088867
48317950100,26.46941375732422
48321730303,28.45743751525879
48323950205,33.09755325317383
48323950700,32.5625
48329000303,13.943217277526855
48329001200,22.67884063720703
48329010106,24.372047424316406
48329010109,23.22611427307129
48339690300,19.82058334350586
48339690402,18.407142639160156
48339690601,16.243545532226562
48339690900,11.471918106079102
48339691200,15.719615936279297
48339691301,12.52960205078125
48339691400,24.915433883666992
48339692001,18.678714752197266
48339692300,22.058246612548828
48339692400,23.52130126953125
48339692601,23.09782600402832
48339692700,20.142040252685547
48339692801,19.16574478149414
48339693200,15.994410514831543
48339693700,19.833356857299805
48339693800,28.108924865722656
48339694201,18.073896408081055
48339694600,18.171663284301758
48347950301,20.394866943359375
48349970200,19.901336669921875
48349970400,27.649625778198242
48351950200,31.02107810974121
48353950200,20.368122100830078
48353950500,26.194761276245117
48355001100,31.10103416442871
48355001300,25.63226318359375
48355001904,22.07796287536621
48355002704,27.036422729492188
48355003304,26.698331832885742
48355003402,22.418418884277344
48355005409,16.945016860961914
48355005415,21.049179077148438
48355005900,32.17096710205078
48355006300,28.51682472229004
48355006400,26.235179901123047
48361020700,22.147809982299805
48361021100,17.143041610717773
48361021200,17.10297203063965
48361021400,15.780000686645508
48361021501,19.468585968017578
48363000400,16.64443016052246
48363000800,26.51460838317871
48363000900,24.53285789489746
48367140101,24.255741119384766
48367140200,21.5689754486084
48367140403,17.0285701751709
48367140405,17.390182495117188
48367140408,18.56298065185547
48367140410,18.246212005615234
48367140502,18.344799041748047
48367140601,16.088834762573242
48369950200,26.525671005249023
48373210205,26.482582092285156
48373210206,21.711000442504883
48373210302,20.900754928588867
48375013200,14.882061958312988
48375013900,23.20861053466797
48375014300,15.069467544555664
48375014401,31.408950805664062
48375015100,19.23014259338379
48375015400,31.252473831176758
48377950100,31.242040634155273
48381020100,13.817359924316406
48381021000,15.946001052856445
48381021102,34.29197311401367
48381021500,14.693909645080566
48381021603,11.749163627624512
48381021605,13.079832077026367
48381021608,17.213808059692383
48381021609,17.94253921508789
48381021703,20.216371536254883
48387950600,25.10809326171875
48389950200,23.757638931274414
48395960100,28.293855667114258
48397040302,21.17130470275879
48397040401,19.245357513427734
48397040505,18.747343063354492
48401950700,21.789493560791016
48401951000,31.695777893066406
48403950300,24.525991439819336
48407200101,33.16815948486328
48407200102,24.199913024902344
48407200200,25.765764236450195
48409010201,21.187349319458008
48409010601,24.642858505249023
48409010604,17.359533309936523
48413950300,28.882301330566406
48415950300,17.965087890625
48419950500,18.444440841674805
48423000202,29.435636520385742
48423000500,37.43657684326172
48423000700,25.815044403076172
48423001101,19.07085418701172
48423001102,14.453741073608398
48423001901,24.03900718688965
48423001905,18.15991973876953
48423002007,21.681509017944336
48423002008,20.34236717224121
48423002009,26.23274803161621
48429950500,17.390884399414062
48437950200,25.481233596801758
48439100501,26.572450637817383
48439101401,23.284780502319336
48439102202,17.8536319732666
48439102301,26.399208068847656
48439102700,20.15965461730957
48439103701,27.170032501220703
48439103800,31.003398895263672
48439104100,24.148632049560547
48439104300,26.627792358398438
48439104601,22.870113372802734
48439104604,26.5638370513916
48439104605,23.032024383544922
48439104701,24.867198944091797
48439105006,26.757431030273438
48439105203,23.112430572509766
48439105404,14.326068878173828
48439105503,20.402172088623047
48439105510,23.85297393798828
48439105512,16.90134620666504
48439105600,21.178943634033203
48439105701,20.881139755249023
48439105800,22.595050811767578
48439106004,24.555265426635742
48439106101,23.05672264099121
48439106503,23.626070022583008
48439106507,17.352304458618164
48439106511,23.346660614013672
48439106515,27.47991943359375
48439106517,30.481069564819336
48439106600,37.51533126831055
48439106700,23.67755126953125
48439110301,25.286760330200195
48439110402,21.970256805419922
48439110806,18.762968063354492
48439110808,14.451604843139648
48439110901,15.305155754089355
48439110903,19.370115280151367
48439110905,14.289108276367188
48439110907,17.85599136352539
48439111013,25.952016830444336
48439111310,22.62040901184082
48439111407,15.471794128417969
48439111514,23.735950469970703
48439111516,27.106443405151367
48439111530,15.257058143615723
48439111537,28.48158073425293
48439111539,20.93390464782715
48439111545,17.53240966796875
48439111546,15.871622085571289
48439111551,17.907981872558594
48439113001,21.878433227539062
48439113107,11.436531066894531
48439113113,33.015419006347656
48439113116,32.50735855102539
48439113214,21.949798583984375
48439113301,18.566133499145508
48439113509,23.59893035888672
48439113511,24.146587371826172
48439113520,25.521379470825195
48439113613,11.77876091003418
48439113623,12.417223930358887
48439113626,14.520974159240723
48439113630,21.339561462402344
48439113632,11.036005020141602
48439113809,21.352449417114258
48439113811,26.902021408081055
48439113812,19.43351936340332
48439113814,10.465776443481445
48439113815,12.171916007995605
48439113816,12.422459602355957
48439113906,12.3806791305542
48439113912,12.671455383300781
48439113917,22.621252059936523
48439113918,24.325258255004883
48439113926,20.02293586730957
48439114003,23.147960662841797
48439114007,20.90898323059082
48439114104,19.306161880493164
48439114204,17.302865982055664
48439114206,19.730770111083984
48439121601,19.360198974609375
48439121611,20.53053855895996
48439122700,23.41533088684082
48439123500,27.416061401367188
48439123600,33.041622161865234
48441010400,24.2269229888916
48441011300,22.435466766357422
48441011500,20.801681518554688
48441012300,24.340129852294922
48441012700,13.592291831970215
48441013200,26.338336944580078
48441013300,21.84468650817871
48445950300,25.598289489746094
48451001500,22.414997100830078
48451001707,15.430986404418945
48451001708,16.559892654418945
48453000401,23.41023826599121
48453000801,22.216035842895508
48453000802,27.478618621826172
48453000901,26.757335662841797
48453000902,25.67862319946289
48453001200,22.619609832763672
48453001308,23.74627113342285
48453001401,23.24188804626465
48453001501,14.765705108642578
48453001505,23.219985961914062
48453001605,22.58601188659668
48453001705,17.539936065673828
48453001713,21.687835693359375
48453001719,11.343437194824219
48453001737,17.3719539642334
48453001741,18.658424377441406
48453001749,23.1850528717041
48453001757,16.797378540039062
48453001765,16.8926944732666
48453001766,18.275508880615234
48453001769,18.676963806152344
48453001770,13.368973731994629
48453001782,14.741209983825684
48453001786,28.348222732543945
48453001805,31.582881927490234
48453001806,35.00380325317383
48453001812,33.16830062866211
48453001818,25.0219669342041
48453001835,25.304964065551758
48453001850,32.569786071777344
48453001860,26.26850700378418
48453001915,23.869853973388672
48453002210,23.425981521606445
48453002310,30.292325973510742
48453002312,27.58390998840332
48453002318,34.2076416015625
48453002402,26.28373146057129
48453002409,21.806394577026367
48453002425,25.28919792175293
48453002432,24.561491012573242
48455950300,26.11334991455078
48455950500,36.499481201171875
48457950400,29.99378776550293
48457950500,21.199378967285156
48459950200,16.217687606811523
48459950500,25.1778621673584
48463950400,22.51325035095215
48465950301,24.078125
48465950601,21.145679473876953
48467950500,18.508445739746094
48467950600,14.306527137756348
48467950700,18.31488800048828
48467950900,15.43995189666748
48467951000,14.745054244995117
48469000400,21.085262298583984
48469000601,24.74920654296875
48469000700,20.935710906982422
48469001300,19.341217041015625
48469001400,17.512929916381836
48471790500,28.40447998046875
48473680200,33.23764419555664
48477170200,19.390323638916016
48477170600,26.96772575378418
48479000105,28.86977767944336
48479000106,28.360841751098633
48479000602,29.593101501464844
48479001001,25.705610275268555
48479001003,23.500431060791016
48479001004,26.164173126220703
48479001103,26.635950088500977
48479001104,25.277488708496094
48479001105,26.674352645874023
48479001401,28.288026809692383
48479001714,21.528541564941406
48479001719,20.45906639099121
48479001810,28.35791015625
48479001818,42.643550872802734
48481740600,22.228269577026367
48481740900,20.62213897705078
48485010100,30.03063201904297
48485010200,25.766359329223633
48485011000,26.114830017089844
48485011200,21.71055793762207
48485011300,24.83757972717285
48485011500,20.73583984375
48485012400,19.762990951538086
48487950300,18.021198272705078
48491020106,11.522686004638672
48491020107,6.051581382751465
48491020108,11.805371284484863
48491020109,13.67019271850586
48491020111,14.054105758666992
48491020114,23.619686126708984
48491020204,19.812917709350586
48491020312,21.132553100585938
48491020322,21.95035743713379
48491020324,17.58138084411621
48491020328,18.177156448364258
48491020405,24.74272918701172
48491020411,18.58108901977539
48491020603,14.442156791687012
48491020605,16.70305633544922
48491020701,25.246456146240234
48491020706,13.884303092956543
48491020809,20.716346740722656
48491021201,20.534557342529297
48493000202,20.31820297241211
48493000500,27.313405990600586
48497150500,20.78508186340332
48505950400,39.197513580322266
48507950100,40.27885437011719
48507950301,38.91486358642578
49005000102,17.747413635253906
49005000701,11.400185585021973
49005001002,27.679943084716797
49005001300,12.45663070678711
49007000300,21.649532318115234
49009960100,22.783409118652344
49011125104,13.022735595703125
49011125405,19.282373428344727
49011125406,16.70534324645996
49011125502,21.031042098999023
49011126104,14.54910659790039
49011126202,15.533689498901367
49011126203,14.217424392700195
49011126303,13.98178768157959
49011126305,11.393617630004883
49011126406,21.421350479125977
49011126600,19.392995834350586
49011127004,18.41501235961914
49011127100,15.582399368286133
49013940300,19.068756103515625
49017000400,22.445661544799805
49019000200,21.37491226196289
49021110100,21.38240623474121
49021110702,18.12300682067871
49023010100,16.036949157714844
49027974100,21.019929885864258
49029970100,14.750021934509277
49029970200,14.440793991088867
49035100100,27.4810848236084
49035100306,28.540006637573242
49035101000,18.177650451660156
49035101102,21.243803024291992
49035101200,19.24650001525879
49035101500,22.355209350585938
49035103000,24.062971115112305
49035103400,19.264711380004883
49035103600,16.046825408935547
49035104000,16.761388778686523
49035104900,23.269062042236328
49035110103,11.286030769348145
49035110600,12.363718032836914
49035110800,18.337265014648438
49035111002,18.053850173950195
49035111304,14.866157531738281
49035111500,30.013322830200195
49035111802,21.70577049255371
49035112404,29.761316299438477
49035112604,19.033893585205078
49035112605,22.141178131103516
49035112608,15.160444259643555
49035112610,20.71728515625
49035112615,12.0652494430542
49035112816,16.329038619995117
49035112916,25.717823028564453
49035113008,15.021139144897461
49035113011,13.9906587600708
49035113013,14.813393592834473
49035113014,16.905975341796875
49035113101,22.151569366455078
49035113308,26.63155746459961
49035113407,21.146732330322266
49035113413,20.0501708984375
49035113509,23.791061401367188
49035113515,20.145355224609375
49035113701,22.044063568115234
49035113802,23.98581314086914
49035114000,23.191925048828125
49039972100,23.794160842895508
49043964102,18.588523864746094
49043964401,18.4641056060791
49045130600,33.95804214477539
49045131100,16.982101440429688
49047968200,17.320119857788086
49047968302,16.424278259277344
49049000103,18.55113410949707
49049000508,22.762359619140625
49049000707,21.524747848510742
49049000708,15.184545516967773
49049000801,26.59709358215332
49049001108,32.55195617675781
49049001202,25.95611572265625
49049001300,22.934370040893555
49049001501,17.01176643371582
49049001603,25.357955932617188
49049001803,32.42761993408203
49049002000,26.615646362304688
49049002207,22.188060760498047
49049002300,29.5074462890625
49049002701,23.28962516784668
49049002702,26.071691513061523
49049003002,16.7605037689209
49049003203,14.692689895629883
49049003204,22.793264389038086
49049010105,15.696671485900879
49049010214,18.781173706054688
49049010410,14.707634925842285
49049010411,15.126212120056152
49053270200,18.05602264404297
49053270802,17.37198257446289
49053271701,14.931341171264648
49055979100,18.40751838684082
49057200100,18.92342758178711
49057200900,29.962337493896484
49057201400,17.819908142089844
49057201900,27.320781707763672
49057210203,15.396169662475586
49057210402,17.614675521850586
49057210403,11.708727836608887
49057210510,17.504337310791016
49057210511,19.438987731933594
49057210703,19.236101150512695
49057211000,19.228641510009766
50001960100,14.86142349243164
50001960300,21.115812301635742
50003970400,17.785717010498047
50005957000,17.477567672729492
50005957100,20.58854866027832
50005957200,23.390491485595703
50005957400,20.157995223999023
50005957600,12.898836135864258
50005957700,25.647809982299805
50007000100,15.788296699523926
50007000400,27.338537216186523
50007000900,21.200658798217773
50007002102,19.008455276489258
50007002601,17.97503089904785
50007002701,18.78595733642578
50007002702,15.138789176940918
50007002800,13.024998664855957
50007002900,14.586065292358398
50007003301,12.99128532409668
50011010100,19.899580001831055
50011010200,22.16581153869629
50011010500,14.978824615478516
50015953100,17.069416046142578
50015953500,20.86100959777832
50017959102,11.789708137512207
50017959200,18.959352493286133
50019951100,20.102331161499023
50019951400,17.208215713500977
50019951700,20.060213088989258
50019952000,16.790773391723633
50021963400,15.230299949645996
50021963600,19.48333740234375
50021963800,16.525739669799805
50023954100,20.204294204711914
50023954300,18.815994262695312
50023954400,17.010696411132812
50023954900,15.228899955749512
50023955600,18.549373626708984
50027965400,15.981307983398438
50027965501,14.720136642456055
50027966000,17.709331512451172
50027966600,16.43214988708496
51001090300,17.246854782104492
51003011202,14.363303184509277
51007930200,16.527389526367188
51009010300,15.756003379821777
51009010401,19.765708923339844
51009010503,20.127702713012695
51011040100,17.941274642944336
51011040200,14.364753723144531
51013101200,18.725019454956055
51013101603,20.895769119262695
51013102802,14.537891387939453
51013103200,23.752519607543945
51013103502,24.34227180480957
51015070700,14.85563850402832
51017920100,15.942170143127441
51019030104,15.112065315246582
51019030401,12.487486839294434
51019030503,7.907218933105469
51019030504,12.991565704345703
51025930201,18.590312957763672
51027010100,18.02931022644043
51027010200,17.861862182617188
51027010400,16.61935043334961
51027010500,16.60858726501465
51027010600,15.919194221496582
51029930202,16.563905715942383
51031020401,23.32632064819336
51031020402,18.796920776367188
51031020600,15.250072479248047
51033030400,17.59194564819336
51035080100,11.822944641113281
51035080200,16.0057373046875
51036600200,18.986610412597656
51036600300,16.316123962402344
51037930200,14.787551879882812
51041100107,36.43584060668945
51041100205,27.66827392578125
51041100404,35.33173751831055
51041100701,22.745468139648438
51041100703,15.85836410522461
51041100807,18.33799934387207
51041100819,22.812198638916016
51041100902,11.762619018554688
51041100921,19.973031997680664
51041100924,12.440366744995117
51041100929,12.174023628234863
51041100931,10.008359909057617
51041100935,10.608565330505371
51041101011,15.615416526794434
51047930400,19.07101821899414
51047930502,25.5602970123291
51051040400,14.363536834716797
51053840300,23.080551147460938
51053840400,21.979480743408203
51059415402,13.240808486938477
51059415800,9.533916473388672
51059416000,23.54474639892578
51059416200,26.02157974243164
51059420100,20.270057678222656
51059420300,17.362918853759766
51059420400,27.876554489135742
51059420700,16.441848754882812
51059421200,12.261079788208008
51059421500,25.07724952697754
51059422201,13.760759353637695
51059422202,23.521976470947266
51059422402,18.3304443359375
51059422403,14.267871856689453
51059430400,16.1622257232666
51059430801,14.909024238586426
51059431900,13.72428035736084
51059432500,11.800179481506348
51059440201,28.87225341796875
51059451100,16.619054794311523
51059451502,26.82012176513672
51059452101,20.377544403076172
51059452801,26.772245407104492
51059460600,11.731636047363281
51059461202,20.426084518432617
51059461602,27.141887664794922
51059470600,14.496964454650879
51059471100,20.510847091674805
51059471201,22.36907196044922
51059471202,23.289833068847656
51059480505,20.886356353759766
51059480902,26.920063018798828
51059481000,30.90223503112793
51059481201,11.258475303649902
51059481202,27.43292999267578
51059482100,19.3248233795166
51059482203,20.252973556518555
51059482303,14.165576934814453
51059491101,12.238269805908203
51059491301,23.174312591552734
51059491401,22.924102783203125
51059491602,22.67262077331543
51059491704,28.715167999267578
51059491801,22.740636825561523
51061930302,19.383586883544922
51061930303,14.970736503601074
51069050300,13.528014183044434
51069050500,15.755596160888672
51073100201,17.104421615600586
51073100500,14.055402755737305
51077060300,12.198776245117188
51081880101,16.563095092773438
51081880200,18.28301429748535
51085320801,12.947724342346191
51085321401,16.00933837890625
51087200112,14.039549827575684
51087200120,17.03430938720703
51087200122,13.968184471130371
51087200125,31.975221633911133
51087200127,14.842151641845703
51087200128,20.966938018798828
51087200201,15.76499080657959
51087200303,22.922962188720703
51087200413,12.84961986541748
51087200501,22.365585327148438
51087200903,21.983041763305664
51087201501,22.502681732177734
51087201701,18.64499855041504
51089010500,17.714942932128906
51089010700,16.516014099121094
51089011000,17.892431259155273
51091970100,17.190649032592773
51093280101,16.807323455810547
51093280104,14.801998138427734
51093280300,16.540658950805664
51095080203,15.442642211914062
51095080205,24.094295501708984
51095080303,15.489046096801758
51095080402,15.670913696289062
51099040100,19.694272994995117
51105950400,28.498685836791992
51105950600,27.724815368652344
51107610201,15.922253608703613
51107610504,21.81559944152832
51107610507,14.163750648498535
51107610701,15.484735488891602
51107611010,6.425619602203369
51107611803,18.333303451538086
51107611806,17.52827262878418
51107611900,18.693889617919922
51117930500,14.445762634277344
51117930700,14.397247314453125
51121020201,23.071975708007812
51121020202,23.00533103942871
51121020500,19.4241886138916
51121021400,17.496341705322266
51127700100,15.117327690124512
51133020300,10.65239143371582
51137110104,16.667104721069336
51137110300,19.1635684967041
51139030400,15.543791770935059
51141030200,14.503952026367188
51141030302,14.492650985717773
51143010700,14.75401782989502
51143011001,17.7037296295166
51143011100,18.242687225341797
51143011200,17.732288360595703
51147930100,23.046295166015625
51149850301,22.235422134399414
51153900201,25.217464447021484
51153900203,36.438690185546875
51153900403,23.785730361938477
51153900408,23.398197174072266
51153900409,24.420917510986328
51153900702,23.992446899414062
51153901001,20.572568893432617
51153901010,16.29903221130371
51153901012,11.582972526550293
51153901226,21.24696159362793
51153901227,23.583654403686523
51153901229,20.887588500976562
51153901237,22.756919860839844
51153901303,18.292016983032227
51153901304,17.7542724609375
51153901306,15.468268394470215
51153901411,15.865853309631348
51153901415,16.302400588989258
51153901416,18.394807815551758
51153901503,13.519184112548828
51153901508,26.13321304321289
51161030201,13.594348907470703
51161030203,13.001835823059082
51161030702,17.58510971069336
51161031102,20.929521560668945
51161031202,12.267775535583496
51163930200,12.903270721435547
51165010500,21.508787155151367
51167030500,14.916028022766113
51169030100,15.686088562011719
51171040202,13.380536079406738
51171040400,12.411225318908691
51173030400,14.207559585571289
51175200100,15.42970085144043
51175200400,17.719940185546875
51175200500,16.483646392822266
51177020105,13.770709037780762
51177020107,16.457494735717773
51177020111,19.884675979614258
51177020204,16.71009063720703
51177020307,22.620441436767578
51177020308,18.38943862915039
51177020404,18.919836044311523
51177020405,14.410905838012695
51179010205,18.365306854248047
51179010301,16.72214126586914
51179010404,19.304487228393555
51179010406,20.916034698486328
51179010502,16.03911590576172
51185020200,18.295320510864258
51185020400,16.338531494140625
51185020700,14.551569938659668
51185020800,17.166112899780273
51185021100,15.673623085021973
51187020700,14.252673149108887
51191010200,17.019737243652344
51191010502,21.40912437438965
51191010700,17.054536819458008
51195931000,19.340051651000977
51195931400,15.89881420135498
51195931600,18.663658142089844
51197050100,16.919384002685547
51197050401,15.472463607788086
51199050203,18.052169799804688
51199050305,14.606989860534668
51199050900,22.84942626953125
51510200106,21.335256576538086
51510200405,30.713214874267578
51510201500,10.358426094055176
51510202001,11.691991806030273
51510202002,19.242460250854492
51520020200,20.621702194213867
51540000202,33.52174377441406
51540000302,22.56842613220215
51540000900,18.510557174682617
51550020001,12.7099027633667
51550020400,26.544246673583984
51550021004,17.871299743652344
51550021010,17.48268699645996
51550021011,11.14154052734375
51550021302,19.392274856567383
51550021401,24.589393615722656
51550021403,26.000354766845703
51550021602,25.1302433013916
51590000400,24.30280876159668
51590000600,23.847511291503906
51600300300,20.52107810974121
51600300400,21.594825744628906
51610500300,22.369182586669922
51630000100,19.350847244262695
51650010103,15.630574226379395
51650010313,33.98147964477539
51650010502,29.948678970336914
51650011400,43.37834548950195
51670820400,18.82467269897461
51670820600,25.405555725097656
51680000100,17.41632080078125
51680000202,24.201093673706055
51680000700,25.224740982055664
51680001100,26.380014419555664
51680001800,18.9538516998291
51683910100,19.861534118652344
51685920100,21.55231475830078
51700030400,28.759464263916016
51700031100,24.194089889526367
51700032001,11.151937484741211
51700032005,16.229961395263672
51700032224,26.435283660888672
51710000201,27.41705894470215
51710001600,27.19902229309082
51710001700,23.666566848754883
51710002700,30.23685646057129
51710002900,32.04269027709961
51710003100,26.640365600585938
51710003800,26.93084144592285
51710004002,21.84087371826172
51710004300,28.85143280029297
51710004400,24.362817764282227
51710004800,34.77274703979492
51710005500,25.721683502197266
51710005602,25.82716941833496
51710005702,22.393644332885742
51710005901,34.79984664916992
51710006100,24.153453826904297
51710006200,23.870115280151367
51710006400,23.517179489135742
51730810700,22.553577423095703
51730811100,24.401493072509766
51730811200,26.509138107299805
51735340200,14.476740837097168
51740211600,21.574718475341797
51740212802,16.68604850769043
51740212900,17.181123733520508
51740213002,17.440570831298828
51740213104,20.439083099365234
51740213200,25.602890014648438
51760020700,24.520666122436523
51760030100,30.931894302368164
51760040700,25.412200927734375
51760041400,23.202171325683594
51760060700,29.367198944091797
51760061000,30.345975875854492
51760070801,28.543041229248047
51760071001,35.039588928222656
51760071002,25.482141494750977
51770000602,23.202171325683594
51770002400,22.732397079467773
51775010502,13.42772388458252
51790000200,21.758588790893555
51800065100,25.679767608642578
51800065500,24.24376106262207
51800075201,12.356178283691406
51800075202,14.25564193725586
51800075301,11.650136947631836
51800075402,21.249977111816406
51810041002,23.988088607788086
51810042201,14.60555648803711
51810042202,15.234137535095215
51810042400,18.59812355041504
51810042600,23.822420120239258
51810043003,14.16805362701416
51810043800,14.598610877990723
51810044001,31.185688018798828
51810044003,20.668935775756836
51810044004,28.325292587280273
51810044402,20.046342849731445
51810045408,26.629121780395508
51810045414,26.95858383178711
51810045427,21.48271942138672
51810045603,28.19417381286621
51810046005,22.68235206604004
51810046009,15.043686866760254
51810046011,22.844717025756836
51810046216,18.604028701782227
51810046217,19.167470932006836
51830370100,18.463552474975586
51840000202,18.14415168762207
51840000301,23.486919403076172
53003960100,15.594420433044434
53003960500,20.595842361450195
53005010201,13.692001342773438
53005010805,16.372684478759766
53005010809,24.62883949279785
53005010814,10.884602546691895
53005011001,22.42058563232422
53005011100,21.620046615600586
53005011401,24.14128875732422
53005011504,15.163541793823242
53005011600,32.206268310546875
53005011800,20.622413635253906
53007960600,18.25688934326172
53007960700,14.315170288085938
53007960802,20.291746139526367
53009000700,18.3643798828125
53009000800,19.364748001098633
53009001000,18.14935302734375
53009001200,16.620166778564453
53011040202,13.571294784545898
53011040203,13.320404052734375
53011040409,10.257100105285645
53011040414,20.89226722717285
53011040509,19.73685073852539
53011040806,17.53675651550293
53011040808,20.065433502197266
53011041112,24.97753143310547
53011041201,24.667240142822266
53011041206,19.945554733276367
53011041319,20.134241104125977
53011041330,21.629201889038086
53011041900,18.87137794494629
53011042100,21.643301010131836
53015000400,21.046934127807617
53015000601,22.210124969482422
53015000800,13.974143981933594
53015000900,18.403514862060547
53015001501,13.041796684265137
53015001600,14.865885734558105
53015001800,15.394210815429688
53019970200,22.876651763916016
53021020605,19.004968643188477
53021020800,26.048845291137695
53023970300,17.40740966796875
53025010600,23.812665939331055
53025010700,24.431625366210938
53025011000,18.5969295501709
53025011200,16.462520599365234
53025011402,35.43227767944336
53027001500,21.11703872680664
53029970602,21.551820755004883
53029970900,30.048442840576172
53029971400,11.079041481018066
53029971900,11.539359092712402
53029972000,12.45273494720459
53031950202,15.580455780029297
53031950400,15.915947914123535
53031950601,13.938965797424316
53031950702,15.227416038513184
53033000800,16.063203811645508
53033001200,24.644088745117188
53033001300,20.711231231689453
53033001600,13.64480209350586
53033001701,19.899866104125977
53033001702,20.382295608520508
53033003600,19.43421745300293
53033004301,18.974376678466797
53033005200,24.7768497467041
53033005301,32.00066375732422
53033005801,21.08810806274414
53033006100,19.7821044921875
53033006400,15.34230899810791
53033007000,19.49042320251465
53033007401,22.14731216430664
53033008400,22.9887752532959
53033010002,23.52378273010254
53033010100,22.09488868713379
53033010500,17.962703704833984
53033011001,23.9078311920166
53033011402,22.56296730041504
53033011600,15.409289360046387
53033011900,21.87278938293457
53033012000,14.67830753326416
53033012100,13.653603553771973
53033020200,18.18558120727539
53033021903,21.411714553833008
53033021904,19.99327278137207
53033022102,16.896377563476562
53033022202,21.261478424072266
53033022500,18.11132049560547
53033022801,27.879592895507812
53033022803,24.574403762817383
53033023202,24.307010650634766
53033023803,25.07821273803711
53033023900,17.14293670654297
53033024300,16.106407165527344
53033024800,24.71297264099121
53033025200,20.76432228088379
53033025500,26.249895095825195
53033025805,27.181827545166016
53033025806,22.798538208007812
53033026200,28.626663208007812
53033026300,23.00191879272461
53033026600,24.2913818359375
53033027800,13.396492004394531
53033028200,31.404510498046875
53033028300,23.624908447265625
53033028402,30.217527389526367
53033029307,18.78834342956543
53033029405,19.5275821685791
53033030100,18.38779067993164
53033030305,19.218141555786133
53033030309,24.698537826538086
53033030312,23.830171585083008
53033030501,23.58392333984375
53033030503,25.111167907714844
53033031301,18.28694725036621
53033031909,17.358314514160156
53033032002,16.380008697509766
53033032007,18.83479118347168
53033032213,12.841927528381348
53033032313,26.401281356811523
53033032325,24.03201675415039
53033032500,17.05384063720703
53033032601,19.2147159576416
53033032602,15.430608749389648
53033032702,14.652289390563965
53033032704,18.523542404174805
53035080102,25.540830612182617
53035080700,16.183921813964844
53035080800,32.19987869262695
53035081000,22.373567581176758
53035081200,23.805910110473633
53035090300,31.877674102783203
53035091100,17.026805877685547
53035091302,15.587233543395996
53035092300,21.09441375732422
53035092901,17.75558090209961
53035092902,17.934417724609375
53037975200,15.296360969543457
53037975300,14.2218017578125
53037975401,26.51378059387207
53041970200,13.700409889221191
53041970300,21.067001342773438
53041970700,23.403955459594727
53045960100,16.04729461669922
53045960300,20.718626022338867
53045960500,13.139910697937012
53045960800,22.3245849609375
53045960900,21.519813537597656
53045961100,13.349438667297363
53047970500,15.866090774536133
53047970700,25.397905349731445
53053060700,19.179365158081055
53053060906,15.335893630981445
53053061400,32.16542053222656
53053061500,22.643381118774414
53053062801,27.838647842407227
53053062802,23.22911262512207
53053063200,22.85232162475586
53053063300,26.8197021484375
53053070100,17.200746536254883
53053070207,18.82381820678711
53053070312,16.204397201538086
53053070404,19.21058464050293
53053071207,27.30040168762207
53053071309,22.44827651977539
53053071403,22.019582748413086
53053071407,21.338876724243164
53053072106,24.148517608642578
53053072108,22.1918888092041
53053072310,24.30324363708496
53053072405,14.356365203857422
53053072408,15.799001693725586
53053072504,15.837148666381836
53053072507,13.871816635131836
53053072906,15.704124450683594
53053073001,19.86935043334961
53053073006,15.071307182312012
53053073111,22.381805419921875
53053073113,20.22695541381836
53053073121,21.268491744995117
53053073122,22.033916473388672
53053073124,21.477901458740234
53053073200,16.46782684326172
53053073404,19.653940200805664
53053940008,20.180564880371094
53055960100,22.326873779296875
53055960500,18.64361000061035
53057940200,11.376309394836426
53057940800,13.902556419372559
53057951000,15.844422340393066
53057951300,18.287336349487305
53057951700,22.978857040405273
53057952302,18.92572784423828
53057952500,24.916536331176758
53061040200,23.23830795288086
53061041000,21.831308364868164
53061041304,16.006383895874023
53061041607,16.45089340209961
53061041701,23.17963981628418
53061041808,24.896221160888672
53061041812,22.78791618347168
53061041903,26.095895767211914
53061041904,30.69384765625
53061042005,12.767664909362793
53061042006,24.760150909423828
53061050102,24.40361785888672
53061050401,17.119840621948242
53061051100,21.476438522338867
53061051300,22.343172073364258
53061051500,22.041240692138672
53061051804,21.588481903076172
53061051923,19.493741989135742
53061051926,15.908544540405273
53061051927,17.620512008666992
53061052113,13.712124824523926
53061052118,15.344842910766602
53061052402,24.2108097076416
53061052502,17.028404235839844
53061052607,15.638054847717285
53061052708,17.70244789123535
53061053102,15.444704055786133
53061053506,15.216192245483398
53061053602,16.563385009765625
53061053801,21.12975311279297
53063000600,16.36502456665039
53063000900,17.38404083251953
53063001400,22.718534469604492
53063001800,20.28643798828125
53063001900,20.908641815185547
53063002500,29.427757263183594
53063003200,20.469045639038086
53063004602,15.026993751525879
53063004700,19.454917907714844
53063010301,20.304838180541992
53063010305,13.284075736999512
53063010503,12.193897247314453
53063010602,13.673627853393555
53063011701,19.30462074279785
53063012100,18.33629608154297
53063012200,18.532533645629883
53063012402,11.911133766174316
53063012500,23.68927764892578
53063012600,20.54275131225586
53063013000,19.99308204650879
53063013202,13.099626541137695
53063013500,12.4976224899292
53063013900,21.874862670898438
53065950700,22.74831199645996
53065950800,13.67208480834961
53065950900,13.005988121032715
53065951100,13.254213333129883
53067010200,18.26923370361328
53067010520,21.586624145507812
53067010800,22.1182804107666
53067011200,24.61317253112793
53067011410,21.892141342163086
53067011420,22.93671989440918
53067011710,16.836519241333008
53067012000,16.245975494384766
53067012100,12.478273391723633
53067012211,16.63174819946289
53067012530,17.63123893737793
53067012720,18.717710494995117
53071920702,17.704669952392578
53073000400,16.983505249023438
53073000804,15.616768836975098
53073000806,15.223697662353516
53073010702,21.10972023010254
53075000800,13.852688789367676
53077000200,30.463603973388672
53077000300,22.78719711303711
53077001702,22.3150634765625
53077001902,22.311676025390625
53077002200,19.16111946105957
53077002900,18.497617721557617
53077940003,30.341087341308594
54001965600,25.649518966674805
54003971201,15.346211433410645
54003971300,20.12175178527832
54003971600,21.844661712646484
54003971700,20.280412673950195
54003971900,18.70155906677246
54003972000,17.64682960510254
54009031200,16.957500457763672
54009031600,17.467275619506836
54011001800,23.46529769897461
54011010102,18.464374542236328
54011010500,25.437862396240234
54011010900,25.350101470947266
54019020900,26.987709045410156
54021967800,19.903045654296875
54023969600,21.864622116088867
54031970100,22.24082374572754
54031970300,27.43695068359375
54033030200,19.8862247467041
54033030300,25.385364532470703
54033031000,18.776826858520508
54033031400,22.945411682128906
54033031500,22.713899612426758
54033032000,26.423221588134766
54037972402,18.506593704223633
54037972503,16.696550369262695
54037972506,19.533504486083984
54039000200,19.742305755615234
54039000800,23.640544891357422
54039001100,22.19391632080078
54039001700,19.292715072631836
54039001800,16.944007873535156
54039001902,13.603933334350586
54039010300,20.02328109741211
54039010802,22.76721954345703
54039012300,22.077133178710938
54039013100,19.776437759399414
54039013300,15.717262268066406
54039013400,19.465761184692383
54041967400,17.440439224243164
54043955700,38.920799255371094
54045956600,30.909957885742188
54047953800,38.555564880371094
54047954504,39.822269439697266
54049020100,24.520923614501953
54049021000,20.920936584472656
54049021600,24.04056167602539
54051020900,25.437280654907227
54051021000,18.424795150756836
54053955000,18.52457046508789
54053955102,25.851795196533203
54055001100,24.808652877807617
54055001800,27.32755470275879
54055002000,25.558826446533203
54057010500,22.014892578125
54059957100,39.862884521484375
54059957600,39.29032897949219
54061010102,33.79252624511719
54061010202,25.89688491821289
54061011100,20.266765594482422
54061011600,20.221660614013672
54061011900,14.789833068847656
54063950100,22.655275344848633
54063950300,27.41121482849121
54065970700,23.79405403137207
54067950100,15.373764991760254
54067950600,12.762334823608398
54071970500,20.38351058959961
54071970600,21.99013900756836
54073962100,13.497564315795898
54075960102,19.03828239440918
54075960200,26.427785873413086
54077964000,20.92620277404785
54079020300,17.979736328125
54079020601,14.669595718383789
54079020604,15.05935001373291
54081000400,20.91059112548828
54083966300,25.08534812927246
54085962500,22.92696762084961
54087963100,13.988412857055664
54091964600,21.084550857543945
54091964700,18.48657989501953
54091964800,24.2827205657959
54095961900,20.042837142944336
54097966600,24.6910343170166
54097966700,18.802928924560547
54097966800,19.996667861938477
54101970300,22.317338943481445
54103030700,18.491336822509766
54103030800,19.760337829589844
54107000100,18.514881134033203
54107000702,20.205705642700195
54107000903,18.26648712158203
54107010102,14.968414306640625
54107010702,15.959790229797363
55001950100,7.220419883728027
55001950202,7.621230602264404
55001950502,14.558206558227539
55005000200,13.441765785217285
55005000900,12.872034072875977
55009000402,13.291603088378906
55009000700,20.096420288085938
55009001200,31.0737361907959
55009001300,23.029382705688477
55009001400,20.792537689208984
55009001701,24.787857055664062
55009002001,13.147768020629883
55009010300,15.980867385864258
55009020203,12.690393447875977
55009020503,13.898231506347656
55009020600,12.818551063537598
55009020702,14.019613265991211
55009021000,10.025904655456543
55009021302,12.40744686126709
55009021303,22.11473846435547
55009940001,13.801025390625
55015020500,13.65029525756836
55015020700,9.833758354187012
55015020800,15.721855163574219
55017010400,10.284185409545898
55017010800,14.423266410827637
55019950100,15.878332138061523
55019950300,13.100587844848633
55021970200,13.555213928222656
55021970300,17.204648971557617
55021970900,11.885260581970215
55021971200,14.633811950683594
55025000204,19.151334762573242
55025000503,22.106197357177734
55025000600,29.801254272460938
55025000800,13.967646598815918
55025001000,14.411157608032227
55025001101,34.124412536621094
55025001402,27.837087631225586
55025001804,24.18983268737793
55025001900,20.953895568847656
55025002301,22.084081649780273
55025002402,25.22075843811035
55025002700,12.79852294921875
55025002900,16.13640594482422
55025003001,13.15986442565918
55025003002,27.45704460144043
55025010100,10.900110244750977
55025010200,9.790380477905273
55025010502,14.788179397583008
55025010903,16.815608978271484
55025011101,21.680923461914062
55025011102,17.57880210876465
55025012202,13.001770973205566
55025012400,9.763883590698242
55027961500,11.902746200561523
55027961600,13.785175323486328
55031020400,13.334758758544922
55031021000,17.57501220703125
55031030200,11.383443832397461
55035000400,20.439783096313477
55035000600,19.837081909179688
55035000900,19.64212417602539
55035001700,17.813600540161133
55039041000,11.150187492370605
55039042200,12.982945442199707
55043960200,16.469398498535156
55043960500,12.012232780456543
55043960700,15.154277801513672
55043961000,18.71610450744629
55043961200,11.268476486206055
55045960500,18.647933959960938
55045960700,12.421272277832031
55045960800,15.314533233642578
55047100400,12.579859733581543
55055100100,15.418349266052246
55055101100,19.26019859313965
55055101300,14.309990882873535
55055101500,15.486557960510254
55057100300,9.971391677856445
55057100700,16.466646194458008
55059000100,23.993919372558594
55059000400,20.262849807739258
55059000900,33.167537689208984
55059001300,25.985179901123047
55059002500,17.919404983520508
55059002800,13.873098373413086
55063000100,19.39041519165039
55063000400,27.71556854248047
55063000900,20.90570831298828
55067960500,9.8003511428833
55069960800,16.101715087890625
55069960900,18.59729766845703
55071000600,14.2291259765625
55071000700,16.483171463012695
55073000100,25.773685455322266
55073001202,12.6615571975708
55073001600,9.445833206176758
55073001700,10.762882232666016
55075960600,10.64225959777832
55075960800,11.838142395019531
55075960900,8.541138648986816
55075961500,15.819015502929688
55079000202,24.59563446044922
55079000301,9.693916320800781
55079000302,29.248849868774414
55079001000,27.98222541809082
55079001100,31.046541213989258
55079001400,31.931211471557617
55079001500,29.14628028869629
55079002200,25.57717514038086
55079002700,28.548269271850586
55079003000,23.771202087402344
55079003300,28.25692367553711
55079003600,27.020442962646484
55079004800,30.689023971557617
55079005200,20.262035369873047
55079005500,14.43148422241211
55079005900,30.31011199951172
55079006200,34.962013244628906
55079006800,30.93708610534668
55079007600,19.623369216918945
55079007700,25.57480239868164
55079008700,34.7458610534668
55079009100,39.35659408569336
55079009500,21.799917221069336
55079011200,21.799156188964844
55079011400,22.41398048400879
55079013500,41.3553466796875
55079013700,40.562747955322266
55079015700,36.629180908203125
55079016200,30.2454891204834
55079016300,34.90533447265625
55079016400,34.68467330932617
55079016800,36.00352478027344
55079017500,35.53760528564453
55079018000,24.23316192626953
55079018200,17.243030548095703
55079019000,23.034997940063477
55079019500,17.50078773498535
55079019700,21.32883644104004
55079019900,17.352624893188477
55079020800,18.852441787719727
55079021100,17.11262321472168
55079021400,28.49226951599121
55079021800,21.990694046020508
55079035200,12.035904884338379
55079050101,14.231278419494629
55079080300,14.364907264709473
55079091100,11.256105422973633
55079091300,11.818259239196777
55079101100,18.55230140686035
55079101300,16.119346618652344
55079120300,17.05185890197754
55079130200,14.484593391418457
55079160203,19.775741577148438
55079170500,18.91453742980957
55079180300,24.967605590820312
55079185400,38.015838623046875
55079185600,29.792327880859375
55079185800,29.47823143005371
55079187300,12.718040466308594
55081950200,11.066523551940918
55081950900,12.564659118652344
55087010300,21.762271881103516
55087010700,15.651009559631348
55087010800,14.81065559387207
55087011000,24.415176391601562
55087011102,20.748245239257812
55087011501,9.763097763061523
55087011600,11.266252517700195
55087011700,14.174141883850098
55087012503,9.458601951599121
55087012504,12.274757385253906
55087012601,13.336640357971191
55087012700,15.698654174804688
55087012800,12.695571899414062
55087012901,11.213048934936523
55087012902,10.713897705078125
55089610101,13.964381217956543
55089630201,10.990166664123535
55091950100,12.732714653015137
55093960200,12.976168632507324
55095960300,11.458293914794922
55097960200,11.354042053222656
55101000901,18.18979835510254
55101001002,17.060832977294922
55101001100,15.702152252197266
55101001202,24.57242202758789
55101001504,16.939741134643555
55101001602,9.973640441894531
55101001701,21.82958984375
55101001705,12.105193138122559
55101001900,12.045645713806152
55101002701,16.704896926879883
55103970500,12.815174102783203
55105000300,30.857791900634766
55105000400,26.138072967529297
55105001000,28.036121368408203
55105001304,19.95456314086914
55105001400,20.553739547729492
55105001500,27.805065155029297
55105002100,20.160776138305664
55105002400,13.272470474243164
55105002500,20.886884689331055
55105003100,16.526081085205078
55107960500,16.635326385498047
55109120300,11.90182876586914
55109120904,9.63926887512207
55109121000,12.83225154876709
55111000100,20.18507194519043
55111000700,15.643671989440918
55111000900,11.225481986999512
55111001001,17.735301971435547
55115100800,14.139514923095703
55117000300,13.016505241394043
55117000900,18.161636352539062
55117001000,15.236666679382324
55117010100,13.05313777923584
55117010502,13.781285285949707
55117011300,11.961897850036621
55119960300,10.61233139038086
55121100100,13.71600341796875
55123960300,12.205732345581055
55123960700,9.0131254196167
55127000200,12.746910095214844
55127000502,22.032573699951172
55127000600,17.662809371948242
55127000701,22.378381729125977
55127000902,22.483064651489258
55127001000,14.85124397277832
55127001501,17.069515228271484
55127001701,18.847400665283203
55129950500,24.895706176757812
55131400103,11.726764678955078
55131420300,16.758718490600586
55131420401,16.914621353149414
55131440103,11.827157020568848
55131440105,10.072246551513672
55133200201,10.040803909301758
55133200500,9.542250633239746
55133200901,9.847959518432617
55133201203,10.300861358642578
55133202002,11.179160118103027
55133202103,12.28459644317627
55133203000,19.473613739013672
55133203200,12.206883430480957
55133203305,12.026202201843262
55133203306,19.21964454650879
55133203403,11.350872039794922
55133203802,11.376270294189453
55133203804,11.436002731323242
55133203901,12.989740371704102
55133204002,12.291889190673828
55133204200,13.819256782531738
55133204301,11.650568962097168
55133204501,12.015604972839355
55135100200,12.66850471496582
55135100400,14.07251262664795
55137960200,8.367537498474121
55137960400,10.59731388092041
55137960700,12.613442420959473
55137960800,15.999322891235352
55139000700,27.624841690063477
55139002202,10.218156814575195
55139002700,15.479264259338379
55139002800,17.471538543701172
55139003000,15.22104263305664
55139003100,14.833333015441895
55139003200,11.41919994354248
55139003500,22.881893157958984
55141010300,16.571176528930664
55141010400,15.292323112487793
55141011100,15.568197250366211
55141011500,7.110899448394775
56001962700,16.88214111328125
56001962900,23.656816482543945
56001963000,27.721811294555664
56001963100,19.380775451660156
56001963600,19.957033157348633
56001963700,22.06978416442871
56001963900,18.291208267211914
56005000100,22.076677322387695
56005000200,19.082212448120117
56005000400,22.546911239624023
56007967800,18.074670791625977
56007968100,21.407888412475586
56009956700,24.48166847229004
56015957800,23.763124465942383
56025000800,18.371902465820312
56025001603,14.652691841125488
56025001800,20.93834686279297
56033000600,17.232433319091797
56037970903,26.039411544799805
56041975200,22.803909301757812
56045951300,20.364356994628906
72001956400,29.00844955444336
72001956800,29.666643142700195
72003430300,31.70920753479004
72003430601,34.737586975097656
72003430602,34.48950958251953
72005401301,31.199169158935547
72005401401,35.64704513549805
72007230200,31.746183395385742
72011810400,31.98769760131836
72011810500,31.726049423217773
72013300101,29.632417678833008
72013300200,34.3733024597168
72013300301,32.7214241027832
72013301200,26.84627342224121
72013301400,32.726688385009766
72013301500,29.358516693115234
72013302202,30.510469436645508
72015280102,35.313804626464844
72019952202,32.856693267822266
72019952302,31.278127670288086
72019952400,32.536685943603516
72021030904,29.656951904296875
72021031113,27.065715789794922
72021031114,37.17470169067383
72021031202,27.526134490966797
72021031304,31.556251525878906
72021031306,29.212669372558594
72021031402,28.3386287689209
72021031403,28.189685821533203
72021031501,27.879995346069336
72021031502,36.67949295043945
72021031503,27.667890548706055
72021031612,34.013916015625
72021031621,28.317928314208984
72021031641,31.329700469970703
72021031702,27.85918426513672
72021032100,36.169700622558594
72021032200,30.358753204345703
72025200600,27.28889274597168
72025200900,37.46567916870117
72025201500,29.426193237304688
72025201800,24.201040267944336
72025202300,29.04937744140625
72025202702,35.611331939697266
72027320100,32.44306182861328
72029100400,35.12392044067383
72029100502,29.61848258972168
72029100503,28.05047607421875
72029100602,36.21828079223633
72031050311,30.39209747314453
72031050321,30.66994285583496
72031050341,34.21063232421875
72031050402,32.406219482421875
72031050821,27.793540954589844
72031051102,36.10232162475586
72031051103,27.3936824798584
72031051104,24.593284606933594
72033020200,38.03529739379883
72033980005,24.887975692749023
72033980007,82.77123260498047
72035260902,35.30412673950195
72039955600,30.942916870117188
72039955800,32.873741149902344
72041240300,30.255035400390625
72043953900,32.730438232421875
72043954300,34.021175384521484
72043954400,30.00888442993164
72047530200,33.05471420288086
72051540700,32.217864990234375
72053150301,38.369056701660156
72054580100,33.1781005859375
72055961500,33.40311050415039
72057270300,30.988996505737305
72061040200,28.091630935668945
72061040301,21.844999313354492
72061040303,22.640132904052734
72063210100,30.31781005859375
72063210503,25.01458740234375
72065310400,29.631502151489258
72067820400,28.666215896606445
72069180201,32.02568817138672
72069180400,32.1399040222168
72069180700,34.526268005371094
72069180902,29.16677474975586
72071410200,33.177982330322266
72071410300,28.79979705810547
72075710500,28.658248901367188
72075710700,32.160797119140625
72075710800,31.853294372558594
72075710902,33.019710540771484
72077500301,32.18779373168945
72077500401,38.59556579589844
72079850102,30.38014793395996
72081957900,34.808021545410156
72081958000,28.88488006591797
72081958400,32.53548812866211
72083959700,30.732027053833008
72083959800,30.791322708129883
72085190202,31.936100006103516
72085190302,34.76736831665039
72087110200,40.842132568359375
72089140201,39.060081481933594
72091570300,35.31107711791992
72091570600,29.70256233215332
72093960200,35.28264236450195
72095951400,32.0755615234375
72095951500,36.40682601928711
72097080300,31.509706497192383
72097080800,34.7711296081543
72097081000,34.733131408691406
72097081200,41.69740676879883
72097081512,33.36349868774414
72097081522,27.53702163696289
72097082001,28.044078826904297
72099420200,31.150291442871094
72101955401,32.088653564453125
72105520100,33.33943176269531
72105520300,35.1805419921875
72105520500,33.80136489868164
72107954802,32.705108642578125
72107954902,36.30251693725586
72109290400,39.1812744140625
72111730300,30.026870727539062
72111730800,31.627634048461914
72113070202,37.78956604003906
72113070513,31.17371940612793
72113070514,28.70160675048828
72113071200,31.233009338378906
72113072600,31.822952270507812
72113073001,32.016021728515625
72113073006,31.365968704223633
72119130701,37.31874465942383
72123952600,32.8266487121582
72123953000,30.279401779174805
72127000400,40.37610626220703
72127000506,38.30241012573242
72127000900,26.53289222717285
72127002100,42.70709991455078
72127002200,37.00398254394531
72127002500,36.6573371887207
72127003100,43.90757751464844
72127003800,42.10132598876953
72127003902,40.23482131958008
72127004200,35.822715759277344
72127004400,44.996124267578125
72127005215,39.881317138671875
72127005401,25.583621978759766
72127005500,29.386953353881836
72127006600,43.64494705200195
72127006800,28.4266300201416
72127007500,37.85679626464844
72127008002,37.33566665649414
72127008201,50.734859466552734
72127008300,37.74351501464844
72127008700,47.66572570800781
72127009111,30.858196258544922
72127009121,24.67904281616211
72127009800,24.947141647338867
72127009902,31.010263442993164
72127009904,23.3878173828125
72127010032,32.92375564575195
72127010042,31.09514808654785
72127010100,30.899267196655273
72127010500,31.16374397277832
72129220501,30.099802017211914
72133953300,33.24922561645508
72135510503,28.700359344482422
72137120400,30.122533798217773
72137120700,31.047788619995117
72137122201,34.382652282714844
72139060104,29.323543548583984
72139060223,33.94120407104492
72139060302,31.127071380615234
72139060401,35.48806381225586
72139060404,22.13770866394043
72141956900,33.247154235839844
72141957100,32.334346771240234
72141957400,31.997983932495117
72145560100,35.613983154296875
72145560201,32.025970458984375
72145560300,30.448522567749023
72145560401,30.79909896850586
72145560402,29.50627326965332
72145560500,30.86955451965332
72145560801,33.041507720947266
72151950600,33.684814453125
72151951000,27.776756286621094
72151951100,31.32406234741211
72153750202,29.12247657775879
72153750300,26.457965850830078
